자치구,행정동_코드,행정동_코드_명,금융MBTI,군집,대표_아파트_단지,상권_유형,상권_원형,접근성_교통_키워드,상권_장점_키워드,상권_단점_리스크_키워드,주요_배후수요_특성,키워드_접근성인프라,키워드_소비배후수요,키워드_환경리스크,추천_유망_업종,비추천_주의_업종,타깃_업종,업종_공백,업종_강점,상권_한줄평,유형,사분면,기회_유형,기회점수,기회순위,배율,격차금액_분기,잔차_추세,기회_인사이트,해석주의,상주인구,직장인구,직주비,청년비율,청년인구비율,1인가구비율,아파트_평균_시가,아파트비중순위,지하철역,집객시설,경도,위도
강남구,11680510,신사동,자산안정형,2,"신현대(현대9·11·12차), 현대6·7차, 압구정하이츠",초고자산·트렌드명품형,고자산·아파트형,"3호선 압구정역·신사역, 성수대교·동호대교 인접, 도산대로 축선","대한민국 최고 수준의 초고자산가 배후, 도산공원·가로수길 등 트렌드 발신지, 객단가 최상위권","재건축 대기 아파트의 극심한 주차난 및 녹물/배관 노후, 초고가 임대료 및 권리금, 주말 외지인 과밀","전통 부유층, 전문직 고소득자, 패션/뷰티 종사자 및 2030 트렌드세터",#역세권 #집객시설밀집 #몰세권 #주차난 #공원·숲세권,#초고자산 #직장인밀집 #야간소비,#노후상권 #고임대료 #정비사업·공사 #주말공동화 #소비유출,"하이엔드 오마카세/파인다이닝, 고급 피부과/성형외과, 프리미엄 반려동물 케어, 에스테틱","저가 박리다매 매장, 무인 할인점, 생계형 분식점","[데이터] 식자재마트·정육·반찬가게 / 생활용품·무인점포·세탁  [현장키워드] 하이엔드 오마카세/파인다이닝, 고급 피부과/성형외과, 프리미엄 반려동물 케어, 에스테틱","식료품(×0.18), 생활용품(×0.37)","유흥(×2.66), 여가·문화(×2.40)",전통 부촌의 독보적 자산력과 전국 최고 트렌드 상권이 맞물려 객단가 극대화가 가능한 하이엔드 상권,저평가,안정(저평가),② 유출보완형 기회,83.3,6.0,0.4386963587471965,-50515511856.05046,0.0298109312431625,"[고자산·아파트형] 인구·인프라로 본 기대소비 대비 실제 ×0.44 (분기 약 505억 원 밑돎, 추세 보합). 유사 원형 동 대비 식료품(×0.18), 생활용품(×0.37) 비중이 낮아 해당 업종 공급 여지. 유흥(×2.66), 여가·문화(×2.40)은 이미 강세라 신규 진입 시 차별화 필요. 수요 대비 소비가 꾸준히 밖으로 샘 — 빠진 필수업종을 채우는 근린형 진입.",,14587.31,26976.08333333333,1.79282197460482,0.2540165846074112,0.2993859104395225,0.1675650313944663,1000774827.0,0.5047169811320755,1.0,260.0,127.02018221010984,37.52608123258473
강남구,11680521,논현1동,영앤레버리지형,0,"역삼럭키, 역삼푸르지오, 논현아크로힐스, 논현동고급빌라",도심오피스·야간유흥형,오피스·업무형,"2호선 역삼역·강남역, 9호선 언주역·신논현역 더블 역세권","테헤란로 IT/금융 대기업 직장인 밀집, 24시간 불야성 상권, 1인가구 직장인 배후수요 풍부","유흥가 및 주점 밀집으로 인한 야간 소음, 취객/치안 호불호, 빌라촌 주차난, 주말 오피스가 공동화",2030 IT/스타트업 직장인 1인가구 및 야간 상업 종사자,#다중역세권 #집객시설밀집 #주차난,#2030청년가구 #직장인밀집,#유흥가소음 #주말공동화 #소비유출,"회식형 고깃집/이자카야, 24시 배달전문점, 코인빨래방, 샐러드/포케 도시락, 피트니스","아동용품점, 유아/초등 학원, 대형 완구점","[데이터] 의류·잡화 편집숍 / 음식점·카페·배달전문점  [현장키워드] 회식형 고깃집/이자카야, 24시 배달전문점, 코인빨래방, 샐러드/포케 도시락, 피트니스","의류·신발(×0.33), 음식(×0.64)","의료비(×4.14), 교육(×3.81)",평일 낮 직장인 점심/카페 소비와 밤~새벽 야간 주점/배달 소비가 24시간 이어지는 고회전 상권,저평가,안정(저평가),② 유출보완형 기회,77.8,10.0,0.486313170422376,-39623225451.56957,-0.0071782856492879,"[오피스·업무형] 인구·인프라로 본 기대소비 대비 실제 ×0.49 (분기 약 396억 원 밑돎, 추세 보합). 유사 원형 동 대비 의류·신발(×0.33), 음식(×0.64) 비중이 낮아 해당 업종 공급 여지. 의료비(×4.14), 교육(×3.81)은 이미 강세라 신규 진입 시 차별화 필요. 수요 대비 소비가 꾸준히 밖으로 샘 — 빠진 필수업종을 채우는 근린형 진입.",,22827.685,41888.16666666666,2.1547913888359687,0.4313202514764717,0.442287784679089,0.3904494478951,409434418.0,0.7735849056603774,3.0,300.0,127.02650109404792,37.51187116329984
강남구,11680531,논현2동,영앤레버리지형,0,"역삼럭키, 역삼푸르지오, 논현아크로힐스, 논현동고급빌라",도심오피스·야간유흥형,오피스·업무형,"2호선 역삼역·강남역, 9호선 언주역·신논현역 더블 역세권","테헤란로 IT/금융 대기업 직장인 밀집, 24시간 불야성 상권, 1인가구 직장인 배후수요 풍부","유흥가 및 주점 밀집으로 인한 야간 소음, 취객/치안 호불호, 빌라촌 주차난, 주말 오피스가 공동화",2030 IT/스타트업 직장인 1인가구 및 야간 상업 종사자,#역세권 #집객시설밀집 #주차난,#2030청년가구 #직장인밀집,#유흥가소음 #주말공동화 #소비유출,"회식형 고깃집/이자카야, 24시 배달전문점, 코인빨래방, 샐러드/포케 도시락, 피트니스","아동용품점, 유아/초등 학원, 대형 완구점","[데이터] 피트니스·필라테스·키즈카페·공방  [현장키워드] 회식형 고깃집/이자카야, 24시 배달전문점, 코인빨래방, 샐러드/포케 도시락, 피트니스",여가·문화(×0.60),"생활용품(×3.36), 의료비(×2.98)",평일 낮 직장인 점심/카페 소비와 밤~새벽 야간 주점/배달 소비가 24시간 이어지는 고회전 상권,저평가,안정(저평가),② 유출보완형 기회,78.8,9.0,0.4102549953804306,-37734686966.27739,-0.0125075820324597,"[오피스·업무형] 인구·인프라로 본 기대소비 대비 실제 ×0.41 (분기 약 377억 원 밑돎, 추세 보합). 유사 원형 동 대비 여가·문화(×0.60) 비중이 낮아 해당 업종 공급 여지. 생활용품(×3.36), 의료비(×2.98)은 이미 강세라 신규 진입 시 차별화 필요. 수요 대비 소비가 꾸준히 밖으로 샘 — 빠진 필수업종을 채우는 근린형 진입.",,21461.48833333333,55625.583333333336,2.798713731651038,0.3550493396828514,0.3560838907973241,0.2614653769661905,559871538.0,0.7334905660377359,1.0,240.0,127.03620734636496,37.51523834181583
강남구,11680545,압구정동,자산안정형,2,"신현대(현대9·11·12차), 현대6·7차, 압구정하이츠",초고자산·트렌드명품형,고자산·아파트형,"3호선 압구정역·신사역, 성수대교·동호대교 인접, 도산대로 축선","대한민국 최고 수준의 초고자산가 배후, 도산공원·가로수길 등 트렌드 발신지, 객단가 최상위권","재건축 대기 아파트의 극심한 주차난 및 녹물/배관 노후, 초고가 임대료 및 권리금, 주말 외지인 과밀","전통 부유층, 전문직 고소득자, 패션/뷰티 종사자 및 2030 트렌드세터",#다중역세권 #집객시설밀집 #몰세권 #주차난 #공원·숲세권,#초고자산 #직장인밀집 #야간소비,#노후상권 #고임대료 #정비사업·공사 #주말공동화 #소비유출,"하이엔드 오마카세/파인다이닝, 고급 피부과/성형외과, 프리미엄 반려동물 케어, 에스테틱","저가 박리다매 매장, 무인 할인점, 생계형 분식점","[데이터] 식자재마트·정육·반찬가게  [현장키워드] 하이엔드 오마카세/파인다이닝, 고급 피부과/성형외과, 프리미엄 반려동물 케어, 에스테틱",식료품(×0.23),"의류·신발(×4.08), 유흥(×3.04)",전통 부촌의 독보적 자산력과 전국 최고 트렌드 상권이 맞물려 객단가 극대화가 가능한 하이엔드 상권,저평가,안정(저평가),② 유출보완형 기회,,,0.1357620496257454,-272209678869.08292,-0.0109662554787522,"[고자산·아파트형] 인구·인프라로 본 기대소비 대비 실제 ×0.14 (분기 약 2,722억 원 밑돎, 추세 보합). 유사 원형 동 대비 식료품(×0.23) 비중이 낮아 해당 업종 공급 여지. 의류·신발(×4.08), 유흥(×3.04)은 이미 강세라 신규 진입 시 차별화 필요. 수요 대비 소비가 꾸준히 밖으로 샘 — 빠진 필수업종을 채우는 근린형 진입. ※ 배율 극단(×0.25↓): 인접 거대상권 흡수·재건축 이주 가능성, 인접 동과 묶어 해석","배율 극단(×0.25↓): 인접 거대상권 흡수·재건축 이주 가능성, 인접 동과 묶어 해석",22615.3675,43368.083333333336,1.932654389524867,0.2153221792564799,0.2389181385869565,0.1026235563858695,1709243568.0,0.4504716981132075,2.0,313.0,127.03431370176712,37.52975405970077
강남구,11680565,청담동,자산안정형,2,"청담르엘, 청담자이, 삼성힐스테이트1단지, 아이파크삼성",고소득·복합인프라형,오피스·업무형,"7호선 청담역, 9호선 봉은사역, 2호선 삼성역, 영동대로 복합환승센터(공사중)","코엑스·현대백화점의 완벽한 몰세권, 명품거리 배후, 봉은사/탄천 쾌적성, 하이엔드 소비력","영동대로 대규모 개발공사로 인한 장기 소음/교통통제, 높은 임대료 장벽",고자산 패밀리 및 글로벌 기업 임직원,#다중역세권 #집객시설밀집 #환승요충지 #몰세권,#초고자산 #직장인밀집,#고임대료 #정비사업·공사 #주말공동화 #소비유출,"고급 브런치, 프리미엄 와인바, 프라이빗 골프스튜디오, 고급 미용실","초저가 할인매장, 덤핑 의류점","[데이터] 피트니스·필라테스·키즈카페·공방  [현장키워드] 고급 브런치, 프리미엄 와인바, 프라이빗 골프스튜디오, 고급 미용실",여가·문화(×0.33),"의류·신발(×4.19), 의료비(×3.91)",대규모 전시/쇼핑 인프라와 최고급 주거지가 결합되어 고급 소비가 자연스럽게 일어나는 안정 상권,저평가,안정(저평가),② 유출보완형 기회,73.3,27.0,0.6638526908430502,-15953299770.065624,-0.0087138848769987,"[오피스·업무형] 인구·인프라로 본 기대소비 대비 실제 ×0.66 (분기 약 160억 원 밑돎, 추세 보합). 유사 원형 동 대비 여가·문화(×0.33) 비중이 낮아 해당 업종 공급 여지. 의류·신발(×4.19), 의료비(×3.91)은 이미 강세라 신규 진입 시 차별화 필요. 수요 대비 소비가 꾸준히 밖으로 샘 — 빠진 필수업종을 채우는 근린형 진입.",,24799.025,55646.0,2.370939474220501,0.2782555532912166,0.2872449952335558,0.1501136320305053,1225412764.0,0.7311320754716981,3.0,288.0,127.05046570173896,37.524396311018045
강남구,11680580,삼성1동,자산안정형,2,"청담르엘, 청담자이, 삼성힐스테이트1단지, 아이파크삼성",고소득·복합인프라형,오피스·업무형,"7호선 청담역, 9호선 봉은사역, 2호선 삼성역, 영동대로 복합환승센터(공사중)","코엑스·현대백화점의 완벽한 몰세권, 명품거리 배후, 봉은사/탄천 쾌적성, 하이엔드 소비력","영동대로 대규모 개발공사로 인한 장기 소음/교통통제, 높은 임대료 장벽",고자산 패밀리 및 글로벌 기업 임직원,#다중역세권 #집객시설밀집 #몰세권 #환승요충지,#초고자산 #직장인밀집 #가족세대,#고임대료 #정비사업·공사 #주말공동화 #소비유출,"고급 브런치, 프리미엄 와인바, 프라이빗 골프스튜디오, 고급 미용실","초저가 할인매장, 덤핑 의류점","[데이터] 주점·이자카야·노래방 / 식자재마트·정육·반찬가게  [현장키워드] 고급 브런치, 프리미엄 와인바, 프라이빗 골프스튜디오, 고급 미용실","유흥(×0.53), 식료품(×0.65)","의류·신발(×7.85), 여가·문화(×1.69)",대규모 전시/쇼핑 인프라와 최고급 주거지가 결합되어 고급 소비가 자연스럽게 일어나는 안정 상권,저평가,안정(저평가),② 유출보완형 기회,74.9,20.0,0.4386702975326771,-50274551828.77372,-0.0453150848110355,"[오피스·업무형] 인구·인프라로 본 기대소비 대비 실제 ×0.44 (분기 약 503억 원 밑돎, 추세 보합). 유사 원형 동 대비 유흥(×0.53), 식료품(×0.65) 비중이 낮아 해당 업종 공급 여지. 의류·신발(×7.85), 여가·문화(×1.69)은 이미 강세라 신규 진입 시 차별화 필요. 수요 대비 소비가 꾸준히 밖으로 샘 — 빠진 필수업종을 채우는 근린형 진입.",,14198.581666666669,186289.5,15.60400527443547,0.2690786220537333,0.2614489616451329,0.1193215179598187,1078530686.0,0.7971698113207547,3.0,199.0,127.06079807607485,37.51530032427762
강남구,11680590,삼성2동,자산안정형,2,"청담르엘, 청담자이, 삼성힐스테이트1단지, 아이파크삼성",고소득·복합인프라형,학원가·에듀형,"7호선 청담역, 9호선 봉은사역, 2호선 삼성역, 영동대로 복합환승센터(공사중)","코엑스·현대백화점의 완벽한 몰세권, 명품거리 배후, 봉은사/탄천 쾌적성, 하이엔드 소비력","영동대로 대규모 개발공사로 인한 장기 소음/교통통제, 높은 임대료 장벽",고자산 패밀리 및 글로벌 기업 임직원,#다중역세권 #집객시설밀집 #환승요충지 #몰세권,#직장인밀집,#고임대료 #정비사업·공사 #주말공동화,"고급 브런치, 프리미엄 와인바, 프라이빗 골프스튜디오, 고급 미용실","초저가 할인매장, 덤핑 의류점","[데이터] 식자재마트·정육·반찬가게  [현장키워드] 고급 브런치, 프리미엄 와인바, 프라이빗 골프스튜디오, 고급 미용실",식료품(×0.73),"생활용품(×5.06), 의류·신발(×3.82)",대규모 전시/쇼핑 인프라와 최고급 주거지가 결합되어 고급 소비가 자연스럽게 일어나는 안정 상권,기대수준,안정(저평가),② 유출보완형 기회,76.2,14.0,0.7417983210313563,-5785124350.458796,0.0161351001285248,"[학원가·에듀형] 인구·인프라로 본 기대소비 대비 실제 ×0.74 (분기 약 58억 원 밑돎, 추세 보합). 유사 원형 동 대비 식료품(×0.73) 비중이 낮아 해당 업종 공급 여지. 생활용품(×5.06), 의류·신발(×3.82)은 이미 강세라 신규 진입 시 차별화 필요. 수요 대비 소비가 꾸준히 밖으로 샘 — 빠진 필수업종을 채우는 근린형 진입.",,25265.785,61020.333333333336,2.310801530462082,0.2774780077831191,0.3212293639800846,0.1772904578295212,614869178.0,0.6721698113207547,4.0,177.0,127.04877195494672,37.51185505709333
강남구,11680600,대치1동,자산안정형,2,"은마, 래미안대치팰리스, 대치2단지, 한보미도맨션",학원·에듀타운형,학원가·에듀형,"3호선 대치역·한티역 역세권, 밤 10시 학원가 일대 왕복 차선 마비","전국 1위 학원가 밀집으로 10대 학생 및 학부모 유동인구 365일 극대화, 유흥시설 전무로 치안 안전","야간 픽업 차량으로 인한 극심한 교통정체, 주차난 심각, 구축 상가 위생·화장실 노후화, 천정부지 임대료",초·중·고 수험생 자녀를 둔 4050 학부모 및 강사진,#역세권공백 #주차난,#초고자산 #직장인밀집 #야간소비 #학원가·학군,#교통정체 #노후상권 #고임대료,"스터디카페, 테이크아웃 간편식(토스트/삼각김밥/샐러드), 저가 대용량 커피, 인쇄/제본, 안과/정신건강의학과","유흥주점·주점(학교정화구역 규제), 고급 가구/인테리어점, 대형 패밀리 레스토랑","[데이터] 의류·잡화 편집숍 / 식자재마트·정육·반찬가게  [현장키워드] 스터디카페, 테이크아웃 간편식(토스트/삼각김밥/샐러드), 저가 대용량 커피, 인쇄/제본, 안과/정신건강의학과","의류·신발(×0.15), 식료품(×0.39)","교육(×2.25), 의료비(×1.42)",대한민국 사교육의 심장으로 학생들의 빠른 식음료 회전율과 학부모 소비력이 결합된 특수 독점 상권,기대수준,성장하는 강세상권,③ 확장형,,,1.3563247781343506,3395549373.0241,0.1126948779495081,"[학원가·에듀형] 인구·인프라로 본 기대소비 대비 실제 ×1.36 (분기 약 34억 원 웃돎, 추세 개선). 유사 원형 동 대비 의류·신발(×0.15), 식료품(×0.39) 비중이 낮아 해당 업종 공급 여지. 교육(×2.25), 의료비(×1.42)은 이미 강세라 신규 진입 시 차별화 필요. 이미 강하고 더 커지는 중 — 핵심가 대신 2선 입지·배후 골목 공략.",,16066.333333333334,18184.08333333333,0.7732222129156546,0.1512689504983667,0.1830952662023373,0.0325085586117341,2038380761.0,0.3396226415094339,0.0,130.0,127.05909540225716,37.49336170843875
강남구,11680610,대치2동,자산안정형,2,"은마, 래미안대치팰리스, 대치2단지, 한보미도맨션",학원·에듀타운형,학원가·에듀형,"3호선 대치역·한티역 역세권, 밤 10시 학원가 일대 왕복 차선 마비","전국 1위 학원가 밀집으로 10대 학생 및 학부모 유동인구 365일 극대화, 유흥시설 전무로 치안 안전","야간 픽업 차량으로 인한 극심한 교통정체, 주차난 심각, 구축 상가 위생·화장실 노후화, 천정부지 임대료",초·중·고 수험생 자녀를 둔 4050 학부모 및 강사진,#다중역세권 #집객시설밀집 #주차난,#초고자산 #직장인밀집 #학원가·학군,#교통정체 #노후상권 #고임대료 #주말공동화 #소비유출,"스터디카페, 테이크아웃 간편식(토스트/삼각김밥/샐러드), 저가 대용량 커피, 인쇄/제본, 안과/정신건강의학과","유흥주점·주점(학교정화구역 규제), 고급 가구/인테리어점, 대형 패밀리 레스토랑","[데이터] 식자재마트·정육·반찬가게  [현장키워드] 스터디카페, 테이크아웃 간편식(토스트/삼각김밥/샐러드), 저가 대용량 커피, 인쇄/제본, 안과/정신건강의학과",식료품(×0.31),"의류·신발(×18.41), 생활용품(×1.56)",대한민국 사교육의 심장으로 학생들의 빠른 식음료 회전율과 학부모 소비력이 결합된 특수 독점 상권,저평가,떠오르는 잠재상권,① 선점형 기회,90.3,1.0,0.5744819126996743,-22455871299.547382,0.0670600772735807,"[학원가·에듀형] 인구·인프라로 본 기대소비 대비 실제 ×0.57 (분기 약 225억 원 밑돎, 추세 개선). 유사 원형 동 대비 식료품(×0.31) 비중이 낮아 해당 업종 공급 여지. 의류·신발(×18.41), 생활용품(×1.56)은 이미 강세라 신규 진입 시 차별화 필요. 기대보다 덜 쓰지만 격차가 줄어드는 중 — 임대료 오르기 전 진입 적기.",,31440.15,84970.91666666667,2.693447084685439,0.1914058410970376,0.2371900569330803,0.0534355847307345,1087778286.0,0.3018867924528302,2.0,210.0,127.06566069711208,37.50098976619122
강남구,11680630,대치4동,영앤레버리지형,0,"은마, 래미안대치팰리스, 대치2단지, 한보미도맨션",학원·에듀타운형,학원가·에듀형,"3호선 대치역·한티역 역세권, 밤 10시 학원가 일대 왕복 차선 마비","전국 1위 학원가 밀집으로 10대 학생 및 학부모 유동인구 365일 극대화, 유흥시설 전무로 치안 안전","야간 픽업 차량으로 인한 극심한 교통정체, 주차난 심각, 구축 상가 위생·화장실 노후화, 천정부지 임대료",초·중·고 수험생 자녀를 둔 4050 학부모 및 강사진,#역세권공백 #몰세권 #의료허브 #주차난,#직장인밀집 #야간소비 #학원가·학군,#교통정체 #노후상권 #고임대료 #주말공동화 #경쟁과열가능,"스터디카페, 테이크아웃 간편식(토스트/삼각김밥/샐러드), 저가 대용량 커피, 인쇄/제본, 안과/정신건강의학과","유흥주점·주점(학교정화구역 규제), 고급 가구/인테리어점, 대형 패밀리 레스토랑","[데이터] 식자재마트·정육·반찬가게  [현장키워드] 스터디카페, 테이크아웃 간편식(토스트/삼각김밥/샐러드), 저가 대용량 커피, 인쇄/제본, 안과/정신건강의학과",식료품(×0.42),"유흥(×3.48), 교육(×1.68)",대한민국 사교육의 심장으로 학생들의 빠른 식음료 회전율과 학부모 소비력이 결합된 특수 독점 상권,초과달성,성장하는 강세상권,③ 확장형,,,5.172951882187052,124654109796.5142,0.4811669055337437,"[학원가·에듀형] 인구·인프라로 본 기대소비 대비 실제 ×5.17 (분기 약 1,247억 원 웃돎, 추세 개선). 유사 원형 동 대비 식료품(×0.42) 비중이 낮아 해당 업종 공급 여지. 유흥(×3.48), 교육(×1.68)은 이미 강세라 신규 진입 시 차별화 필요. 이미 강하고 더 커지는 중 — 핵심가 대신 2선 입지·배후 골목 공략. ※ 배율 극단(×5↑): 대형점·본사 매출 주소 집계 가능성, 현장 확인 필요","배율 극단(×5↑): 대형점·본사 매출 주소 집계 가능성, 현장 확인 필요",18373.733333333334,36671.25,2.347910175136993,0.3243794993016009,0.3474866817870141,0.2682166780948363,348340499.0,0.8514150943396226,0.0,159.0,127.05475913388136,37.50156295622019
강남구,11680640,역삼1동,영앤레버리지형,0,"역삼럭키, 역삼푸르지오, 논현아크로힐스, 논현동고급빌라",도심오피스·야간유흥형,오피스·업무형,"2호선 역삼역·강남역, 9호선 언주역·신논현역 더블 역세권","테헤란로 IT/금융 대기업 직장인 밀집, 24시간 불야성 상권, 1인가구 직장인 배후수요 풍부","유흥가 및 주점 밀집으로 인한 야간 소음, 취객/치안 호불호, 빌라촌 주차난, 주말 오피스가 공동화",2030 IT/스타트업 직장인 1인가구 및 야간 상업 종사자,#역세권 #집객시설밀집 #의료허브 #주차난,#2030청년가구 #직장인밀집,#유흥가소음 #주말공동화,"회식형 고깃집/이자카야, 24시 배달전문점, 코인빨래방, 샐러드/포케 도시락, 피트니스","아동용품점, 유아/초등 학원, 대형 완구점","[데이터] 생활용품·무인점포·세탁 / 음식점·카페·배달전문점  [현장키워드] 회식형 고깃집/이자카야, 24시 배달전문점, 코인빨래방, 샐러드/포케 도시락, 피트니스","생활용품(×0.06), 음식(×0.07)",여가·문화(×4.61),평일 낮 직장인 점심/카페 소비와 밤~새벽 야간 주점/배달 소비가 24시간 이어지는 고회전 상권,기대수준,안정(초과),④ 검증·포화형,,,1.0202569923258793,23715270388.04663,-0.040231024423003,"[오피스·업무형] 인구·인프라로 본 기대소비 대비 실제 ×1.02 (분기 약 237억 원 웃돎, 추세 보합). 유사 원형 동 대비 생활용품(×0.06), 음식(×0.07) 비중이 낮아 해당 업종 공급 여지. 여가·문화(×4.61)은 이미 강세라 신규 진입 시 차별화 필요. 수요는 검증됐지만 경쟁 치열 — 차별화 콘셉트 없으면 비추천.",,36552.848333333335,174043.08333333334,5.927351681239364,0.4773780881403673,0.4492039325987665,0.4581178231362733,307439893.0,0.6933962264150944,1.0,542.0,127.03549922946767,37.50084049923532
강남구,11680650,역삼2동,자산안정형,2,"역삼럭키, 역삼푸르지오, 논현아크로힐스, 논현동고급빌라",도심오피스·야간유흥형,직주혼합형,"2호선 역삼역·강남역, 9호선 언주역·신논현역 더블 역세권","테헤란로 IT/금융 대기업 직장인 밀집, 24시간 불야성 상권, 1인가구 직장인 배후수요 풍부","유흥가 및 주점 밀집으로 인한 야간 소음, 취객/치안 호불호, 빌라촌 주차난, 주말 오피스가 공동화",2030 IT/스타트업 직장인 1인가구 및 야간 상업 종사자,#역세권공백 #집객시설밀집 #주차난,#직장인밀집,#유흥가소음 #주말공동화 #경쟁과열가능,"회식형 고깃집/이자카야, 24시 배달전문점, 코인빨래방, 샐러드/포케 도시락, 피트니스","아동용품점, 유아/초등 학원, 대형 완구점","[데이터] 주점·이자카야·노래방 / 식자재마트·정육·반찬가게  [현장키워드] 회식형 고깃집/이자카야, 24시 배달전문점, 코인빨래방, 샐러드/포케 도시락, 피트니스","유흥(×0.05), 식료품(×0.06)",여가·문화(×9.31),평일 낮 직장인 점심/카페 소비와 밤~새벽 야간 주점/배달 소비가 24시간 이어지는 고회전 상권,초과달성,안정(초과),④ 검증·포화형,,,26.7976339991813,697762470425.3844,0.0418739685792867,"[직주혼합형] 인구·인프라로 본 기대소비 대비 실제 ×26.80 (분기 약 6,978억 원 웃돎, 추세 보합). 유사 원형 동 대비 유흥(×0.05), 식료품(×0.06) 비중이 낮아 해당 업종 공급 여지. 여가·문화(×9.31)은 이미 강세라 신규 진입 시 차별화 필요. 수요는 검증됐지만 경쟁 치열 — 차별화 콘셉트 없으면 비추천. ※ 배율 극단(×5↑): 대형점·본사 매출 주소 집계 가능성, 현장 확인 필요","배율 극단(×5↑): 대형점·본사 매출 주소 집계 가능성, 현장 확인 필요",29013.28833333333,58082.083333333336,1.5372510179377132,0.244277539341917,0.296819438956934,0.1774565389174239,689282358.0,0.589622641509434,0.0,195.0,127.04489567185156,37.4984856759158
강남구,11680655,도곡1동,자산안정형,2,"도곡렉슬, 타워팰리스1·2·3차, 도곡개포한신",자산안정·학군근린형,고자산·아파트형,"3호선·수인분당선 도곡역, 매봉역 카페거리 인접","타워팰리스·렉슬의 탄탄한 자산가 배후, 양재천 산책로 쾌적성, 대치동 학원가 도보 접근성","상권이 특정 블록(매봉역 먹자골목, 렉슬상가)에 한정되어 상권 확장성 제한적",5060 자산가 시니어 및 대치동 통학 중고생 자녀를 둔 40대 가족,#역세권 #의료허브 #공원·숲세권,#초고자산 #직장인밀집 #학원가·학군,#주말공동화 #소비위축추세 #경쟁과열가능,"유러피언 브런치/카페, 전문 클리닉(정형외과/피부과), 프리미엄 시니어 헬스케어, 플라워샵","클럽/나이트 등 유흥업소, 저가 무인매장","[데이터] 의류·잡화 편집숍 / 식자재마트·정육·반찬가게  [현장키워드] 유러피언 브런치/카페, 전문 클리닉(정형외과/피부과), 프리미엄 시니어 헬스케어, 플라워샵","의류·신발(×0.05), 식료품(×0.10)","여가·문화(×7.05), 의료비(×1.57)",대치동 학원가와 양재천 힐링 라이프를 동시에 누리는 고소득 안정형 가족 상권,초과달성,식어가는 강세상권,⑤ 경고(둔화),,,2.6724705255862946,22755795766.48462,-0.1442209735896104,"[고자산·아파트형] 인구·인프라로 본 기대소비 대비 실제 ×2.67 (분기 약 228억 원 웃돎, 추세 악화). 유사 원형 동 대비 의류·신발(×0.05), 식료품(×0.10) 비중이 낮아 해당 업종 공급 여지. 여가·문화(×7.05), 의료비(×1.57)은 이미 강세라 신규 진입 시 차별화 필요. 강세였으나 식는 중 — 신규 진입 보수적, 업종 전환 수요 관찰.",,18421.49,30360.916666666668,1.6197450637340665,0.2575856035991002,0.2930467091295117,0.1085674097664543,896100276.0,0.5212264150943396,1.0,142.0,127.04101152997734,37.48889136331354
강남구,11680656,도곡2동,자산안정형,2,"도곡렉슬, 타워팰리스1·2·3차, 도곡개포한신",자산안정·학군근린형,오피스·업무형,"3호선·수인분당선 도곡역, 매봉역 카페거리 인접","타워팰리스·렉슬의 탄탄한 자산가 배후, 양재천 산책로 쾌적성, 대치동 학원가 도보 접근성","상권이 특정 블록(매봉역 먹자골목, 렉슬상가)에 한정되어 상권 확장성 제한적",5060 자산가 시니어 및 대치동 통학 중고생 자녀를 둔 40대 가족,#다중역세권 #공원·숲세권,#초고자산 #직장인밀집 #학원가·학군,#주말공동화 #경쟁과열가능,"유러피언 브런치/카페, 전문 클리닉(정형외과/피부과), 프리미엄 시니어 헬스케어, 플라워샵","클럽/나이트 등 유흥업소, 저가 무인매장","[데이터] 의류·잡화 편집숍 / 의원(내과·소아과·치과)·약국  [현장키워드] 유러피언 브런치/카페, 전문 클리닉(정형외과/피부과), 프리미엄 시니어 헬스케어, 플라워샵","의류·신발(×0.09), 의료비(×0.12)",여가·문화(×4.52),대치동 학원가와 양재천 힐링 라이프를 동시에 누리는 고소득 안정형 가족 상권,초과달성,성장하는 강세상권,③ 확장형,,,4.6207794885857405,51776238279.68566,0.218150996212412,"[오피스·업무형] 인구·인프라로 본 기대소비 대비 실제 ×4.62 (분기 약 518억 원 웃돎, 추세 개선). 유사 원형 동 대비 의류·신발(×0.09), 의료비(×0.12) 비중이 낮아 해당 업종 공급 여지. 여가·문화(×4.52)은 이미 강세라 신규 진입 시 차별화 필요. 이미 강하고 더 커지는 중 — 핵심가 대신 2선 입지·배후 골목 공략.",,26751.915,91726.66666666669,2.598413379073756,0.1999203626562117,0.2347585403161191,0.0663019884915143,1449913427.0,0.1910377358490566,3.0,118.0,127.04901486736784,37.48549151388995
강남구,11680660,개포1동,자산안정형,2,"디에이치퍼스티어아이파크, 개포자이프레지던스, 개포래미안포레스트",고소득·신축대단지형,고자산·아파트형,"양재대로·개포지하차도 인접, 구룡역/대모산입구역 접근, 대모산·양재천 인접","숲세권의 쾌적하고 조용한 주거환경, 압도적인 가구 소득수준, 초·중품아 안전한 도보통학","신축 대단지 상가 소송 및 공실 장기화, 일상 생필품 및 외식 인프라 부족(대치동 상권 의존), 높은 상가 분양가",3040 고소득 전문직 부부 및 미취학·초등 자녀 가구,#역세권공백 #공원·숲세권,#초고자산 #신축입주,#상가공실 #고임대료 #소비유출,"프리미엄 베이커리, 유기농 식료품/반찬가게, 1인 PT/필라테스, 아동 전문의원","저가형 테이크아웃, 유흥주점(입점 불가), 대형 가전/가구점","[데이터] 피트니스·필라테스·키즈카페·공방 / 음식점·카페·배달전문점  [현장키워드] 프리미엄 베이커리, 유기농 식료품/반찬가게, 1인 PT/필라테스, 아동 전문의원","여가·문화(×0.10), 음식(×0.19)","의료비(×3.00), 의류·신발(×2.04)",입주는 완료되었으나 상가 공실로 인해 필수 생활소비의 외부 유출이 큰 독점 잠재력 상권,저평가,안정(저평가),② 유출보완형 기회,61.8,88.0,0.2643777977519122,-935310267.7727752,0.0342169897729836,"[고자산·아파트형] 인구·인프라로 본 기대소비 대비 실제 ×0.26 (분기 약 9억 원 밑돎, 추세 보합). 유사 원형 동 대비 여가·문화(×0.10), 음식(×0.19) 비중이 낮아 해당 업종 공급 여지. 의료비(×3.00), 의류·신발(×2.04)은 이미 강세라 신규 진입 시 차별화 필요. 수요 대비 소비가 꾸준히 밖으로 샘 — 빠진 필수업종을 채우는 근린형 진입.",,15921.845833333333,1997.5833333333333,0.5074648928307465,0.1902439024390244,0.2220252372510167,0.1437709875899468,1223110587.0,0.2334905660377358,0.0,38.0,127.06232784199904,37.47778161565642
강남구,11680670,개포2동,자산안정형,2,"디에이치퍼스티어아이파크, 개포자이프레지던스, 개포래미안포레스트",고소득·신축대단지형,고자산·아파트형,"양재대로·개포지하차도 인접, 구룡역/대모산입구역 접근, 대모산·양재천 인접","숲세권의 쾌적하고 조용한 주거환경, 압도적인 가구 소득수준, 초·중품아 안전한 도보통학","신축 대단지 상가 소송 및 공실 장기화, 일상 생필품 및 외식 인프라 부족(대치동 상권 의존), 높은 상가 분양가",3040 고소득 전문직 부부 및 미취학·초등 자녀 가구,#다중역세권 #공원·숲세권,#초고자산 #신축입주,#상가공실 #고임대료 #소비유출 #소비위축추세,"프리미엄 베이커리, 유기농 식료품/반찬가게, 1인 PT/필라테스, 아동 전문의원","저가형 테이크아웃, 유흥주점(입점 불가), 대형 가전/가구점","[데이터] 생활용품·무인점포·세탁  [현장키워드] 프리미엄 베이커리, 유기농 식료품/반찬가게, 1인 PT/필라테스, 아동 전문의원",생활용품(×0.32),"유흥(×2.74), 교육(×1.59)",입주는 완료되었으나 상가 공실로 인해 필수 생활소비의 외부 유출이 큰 독점 잠재력 상권,저평가,위축되는 약세상권,⑥ 주의(위축),,,0.4330450060946649,-3169029870.9128985,-0.1074263212814995,"[고자산·아파트형] 인구·인프라로 본 기대소비 대비 실제 ×0.43 (분기 약 32억 원 밑돎, 추세 악화). 유사 원형 동 대비 생활용품(×0.32) 비중이 낮아 해당 업종 공급 여지. 유흥(×2.74), 교육(×1.59)은 이미 강세라 신규 진입 시 차별화 필요. 기대보다 약하고 더 약해지는 중 — 원인(재건축·공동화) 확인 전 진입 보류.",,32566.8,8816.0,0.2122854128704325,0.2602138678430996,0.2868643460822231,0.0889863916344363,1193422232.0,0.0542452830188679,3.0,135.0,127.06901579411922,37.48467061599813
강남구,11680690,개포4동,자산안정형,2,"디에이치퍼스티어아이파크, 개포자이프레지던스, 개포래미안포레스트",고소득·신축대단지형,가족·아파트단지형,"양재대로·개포지하차도 인접, 구룡역/대모산입구역 접근, 대모산·양재천 인접","숲세권의 쾌적하고 조용한 주거환경, 압도적인 가구 소득수준, 초·중품아 안전한 도보통학","신축 대단지 상가 소송 및 공실 장기화, 일상 생필품 및 외식 인프라 부족(대치동 상권 의존), 높은 상가 분양가",3040 고소득 전문직 부부 및 미취학·초등 자녀 가구,#역세권공백 #공원·숲세권,#신축입주,#상가공실 #고임대료,"프리미엄 베이커리, 유기농 식료품/반찬가게, 1인 PT/필라테스, 아동 전문의원","저가형 테이크아웃, 유흥주점(입점 불가), 대형 가전/가구점","[현장키워드] 프리미엄 베이커리, 유기농 식료품/반찬가게, 1인 PT/필라테스, 아동 전문의원",,"생활용품(×3.77), 여가·문화(×1.60)",입주는 완료되었으나 상가 공실로 인해 필수 생활소비의 외부 유출이 큰 독점 잠재력 상권,기대수준,안정(저평가),② 유출보완형 기회,69.3,49.0,0.6956764838822489,-1586364953.6204324,0.017929704452728,"[가족·아파트단지형] 인구·인프라로 본 기대소비 대비 실제 ×0.70 (분기 약 16억 원 밑돎, 추세 보합). 생활용품(×3.77), 여가·문화(×1.60)은 이미 강세라 신규 진입 시 차별화 필요. 수요 대비 소비가 꾸준히 밖으로 샘 — 빠진 필수업종을 채우는 근린형 진입.",,18802.38333333333,6909.5,0.3128158610859142,0.2785624811023282,0.3274350223155683,0.1472801260173273,374558594.0,0.8018867924528302,0.0,115.0,127.05340597354184,37.47533523897234
강남구,11680700,세곡동,자산안정형,2,"강남자곡힐스테이트, 세곡푸르지오, LH단지",베드타운·자연친화형,학원가·에듀형,"지하철역 부재로 버스 의존(수서역/양재역 환승), 헌릉로 축선","자연 친화적 숲세권, 쾌적하고 조용한 신도시급 주거지, 아이 키우기 좋은 환경","철도망 부재로 서울 도심 접근성 열악, 자체 중심상업지구 취약으로 상권 단절","신혼부부, 공공임대 및 분양단지 거주 3040 패밀리",#역세권공백 #집객시설밀집 #환승요충지 #공원·숲세권,#초고자산 #3040맞벌이,#소비위축추세,"가족형 F&B, 키즈카페, 태권도/피아노 학원, 생활밀착 편의점","대형 오피스 식당, 심야 주점","[데이터] 학원·스터디카페·키즈교육 / 의류·잡화 편집숍  [현장키워드] 가족형 F&B, 키즈카페, 태권도/피아노 학원, 생활밀착 편의점","교육(×0.69), 의류·신발(×0.72)","생활용품(×2.61), 음식(×1.36)",도심 접근성은 아쉬우나 조용한 숲세권 가족단위 주거민의 기본 생필품 수요 중심 상권,기대수준,식어가는 강세상권,⑤ 경고(둔화),,,1.1760117238308747,883636040.01795,-0.0591813595896328,"[학원가·에듀형] 인구·인프라로 본 기대소비 대비 실제 ×1.18 (분기 약 9억 원 웃돎, 추세 악화). 유사 원형 동 대비 교육(×0.69), 의류·신발(×0.72) 비중이 낮아 해당 업종 공급 여지. 생활용품(×2.61), 음식(×1.36)은 이미 강세라 신규 진입 시 차별화 필요. 강세였으나 식는 중 — 신규 진입 보수적, 업종 전환 수요 관찰.",,33984.01666666667,306.3333333333333,0.0083272911036407,0.2716586469799837,0.3294071235347159,0.1658864968440035,816718603.0,0.2617924528301887,0.0,191.0,127.10430698125876,37.47066106826317
강남구,11680720,일원본동,자산안정형,2,"수서신동아, 디에이치자이개포, 래미안개포루체하임, 일원목련",의료·교통허브형,고자산·아파트형,"SRT 수서역 광역교통망, 3호선 수서/일원역, 대청역","삼성서울병원 배후 의료관광/환자/의료진 수요 풍부, 대모산 쾌적성, SRT 전국 광역 연결","임대아파트 및 환자 유동인구 혼재, 상권이 대형화되지 못하고 분산됨","삼성병원 임직원, 광역 이동 출장자, 의료 방문객, 고령층",#역세권 #의료허브,#초고자산 #관광·외국인 #고령층,#경쟁과열가능,"의료기기/약국, 건강식/죽 전문점, 단정한 한식당, 프랜차이즈 베이커리","자극적인 야간 유흥주점, 10대 타겟 패션로드샵","[데이터] 생활용품·무인점포·세탁 / 피트니스·필라테스·키즈카페·공방  [현장키워드] 의료기기/약국, 건강식/죽 전문점, 단정한 한식당, 프랜차이즈 베이커리","생활용품(×0.30), 여가·문화(×0.46)",의료비(×2.91),상급병원 의료 인프라와 SRT 교통 결절점을 축으로 탄탄한 목적성 소비가 발생하는 상권,초과달성,성장하는 강세상권,③ 확장형,,,2.336965580464205,2650232217.6377945,0.085174116490301,"[고자산·아파트형] 인구·인프라로 본 기대소비 대비 실제 ×2.34 (분기 약 27억 원 웃돎, 추세 개선). 유사 원형 동 대비 생활용품(×0.30), 여가·문화(×0.46) 비중이 낮아 해당 업종 공급 여지. 의료비(×2.91)은 이미 강세라 신규 진입 시 차별화 필요. 이미 강하고 더 커지는 중 — 핵심가 대신 2선 입지·배후 골목 공략.",,20127.684166666662,0.0,0.0,0.2108703281277417,0.2517287038399294,0.0774596635770683,1238926136.0,0.4386792452830189,1.0,103.0,127.08454846775312,37.48230888982903
강남구,11680730,일원1동,자산안정형,2,"수서신동아, 디에이치자이개포, 래미안개포루체하임, 일원목련",의료·교통허브형,근린주거형,"SRT 수서역 광역교통망, 3호선 수서/일원역, 대청역","삼성서울병원 배후 의료관광/환자/의료진 수요 풍부, 대모산 쾌적성, SRT 전국 광역 연결","임대아파트 및 환자 유동인구 혼재, 상권이 대형화되지 못하고 분산됨","삼성병원 임직원, 광역 이동 출장자, 의료 방문객, 고령층",#역세권공백,#관광·외국인 #고령층,,"의료기기/약국, 건강식/죽 전문점, 단정한 한식당, 프랜차이즈 베이커리","자극적인 야간 유흥주점, 10대 타겟 패션로드샵","[데이터] 학원·스터디카페·키즈교육 / 식자재마트·정육·반찬가게  [현장키워드] 의료기기/약국, 건강식/죽 전문점, 단정한 한식당, 프랜차이즈 베이커리","교육(×0.68), 식료품(×0.70)","유흥(×1.64), 의료비(×1.63)",상급병원 의료 인프라와 SRT 교통 결절점을 축으로 탄탄한 목적성 소비가 발생하는 상권,기대수준,안정(저평가),② 유출보완형 기회,45.0,158.0,0.860664353808153,-414938126.37153006,0.0131739805382569,"[근린주거형] 인구·인프라로 본 기대소비 대비 실제 ×0.86 (분기 약 4억 원 밑돎, 추세 보합). 유사 원형 동 대비 교육(×0.68), 식료품(×0.70) 비중이 낮아 해당 업종 공급 여지. 유흥(×1.64), 의료비(×1.63)은 이미 강세라 신규 진입 시 차별화 필요. 수요 대비 소비가 꾸준히 밖으로 샘 — 빠진 필수업종을 채우는 근린형 진입.",,14230.875,1506.3333333333333,0.1252233676975945,0.279106529209622,0.3063747496374059,0.230279715449962,353811956.0,0.490566037735849,0.0,74.0,127.08924254756424,37.49346892284447
강남구,11680740,일원2동,자산안정형,2,"수서신동아, 디에이치자이개포, 래미안개포루체하임, 일원목련",의료·교통허브형,고자산·아파트형,"SRT 수서역 광역교통망, 3호선 수서/일원역, 대청역","삼성서울병원 배후 의료관광/환자/의료진 수요 풍부, 대모산 쾌적성, SRT 전국 광역 연결","임대아파트 및 환자 유동인구 혼재, 상권이 대형화되지 못하고 분산됨","삼성병원 임직원, 광역 이동 출장자, 의료 방문객, 고령층",#역세권,#초고자산 #관광·외국인 #고령층,#소비위축추세,"의료기기/약국, 건강식/죽 전문점, 단정한 한식당, 프랜차이즈 베이커리","자극적인 야간 유흥주점, 10대 타겟 패션로드샵","[현장키워드] 의료기기/약국, 건강식/죽 전문점, 단정한 한식당, 프랜차이즈 베이커리",,"식료품(×1.58), 생활용품(×1.43)",상급병원 의료 인프라와 SRT 교통 결절점을 축으로 탄탄한 목적성 소비가 발생하는 상권,기대수준,위축되는 약세상권,⑥ 주의(위축),,,0.8716192970806407,-197630738.6413834,-0.0583165933179155,"[고자산·아파트형] 인구·인프라로 본 기대소비 대비 실제 ×0.87 (분기 약 2억 원 밑돎, 추세 악화). 식료품(×1.58), 생활용품(×1.43)은 이미 강세라 신규 진입 시 차별화 필요. 기대보다 약하고 더 약해지는 중 — 원인(재건축·공동화) 확인 전 진입 보류.",,13565.266666666668,0.0,0.0,0.2388760173468781,0.2978093546477205,0.1788691533451746,1181049180.0,0.0966981132075471,1.0,66.0,127.07883086584854,37.49628746986969
강남구,11680750,수서동,자산안정형,2,"수서신동아, 디에이치자이개포, 래미안개포루체하임, 일원목련",의료·교통허브형,고자산·아파트형,"SRT 수서역 광역교통망, 3호선 수서/일원역, 대청역","삼성서울병원 배후 의료관광/환자/의료진 수요 풍부, 대모산 쾌적성, SRT 전국 광역 연결","임대아파트 및 환자 유동인구 혼재, 상권이 대형화되지 못하고 분산됨","삼성병원 임직원, 광역 이동 출장자, 의료 방문객, 고령층",#다중역세권,#초고자산 #직장인밀집 #관광·외국인 #고령층,#주말공동화 #경쟁과열가능,"의료기기/약국, 건강식/죽 전문점, 단정한 한식당, 프랜차이즈 베이커리","자극적인 야간 유흥주점, 10대 타겟 패션로드샵","[데이터] 음식점·카페·배달전문점 / 의원(내과·소아과·치과)·약국  [현장키워드] 의료기기/약국, 건강식/죽 전문점, 단정한 한식당, 프랜차이즈 베이커리","음식(×0.07), 의료비(×0.09)",여가·문화(×12.01),상급병원 의료 인프라와 SRT 교통 결절점을 축으로 탄탄한 목적성 소비가 발생하는 상권,초과달성,성장하는 강세상권,③ 확장형,,,21.09339055219628,113519612985.57687,0.2144974328985519,"[고자산·아파트형] 인구·인프라로 본 기대소비 대비 실제 ×21.09 (분기 약 1,135억 원 웃돎, 추세 개선). 유사 원형 동 대비 음식(×0.07), 의료비(×0.09) 비중이 낮아 해당 업종 공급 여지. 여가·문화(×12.01)은 이미 강세라 신규 진입 시 차별화 필요. 이미 강하고 더 커지는 중 — 핵심가 대신 2선 입지·배후 골목 공략. ※ 배율 극단(×5↑): 대형점·본사 매출 주소 집계 가능성, 현장 확인 필요","배율 극단(×5↑): 대형점·본사 매출 주소 집계 가능성, 현장 확인 필요",13931.090833333334,17583.416666666668,1.383359475260231,0.2159560815628119,0.274850386804846,0.2874930667055904,831470238.0,0.0660377358490566,2.0,89.0,127.10014599671102,37.48691887050256
강동구,11740515,강일동,알뜰안정형,3,"고덕그라시움, 고덕아르테온, 고덕자이, 고덕래미안힐스테이트",신흥대단지·숲세권패밀리형,근린주거형,"5호선 고덕역·상일동역, 9호선 4단계 연장 호재","2만 세대 고덕지구 신축 그랜드 타운 완성, 명일동 학원가 인접, 이마트/고덕비즈밸리(이케아 등) 개발","강남 도심까지의 출퇴근 거리, 대단지 내 상가들이 분산되어 있어 결집력 부족",3040 고소득 맞벌이 전문직 및 영유아/초등 자녀 가족,#다중역세권 #집객시설밀집 #공원·숲세권 #교통호재,#학원가·학군 #3040맞벌이 #신축입주,,"키즈 테마 카페, 어린이 전문 수영/체육, 브런치 식당, 소아청소년과/이비인후과","성인 나이트/유흥주점(절대금지), 1인가구 고시원식 원룸","[데이터] 의류·잡화 편집숍 / 생활용품·무인점포·세탁  [현장키워드] 키즈 테마 카페, 어린이 전문 수영/체육, 브런치 식당, 소아청소년과/이비인후과","의류·신발(×0.28), 생활용품(×0.58)",교육(×2.81),신축 2만 세대와 고덕비즈밸리 입주로 강남 부럽지 않은 청정 가족형 소비가 완성된 신흥 부촌 상권,기대수준,안정(저평가),② 유출보완형 기회,71.0,39.0,0.7678123041851691,-1072408707.3991218,0.0151033196505236,"[근린주거형] 인구·인프라로 본 기대소비 대비 실제 ×0.77 (분기 약 11억 원 밑돎, 추세 보합). 유사 원형 동 대비 의류·신발(×0.28), 생활용품(×0.58) 비중이 낮아 해당 업종 공급 여지. 교육(×2.81)은 이미 강세라 신규 진입 시 차별화 필요. 수요 대비 소비가 꾸준히 밖으로 샘 — 빠진 필수업종을 채우는 근린형 진입.",,33465.585,148.25,0.0032311272793004,0.2417244729647287,0.2580749354005168,0.0931185400516795,564568969.0,0.2216981132075471,3.0,187.0,127.17428312632684,37.56354400949654
강동구,11740520,상일동,알뜰안정형,3,"고덕그라시움, 고덕아르테온, 고덕자이, 고덕래미안힐스테이트",신흥대단지·숲세권패밀리형,근린주거형,"5호선 고덕역·상일동역, 9호선 4단계 연장 호재","2만 세대 고덕지구 신축 그랜드 타운 완성, 명일동 학원가 인접, 이마트/고덕비즈밸리(이케아 등) 개발","강남 도심까지의 출퇴근 거리, 대단지 내 상가들이 분산되어 있어 결집력 부족",3040 고소득 맞벌이 전문직 및 영유아/초등 자녀 가족,#역세권공백 #의료허브 #공원·숲세권 #교통호재,#학원가·학군 #3040맞벌이 #신축입주,,"키즈 테마 카페, 어린이 전문 수영/체육, 브런치 식당, 소아청소년과/이비인후과","성인 나이트/유흥주점(절대금지), 1인가구 고시원식 원룸","[데이터] 생활용품·무인점포·세탁 / 의류·잡화 편집숍  [현장키워드] 키즈 테마 카페, 어린이 전문 수영/체육, 브런치 식당, 소아청소년과/이비인후과","생활용품(×0.47), 의류·신발(×0.58)","여가·문화(×2.79), 교육(×1.71)",신축 2만 세대와 고덕비즈밸리 입주로 강남 부럽지 않은 청정 가족형 소비가 완성된 신흥 부촌 상권,기대수준,떠오르는 잠재상권,① 선점형 기회,76.8,11.0,0.7698975302071224,-1048863716.772263,0.0622108613182651,"[근린주거형] 인구·인프라로 본 기대소비 대비 실제 ×0.77 (분기 약 10억 원 밑돎, 추세 개선). 유사 원형 동 대비 생활용품(×0.47), 의류·신발(×0.58) 비중이 낮아 해당 업종 공급 여지. 여가·문화(×2.79), 교육(×1.71)은 이미 강세라 신규 진입 시 차별화 필요. 기대보다 덜 쓰지만 격차가 줄어드는 중 — 임대료 오르기 전 진입 적기.",,26250.056666666667,1377.5,0.0328440226931589,0.2171114559747627,0.2625047530160047,0.1261706246327215,640637598.0,0.3938679245283019,0.0,105.0,127.16482638430624,37.55065532184495
강동구,11740530,명일1동,알뜰안정형,3,-,대단지·생활근린형,근린주거형,지하철 및 시내버스 대중교통 이용 원활,안정적인 주거 배후수요를 갖춘 생활 밀착형 상권,외부 유입 한계 및 자체 배후수요 의존도 높음,다인 가구 및 일반 중장년·가족 단위 거주,#역세권,#야간소비 #주말나들이,#외부유입한계,"편의점, 베이커리, 중소형 마트, 근린의원(내과/치과)","고가 사치재, 외지인 유입 중심 대형 매장","[데이터] 피트니스·필라테스·키즈카페·공방 / 생활용품·무인점포·세탁  [현장키워드] 편의점, 베이커리, 중소형 마트, 근린의원(내과/치과)","여가·문화(×0.64), 생활용품(×0.65)","교육(×2.52), 의료비(×1.50)",명일1동 일대 안정적인 주거 배후지를 중심으로 형성된 근린 생활 상권,기대수준,안정(초과),④ 검증·포화형,,,1.1074965836457618,700860751.924675,0.0397759633552033,"[근린주거형] 인구·인프라로 본 기대소비 대비 실제 ×1.11 (분기 약 7억 원 웃돎, 추세 보합). 유사 원형 동 대비 여가·문화(×0.64), 생활용품(×0.65) 비중이 낮아 해당 업종 공급 여지. 교육(×2.52), 의료비(×1.50)은 이미 강세라 신규 진입 시 차별화 필요. 수요는 검증됐지만 경쟁 치열 — 차별화 콘셉트 없으면 비추천.",,22065.95333333333,3482.333333333333,0.1576802879860754,0.2559041101309387,0.2810070671378092,0.104327296819788,354738270.0,0.4316037735849056,1.0,151.0,127.14594969313026,37.55034679414935
강동구,11740540,명일2동,자산안정형,2,-,대단지·생활근린형,학원가·에듀형,지하철 및 시내버스 대중교통 이용 원활,안정적인 주거 배후수요를 갖춘 생활 밀착형 상권,외부 유입 한계 및 자체 배후수요 의존도 높음,다인 가구 및 일반 중장년·가족 단위 거주,#역세권공백,,#외부유입한계,"편의점, 베이커리, 중소형 마트, 근린의원(내과/치과)","고가 사치재, 외지인 유입 중심 대형 매장","[데이터] 생활용품·무인점포·세탁 / 의류·잡화 편집숍  [현장키워드] 편의점, 베이커리, 중소형 마트, 근린의원(내과/치과)","생활용품(×0.27), 의류·신발(×0.34)","의료비(×2.19), 교육(×1.42)",명일2동 일대 안정적인 주거 배후지를 중심으로 형성된 근린 생활 상권,기대수준,성장하는 강세상권,③ 확장형,,,1.2891577399933616,1553254501.259833,0.0529154655251422,"[학원가·에듀형] 인구·인프라로 본 기대소비 대비 실제 ×1.29 (분기 약 16억 원 웃돎, 추세 개선). 유사 원형 동 대비 생활용품(×0.27), 의류·신발(×0.34) 비중이 낮아 해당 업종 공급 여지. 의료비(×2.19), 교육(×1.42)은 이미 강세라 신규 진입 시 차별화 필요. 이미 강하고 더 커지는 중 — 핵심가 대신 2선 입지·배후 골목 공략.",,13967.411666666669,2364.583333333333,0.1663731360807796,0.2297757426323823,0.2782826475849732,0.067953488372093,606495793.0,0.2240566037735849,0.0,107.0,127.15428564477769,37.54823687154235
강동구,11740550,고덕1동,자산안정형,2,"고덕그라시움, 고덕아르테온, 고덕자이, 고덕래미안힐스테이트",신흥대단지·숲세권패밀리형,근린주거형,"5호선 고덕역·상일동역, 9호선 4단계 연장 호재","2만 세대 고덕지구 신축 그랜드 타운 완성, 명일동 학원가 인접, 이마트/고덕비즈밸리(이케아 등) 개발","강남 도심까지의 출퇴근 거리, 대단지 내 상가들이 분산되어 있어 결집력 부족",3040 고소득 맞벌이 전문직 및 영유아/초등 자녀 가족,#역세권 #공원·숲세권 #교통호재,#학원가·학군 #3040맞벌이 #신축입주,,"키즈 테마 카페, 어린이 전문 수영/체육, 브런치 식당, 소아청소년과/이비인후과","성인 나이트/유흥주점(절대금지), 1인가구 고시원식 원룸","[데이터] 생활용품·무인점포·세탁 / 의원(내과·소아과·치과)·약국  [현장키워드] 키즈 테마 카페, 어린이 전문 수영/체육, 브런치 식당, 소아청소년과/이비인후과","생활용품(×0.56), 의료비(×0.64)","교육(×3.10), 식료품(×1.57)",신축 2만 세대와 고덕비즈밸리 입주로 강남 부럽지 않은 청정 가족형 소비가 완성된 신흥 부촌 상권,기대수준,떠오르는 잠재상권,① 선점형 기회,72.0,31.0,0.6972936955152713,-836314605.9065192,0.0819852228232663,"[근린주거형] 인구·인프라로 본 기대소비 대비 실제 ×0.70 (분기 약 8억 원 밑돎, 추세 개선). 유사 원형 동 대비 생활용품(×0.56), 의료비(×0.64) 비중이 낮아 해당 업종 공급 여지. 교육(×3.10), 식료품(×1.57)은 이미 강세라 신규 진입 시 차별화 필요. 기대보다 덜 쓰지만 격차가 줄어드는 중 — 임대료 오르기 전 진입 적기.",,16408.588333333333,772.75,0.0353083737255557,0.1828096272772856,0.2304076101985509,0.0792461700127205,636907618.0,0.4127358490566037,1.0,92.0,127.15094058086898,37.56171109862591
강동구,11740560,고덕2동,알뜰안정형,3,"고덕그라시움, 고덕아르테온, 고덕자이, 고덕래미안힐스테이트",신흥대단지·숲세권패밀리형,근린주거형,"5호선 고덕역·상일동역, 9호선 4단계 연장 호재","2만 세대 고덕지구 신축 그랜드 타운 완성, 명일동 학원가 인접, 이마트/고덕비즈밸리(이케아 등) 개발","강남 도심까지의 출퇴근 거리, 대단지 내 상가들이 분산되어 있어 결집력 부족",3040 고소득 맞벌이 전문직 및 영유아/초등 자녀 가족,#역세권 #공원·숲세권 #교통호재,#학원가·학군 #3040맞벌이 #신축입주,,"키즈 테마 카페, 어린이 전문 수영/체육, 브런치 식당, 소아청소년과/이비인후과","성인 나이트/유흥주점(절대금지), 1인가구 고시원식 원룸","[데이터] 음식점·카페·배달전문점 / 의류·잡화 편집숍  [현장키워드] 키즈 테마 카페, 어린이 전문 수영/체육, 브런치 식당, 소아청소년과/이비인후과","음식(×0.67), 의류·신발(×0.68)","교육(×3.06), 의료비(×1.82)",신축 2만 세대와 고덕비즈밸리 입주로 강남 부럽지 않은 청정 가족형 소비가 완성된 신흥 부촌 상권,기대수준,안정(초과),④ 검증·포화형,,,1.035332795953111,100527455.95797873,0.0101646245958266,"[근린주거형] 인구·인프라로 본 기대소비 대비 실제 ×1.04 (분기 약 1억 원 웃돎, 추세 보합). 유사 원형 동 대비 음식(×0.67), 의류·신발(×0.68) 비중이 낮아 해당 업종 공급 여지. 교육(×3.06), 의료비(×1.82)은 이미 강세라 신규 진입 시 차별화 필요. 수요는 검증됐지만 경쟁 치열 — 차별화 콘셉트 없으면 비추천.",,15634.255833333336,1007.75,0.0518427085170163,0.2408746252865455,0.2542141469306306,0.152790001575382,566947021.0,0.2028301886792453,1.0,78.0,127.16201692163284,37.56497604216885
강동구,11740570,암사1동,생활압박형,1,-,대단지·생활근린형,가족·아파트단지형,지하철 및 시내버스 대중교통 이용 원활,안정적인 주거 배후수요를 갖춘 생활 밀착형 상권,외부 유입 한계 및 자체 배후수요 의존도 높음,다인 가구 및 일반 중장년·가족 단위 거주,#역세권공백,#가족세대 #주말나들이,#외부유입한계 #경쟁과열가능,"편의점, 베이커리, 중소형 마트, 근린의원(내과/치과)","고가 사치재, 외지인 유입 중심 대형 매장","[데이터] 생활용품·무인점포·세탁 / 피트니스·필라테스·키즈카페·공방  [현장키워드] 편의점, 베이커리, 중소형 마트, 근린의원(내과/치과)","생활용품(×0.46), 여가·문화(×0.66)",식료품(×1.65),암사1동 일대 안정적인 주거 배후지를 중심으로 형성된 근린 생활 상권,초과달성,안정(초과),④ 검증·포화형,,,1.7511856838249975,2729090084.934218,-0.0072481377448764,"[가족·아파트단지형] 인구·인프라로 본 기대소비 대비 실제 ×1.75 (분기 약 27억 원 웃돎, 추세 보합). 유사 원형 동 대비 생활용품(×0.46), 여가·문화(×0.66) 비중이 낮아 해당 업종 공급 여지. 식료품(×1.65)은 이미 강세라 신규 진입 시 차별화 필요. 수요는 검증됐지만 경쟁 치열 — 차별화 콘셉트 없으면 비추천.",,30231.349166666667,2683.75,0.090169992609017,0.2709534368070953,0.3282259676237425,0.1746362667377256,203840466.0,0.8490566037735849,0.0,90.0,127.13459056861636,37.55184693432832
강동구,11740580,암사2동,알뜰안정형,3,-,대단지·생활근린형,근린주거형,지하철 및 시내버스 대중교통 이용 원활,안정적인 주거 배후수요를 갖춘 생활 밀착형 상권,외부 유입 한계 및 자체 배후수요 의존도 높음,다인 가구 및 일반 중장년·가족 단위 거주,#역세권,#주말나들이,#외부유입한계,"편의점, 베이커리, 중소형 마트, 근린의원(내과/치과)","고가 사치재, 외지인 유입 중심 대형 매장","[데이터] 의류·잡화 편집숍 / 식자재마트·정육·반찬가게  [현장키워드] 편의점, 베이커리, 중소형 마트, 근린의원(내과/치과)","의류·신발(×0.45), 식료품(×0.60)","교육(×1.89), 여가·문화(×1.62)",암사2동 일대 안정적인 주거 배후지를 중심으로 형성된 근린 생활 상권,기대수준,안정(저평가),② 유출보완형 기회,42.6,164.0,0.9440236030838468,-170572775.9713416,0.0197517769674471,"[근린주거형] 인구·인프라로 본 기대소비 대비 실제 ×0.94 (분기 약 2억 원 밑돎, 추세 보합). 유사 원형 동 대비 의류·신발(×0.45), 식료품(×0.60) 비중이 낮아 해당 업종 공급 여지. 교육(×1.89), 여가·문화(×1.62)은 이미 강세라 신규 진입 시 차별화 필요. 수요 대비 소비가 꾸준히 밖으로 샘 — 빠진 필수업종을 채우는 근린형 진입.",,13314.2075,1774.5,0.1046880269814502,0.2955143338954469,0.3275570893604523,0.136911667523313,308204454.0,0.419811320754717,1.0,61.0,127.12368975590157,37.55703058080124
강동구,11740590,암사3동,자산안정형,2,-,대단지·생활근린형,학원가·에듀형,지하철 및 시내버스 대중교통 이용 원활,안정적인 주거 배후수요를 갖춘 생활 밀착형 상권,외부 유입 한계 및 자체 배후수요 의존도 높음,다인 가구 및 일반 중장년·가족 단위 거주,#역세권공백,,#외부유입한계 #경쟁과열가능,"편의점, 베이커리, 중소형 마트, 근린의원(내과/치과)","고가 사치재, 외지인 유입 중심 대형 매장","[현장키워드] 편의점, 베이커리, 중소형 마트, 근린의원(내과/치과)",,생활용품(×2.87),암사3동 일대 안정적인 주거 배후지를 중심으로 형성된 근린 생활 상권,초과달성,안정(초과),④ 검증·포화형,,,2.084192599244461,877803604.290435,-0.0384171843933473,"[학원가·에듀형] 인구·인프라로 본 기대소비 대비 실제 ×2.08 (분기 약 9억 원 웃돎, 추세 보합). 생활용품(×2.87)은 이미 강세라 신규 진입 시 차별화 필요. 수요는 검증됐지만 경쟁 치열 — 차별화 콘셉트 없으면 비추천.",,14139.321666666665,0.0,0.0,0.2213468720821662,0.2872059028261172,0.0671752749547542,508041003.0,0.5518867924528302,0.0,50.0,127.13863664336333,37.5611855898297
강동구,11740600,천호1동,생활압박형,1,"강동밀레니얼중흥S-클래스, 래미안강동팰리스",광역상업·로데오유흥형,가족·아파트단지형,"5·8호선 천호역 환승, 천호대교·광진교","현대백화점 천호점·이마트, 천호동 로데오거리의 방대한 유동인구, 경기 구리/하남 광역 길목","로데오거리 및 성매매집결지(재개발완료중) 주변 과거 이미지 잔재, 야간 유흥 취객 소음",강동·송파·경기 동부 2030 청년 유동인구 및 신축 주상복합 거주자,#역세권 #환승요충지 #몰세권,#가족세대 #신축입주,#유흥가소음 #정비사업·공사,"트렌디한 F&B, 주점/호프, 뷰티/헤어샵, 젊은 층 타겟 패션/잡화",조용한 정주환경 필요 업종,"[현장키워드] 트렌디한 F&B, 주점/호프, 뷰티/헤어샵, 젊은 층 타겟 패션/잡화",,"의류·신발(×1.94), 교육(×1.65)",백화점과 로데오거리가 결합되어 강동구 전체에서 가장 유동인구와 야간 상업활동이 활발한 중심 상권,기대수준,안정(저평가),② 유출보완형 기회,62.2,84.0,0.8299919215350229,-655036137.0720019,0.0327811595390446,"[가족·아파트단지형] 인구·인프라로 본 기대소비 대비 실제 ×0.83 (분기 약 7억 원 밑돎, 추세 보합). 의류·신발(×1.94), 교육(×1.65)은 이미 강세라 신규 진입 시 차별화 필요. 수요 대비 소비가 꾸준히 밖으로 샘 — 빠진 필수업종을 채우는 근린형 진입.",,24774.18416666667,3041.4166666666665,0.0644900161899622,0.2748438825071312,0.3104835432750914,0.179126777732629,206416585.0,0.8183962264150944,1.0,92.0,127.13855254398835,37.54632824439577
강동구,11740610,천호2동,생활압박형,1,"강동밀레니얼중흥S-클래스, 래미안강동팰리스",광역상업·로데오유흥형,광역집객·관광형,"5·8호선 천호역 환승, 천호대교·광진교","현대백화점 천호점·이마트, 천호동 로데오거리의 방대한 유동인구, 경기 구리/하남 광역 길목","로데오거리 및 성매매집결지(재개발완료중) 주변 과거 이미지 잔재, 야간 유흥 취객 소음",강동·송파·경기 동부 2030 청년 유동인구 및 신축 주상복합 거주자,#역세권공백 #집객시설밀집 #환승요충지 #몰세권,#신축입주,#유흥가소음 #정비사업·공사 #소비위축추세 #경쟁과열가능,"트렌디한 F&B, 주점/호프, 뷰티/헤어샵, 젊은 층 타겟 패션/잡화",조용한 정주환경 필요 업종,"[데이터] 학원·스터디카페·키즈교육 / 식자재마트·정육·반찬가게  [현장키워드] 트렌디한 F&B, 주점/호프, 뷰티/헤어샵, 젊은 층 타겟 패션/잡화","교육(×0.07), 식료품(×0.08)",여가·문화(×11.28),백화점과 로데오거리가 결합되어 강동구 전체에서 가장 유동인구와 야간 상업활동이 활발한 중심 상권,초과달성,식어가는 강세상권,⑤ 경고(둔화),,,6.4313059333508615,59070664030.387566,-0.1365265968204573,"[광역집객·관광형] 인구·인프라로 본 기대소비 대비 실제 ×6.43 (분기 약 591억 원 웃돎, 추세 악화). 유사 원형 동 대비 교육(×0.07), 식료품(×0.08) 비중이 낮아 해당 업종 공급 여지. 여가·문화(×11.28)은 이미 강세라 신규 진입 시 차별화 필요. 강세였으나 식는 중 — 신규 진입 보수적, 업종 전환 수요 관찰. ※ 배율 극단(×5↑): 대형점·본사 매출 주소 집계 가능성, 현장 확인 필요","배율 극단(×5↑): 대형점·본사 매출 주소 집계 가능성, 현장 확인 필요",31302.274166666662,2760.083333333333,0.0884871841928182,0.3249525906894231,0.3442980346894937,0.2374120739957038,217529985.0,0.6839622641509434,0.0,203.0,127.12200645292198,37.544995001700855
강동구,11740620,천호3동,생활압박형,1,"강동밀레니얼중흥S-클래스, 래미안강동팰리스",광역상업·로데오유흥형,청년1인·원룸형,"5·8호선 천호역 환승, 천호대교·광진교","현대백화점 천호점·이마트, 천호동 로데오거리의 방대한 유동인구, 경기 구리/하남 광역 길목","로데오거리 및 성매매집결지(재개발완료중) 주변 과거 이미지 잔재, 야간 유흥 취객 소음",강동·송파·경기 동부 2030 청년 유동인구 및 신축 주상복합 거주자,#역세권공백 #환승요충지 #몰세권,#2030청년가구 #주말나들이 #신축입주,#유흥가소음 #정비사업·공사,"트렌디한 F&B, 주점/호프, 뷰티/헤어샵, 젊은 층 타겟 패션/잡화",조용한 정주환경 필요 업종,"[데이터] 식자재마트·정육·반찬가게  [현장키워드] 트렌디한 F&B, 주점/호프, 뷰티/헤어샵, 젊은 층 타겟 패션/잡화",식료품(×0.60),"의료비(×2.39), 의류·신발(×1.57)",백화점과 로데오거리가 결합되어 강동구 전체에서 가장 유동인구와 야간 상업활동이 활발한 중심 상권,기대수준,안정(저평가),② 유출보완형 기회,56.4,111.0,0.998536011392538,-1442649.8990688324,0.0388836840829614,"[청년1인·원룸형] 인구·인프라로 본 기대소비 대비 실제 ×1.00 (분기 약 0억 원 밑돎, 추세 보합). 유사 원형 동 대비 식료품(×0.60) 비중이 낮아 해당 업종 공급 여지. 의료비(×2.39), 의류·신발(×1.57)은 이미 강세라 신규 진입 시 차별화 필요. 수요 대비 소비가 꾸준히 밖으로 샘 — 빠진 필수업종을 채우는 근린형 진입.",,22681.93333333333,1051.6666666666667,0.0451692402479879,0.3558088490122839,0.365118873916402,0.2363016050124453,234414070.0,0.3419811320754717,0.0,115.0,127.13330144701196,37.539693927057975
강동구,11740640,성내1동,알뜰안정형,3,-,대단지·생활근린형,가족·아파트단지형,지하철 및 시내버스 대중교통 이용 원활,안정적인 주거 배후수요를 갖춘 생활 밀착형 상권,외부 유입 한계 및 자체 배후수요 의존도 높음,다인 가구 및 일반 중장년·가족 단위 거주,#역세권공백,#직장인밀집,#외부유입한계,"편의점, 베이커리, 중소형 마트, 근린의원(내과/치과)","고가 사치재, 외지인 유입 중심 대형 매장","[데이터] 식자재마트·정육·반찬가게  [현장키워드] 편의점, 베이커리, 중소형 마트, 근린의원(내과/치과)",식료품(×0.56),"의류·신발(×3.02), 의료비(×2.03)",성내1동 일대 안정적인 주거 배후지를 중심으로 형성된 근린 생활 상권,기대수준,안정(저평가),② 유출보완형 기회,63.4,76.0,0.9289611221161976,-470446750.1104765,0.0431085183157889,"[가족·아파트단지형] 인구·인프라로 본 기대소비 대비 실제 ×0.93 (분기 약 5억 원 밑돎, 추세 보합). 유사 원형 동 대비 식료품(×0.56) 비중이 낮아 해당 업종 공급 여지. 의류·신발(×3.02), 의료비(×2.03)은 이미 강세라 신규 진입 시 차별화 필요. 수요 대비 소비가 꾸준히 밖으로 샘 — 빠진 필수업종을 채우는 근린형 진입.",,16107.666666666666,12545.916666666666,0.680022689768977,0.2813015676567656,0.3310798465192764,0.1305676350569462,252319568.0,0.8985849056603774,0.0,98.0,127.12554357971965,37.52869220538448
강동구,11740650,성내2동,생활압박형,1,-,대단지·생활근린형,근린주거형,지하철 및 시내버스 대중교통 이용 원활,안정적인 주거 배후수요를 갖춘 생활 밀착형 상권,외부 유입 한계 및 자체 배후수요 의존도 높음,다인 가구 및 일반 중장년·가족 단위 거주,#다중역세권,#2030청년가구 #주말나들이,#외부유입한계 #소비위축추세 #경쟁과열가능,"편의점, 베이커리, 중소형 마트, 근린의원(내과/치과)","고가 사치재, 외지인 유입 중심 대형 매장","[데이터] 학원·스터디카페·키즈교육 / 피트니스·필라테스·키즈카페·공방  [현장키워드] 편의점, 베이커리, 중소형 마트, 근린의원(내과/치과)","교육(×0.47), 여가·문화(×0.63)","의류·신발(×5.13), 의료비(×1.91)",성내2동 일대 안정적인 주거 배후지를 중심으로 형성된 근린 생활 상권,초과달성,식어가는 강세상권,⑤ 경고(둔화),,,1.56069571117927,2640245670.8333607,-0.0721920351248648,"[근린주거형] 인구·인프라로 본 기대소비 대비 실제 ×1.56 (분기 약 26억 원 웃돎, 추세 악화). 유사 원형 동 대비 교육(×0.47), 여가·문화(×0.63) 비중이 낮아 해당 업종 공급 여지. 의류·신발(×5.13), 의료비(×1.91)은 이미 강세라 신규 진입 시 차별화 필요. 강세였으나 식는 중 — 신규 진입 보수적, 업종 전환 수요 관찰.",,22588.397500000003,1804.3333333333333,0.0789698106771277,0.3543834214565922,0.3635156664896442,0.2711236502035758,202618082.0,0.5566037735849056,3.0,113.0,127.12770283898251,37.534402234876005
강동구,11740660,성내3동,생활압박형,1,-,대단지·생활근린형,가족·아파트단지형,지하철 및 시내버스 대중교통 이용 원활,안정적인 주거 배후수요를 갖춘 생활 밀착형 상권,외부 유입 한계 및 자체 배후수요 의존도 높음,다인 가구 및 일반 중장년·가족 단위 거주,#역세권,,#외부유입한계,"편의점, 베이커리, 중소형 마트, 근린의원(내과/치과)","고가 사치재, 외지인 유입 중심 대형 매장","[데이터] 생활용품·무인점포·세탁 / 식자재마트·정육·반찬가게  [현장키워드] 편의점, 베이커리, 중소형 마트, 근린의원(내과/치과)","생활용품(×0.51), 식료품(×0.72)","의류·신발(×1.87), 음식(×1.44)",성내3동 일대 안정적인 주거 배후지를 중심으로 형성된 근린 생활 상권,기대수준,성장하는 강세상권,③ 확장형,,,1.020730932858858,156256943.89519882,0.0512645711741581,"[가족·아파트단지형] 인구·인프라로 본 기대소비 대비 실제 ×1.02 (분기 약 2억 원 웃돎, 추세 개선). 유사 원형 동 대비 생활용품(×0.51), 식료품(×0.72) 비중이 낮아 해당 업종 공급 여지. 의류·신발(×1.87), 음식(×1.44)은 이미 강세라 신규 진입 시 차별화 필요. 이미 강하고 더 커지는 중 — 핵심가 대신 2선 입지·배후 골목 공략.",,20519.991666666665,4360.333333333333,0.1638657335175857,0.293273302723666,0.3437696284485674,0.1769198434555732,212466670.0,0.8372641509433962,1.0,136.0,127.1337677263742,37.52834980622234
강동구,11740685,길동,생활압박형,1,-,대단지·생활근린형,근린주거형,지하철 및 시내버스 대중교통 이용 원활,안정적인 주거 배후수요를 갖춘 생활 밀착형 상권,외부 유입 한계 및 자체 배후수요 의존도 높음,다인 가구 및 일반 중장년·가족 단위 거주,#역세권 #집객시설밀집 #의료허브,,#외부유입한계 #소비위축추세,"편의점, 베이커리, 중소형 마트, 근린의원(내과/치과)","고가 사치재, 외지인 유입 중심 대형 매장","[데이터] 의류·잡화 편집숍 / 학원·스터디카페·키즈교육  [현장키워드] 편의점, 베이커리, 중소형 마트, 근린의원(내과/치과)","의류·신발(×0.67), 교육(×0.71)","생활용품(×2.64), 유흥(×1.99)",길동 일대 안정적인 주거 배후지를 중심으로 형성된 근린 생활 상권,기대수준,위축되는 약세상권,⑥ 주의(위축),,,0.6870650345979764,-6101137553.526119,-0.0674785796304306,"[근린주거형] 인구·인프라로 본 기대소비 대비 실제 ×0.69 (분기 약 61억 원 밑돎, 추세 악화). 유사 원형 동 대비 의류·신발(×0.67), 교육(×0.71) 비중이 낮아 해당 업종 공급 여지. 생활용품(×2.64), 유흥(×1.99)은 이미 강세라 신규 진입 시 차별화 필요. 기대보다 약하고 더 약해지는 중 — 원인(재건축·공동화) 확인 전 진입 보류.",,41339.905,8642.0,0.2192589255546795,0.3023763937380335,0.341996669803808,0.1875865730350635,227597799.0,0.6792452830188679,1.0,242.0,127.14596287718912,37.53969697581689
강동구,11740690,둔촌1동,,,,,근린주거형,,,,,#역세권,,,,,[데이터] 식자재마트·정육·반찬가게,식료품(×0.69),"여가·문화(×6.01), 교육(×2.29)",,데이터점검,데이터점검,데이터점검,,,0.2197583276441158,-91818524.10056674,0.0041321905042889,데이터 집계 이상으로 해석 제외 (현장·원자료 확인 필요),"배율 극단(×0.25↓): 인접 거대상권 흡수·재건축 이주 가능성, 인접 동과 묶어 해석",12755.750833333334,0.0,0.0,0.0625,,,,,1.0,14.0,127.14042130885898,37.52306221389546
강동구,11740700,둔촌2동,알뜰안정형,3,"올림픽파크포레온(둔촌주공 재건축 12,032세대), 둔촌푸르지오",단군이래최대·매머드대단지형,가족·아파트단지형,"5호선 둔촌동역, 9호선 둔촌오륜역·중앙보훈병원역","12,032세대 초대형 단지 올림픽파크포레온 입주에 따른 인구 폭발, 올림픽공원 인접, 중앙보훈병원","단지 내 대규모 상가 분양/입점 경쟁 과열, 단지 완공 전후 일대 도로 혼잡","신규 입주 3040 중산층 가족, 신혼부부, 보훈병원 방문 고령층",#역세권 #의료허브 #공원·숲세권,#고령층 #3040맞벌이 #신축입주,#교통정체 #경쟁과열,"대형 소아과/내과/정형외과, 입시·예체능 학원, 프리미엄 프랜차이즈 카페, 친환경 반찬가게","슬럼화된 노후 업종, 소규모 단순 소매점","[데이터] 식자재마트·정육·반찬가게  [현장키워드] 대형 소아과/내과/정형외과, 입시·예체능 학원, 프리미엄 프랜차이즈 카페, 친환경 반찬가게",식료품(×0.73),"생활용품(×3.86), 여가·문화(×1.64)",1.2만 세대 올림픽파크포레온 입주로 서울 동남권에서 가장 폭발적인 상권 지각변동이 일어나는 지역,기대수준,안정(저평가),② 유출보완형 기회,60.1,96.0,0.7346436886292037,-1599776536.6991282,0.0010393344124259,"[가족·아파트단지형] 인구·인프라로 본 기대소비 대비 실제 ×0.73 (분기 약 16억 원 밑돎, 추세 보합). 유사 원형 동 대비 식료품(×0.73) 비중이 낮아 해당 업종 공급 여지. 생활용품(×3.86), 여가·문화(×1.64)은 이미 강세라 신규 진입 시 차별화 필요. 수요 대비 소비가 꾸준히 밖으로 샘 — 빠진 필수업종을 채우는 근린형 진입.",,22817.004166666666,2383.6666666666665,0.1027323757635793,0.2805844477464091,0.3171899012074643,0.137611855104281,261960069.0,0.7051886792452831,1.0,129.0,127.14724759874731,37.531307071589495
강북구,11305534,삼양동,생활압박형,1,-,대단지·생활근린형,가족·아파트단지형,지하철 및 시내버스 대중교통 이용 원활,안정적인 주거 배후수요를 갖춘 생활 밀착형 상권,외부 유입 한계 및 자체 배후수요 의존도 높음,다인 가구 및 일반 중장년·가족 단위 거주,#다중역세권,#가성비선호 #가족세대 #주말나들이,#외부유입한계,"편의점, 베이커리, 중소형 마트, 근린의원(내과/치과)","고가 사치재, 외지인 유입 중심 대형 매장","[데이터] 음식점·카페·배달전문점 / 의류·잡화 편집숍  [현장키워드] 편의점, 베이커리, 중소형 마트, 근린의원(내과/치과)","음식(×0.35), 의류·신발(×0.69)","생활용품(×1.93), 식료품(×1.62)",삼양동 일대 안정적인 주거 배후지를 중심으로 형성된 근린 생활 상권,기대수준,떠오르는 잠재상권,① 선점형 기회,66.5,60.0,0.751755190216783,-1132329992.3093553,0.0714426710048544,"[가족·아파트단지형] 인구·인프라로 본 기대소비 대비 실제 ×0.75 (분기 약 11억 원 밑돎, 추세 개선). 유사 원형 동 대비 음식(×0.35), 의류·신발(×0.69) 비중이 낮아 해당 업종 공급 여지. 생활용품(×1.93), 식료품(×1.62)은 이미 강세라 신규 진입 시 차별화 필요. 기대보다 덜 쓰지만 격차가 줄어드는 중 — 임대료 오르기 전 진입 적기.",,23406.13333333333,130.75,0.0051334702258726,0.2412284617444871,0.2954810364924236,0.163878328700798,154930571.0,0.7641509433962265,3.0,165.0,127.01492989664489,37.623803893509766
강북구,11305535,미아동,생활압박형,1,"SK북한산시티(3,830세대), 두산위브트레지움, 래미안트리베라",매머드단지·백화점몰세권,가족·아파트단지형,"4호선 미아사거리역, 우이신설선 삼양사거리역","미아사거리역 현대백화점·이마트 쇼핑인프라, 북한산시티 등 거대한 아파트 배후","미아사거리 먹자골목 유흥가 혼재, 삼각산동 일대 가파른 고지대 경사","대단지 패밀리 거주민, 백화점 쇼핑객, 북한산 등산객",#역세권 #언덕지형 #몰세권,#가성비선호,#유흥가소음,"가족형 외식, 이비인후과/소아과, 생활밀착 프랜차이즈, 등산객 타겟 주점/전집",초고가 럭셔리 매장,"[데이터] 학원·스터디카페·키즈교육 / 피트니스·필라테스·키즈카페·공방  [현장키워드] 가족형 외식, 이비인후과/소아과, 생활밀착 프랜차이즈, 등산객 타겟 주점/전집","교육(×0.30), 여가·문화(×0.63)","의류·신발(×3.22), 의료비(×2.17)",미아사거리의 백화점·먹자골목 인프라와 배후 산자락 대단지 아파트 소비가 맞물린 상권,기대수준,안정(저평가),② 유출보완형 기회,55.1,116.0,0.8832271495576857,-766972774.4961586,0.0494816336801524,"[가족·아파트단지형] 인구·인프라로 본 기대소비 대비 실제 ×0.88 (분기 약 8억 원 밑돎, 추세 보합). 유사 원형 동 대비 교육(×0.30), 여가·문화(×0.63) 비중이 낮아 해당 업종 공급 여지. 의류·신발(×3.22), 의료비(×2.17)은 이미 강세라 신규 진입 시 차별화 필요. 수요 대비 소비가 꾸준히 밖으로 샘 — 빠진 필수업종을 채우는 근린형 진입.",,19992.37583333333,1838.75,0.0288853701837723,0.2988340290772995,0.3378931602596106,0.257770344483275,135422312.0,0.7712264150943396,1.0,144.0,127.02638390140945,37.62864018743246
강북구,11305545,송중동,생활압박형,1,-,대단지·생활근린형,가족·아파트단지형,지하철 및 시내버스 대중교통 이용 원활,안정적인 주거 배후수요를 갖춘 생활 밀착형 상권,외부 유입 한계 및 자체 배후수요 의존도 높음,다인 가구 및 일반 중장년·가족 단위 거주,#역세권공백 #집객시설밀집 #몰세권,#가성비선호 #가족세대,#외부유입한계,"편의점, 베이커리, 중소형 마트, 근린의원(내과/치과)","고가 사치재, 외지인 유입 중심 대형 매장","[데이터] 학원·스터디카페·키즈교육 / 식자재마트·정육·반찬가게  [현장키워드] 편의점, 베이커리, 중소형 마트, 근린의원(내과/치과)","교육(×0.50), 식료품(×0.54)","생활용품(×3.69), 유흥(×2.31)",송중동 일대 안정적인 주거 배후지를 중심으로 형성된 근린 생활 상권,기대수준,안정(초과),④ 검증·포화형,,,1.3910220856964823,2533144832.123804,-0.0033727543567381,"[가족·아파트단지형] 인구·인프라로 본 기대소비 대비 실제 ×1.39 (분기 약 25억 원 웃돎, 추세 보합). 유사 원형 동 대비 교육(×0.50), 식료품(×0.54) 비중이 낮아 해당 업종 공급 여지. 생활용품(×3.69), 유흥(×2.31)은 이미 강세라 신규 진입 시 차별화 필요. 수요는 검증됐지만 경쟁 치열 — 차별화 콘셉트 없으면 비추천.",,26522.21583333333,996.3333333333334,0.0349244120940649,0.2626329787234042,0.3078375113258834,0.212896783449109,173873411.0,0.7264150943396226,0.0,212.0,127.0329835271576,37.617673512388606
강북구,11305555,송천동,생활압박형,1,-,대단지·생활근린형,근린주거형,지하철 및 시내버스 대중교통 이용 원활,안정적인 주거 배후수요를 갖춘 생활 밀착형 상권,외부 유입 한계 및 자체 배후수요 의존도 높음,다인 가구 및 일반 중장년·가족 단위 거주,#역세권,,#외부유입한계,"편의점, 베이커리, 중소형 마트, 근린의원(내과/치과)","고가 사치재, 외지인 유입 중심 대형 매장","[데이터] 생활용품·무인점포·세탁  [현장키워드] 편의점, 베이커리, 중소형 마트, 근린의원(내과/치과)",생활용품(×0.57),"의류·신발(×1.40), 의료비(×1.37)",송천동 일대 안정적인 주거 배후지를 중심으로 형성된 근린 생활 상권,기대수준,안정(저평가),② 유출보완형 기회,66.6,58.0,0.6806722515294548,-2226126041.110569,0.0313829394409001,"[근린주거형] 인구·인프라로 본 기대소비 대비 실제 ×0.68 (분기 약 22억 원 밑돎, 추세 보합). 유사 원형 동 대비 생활용품(×0.57) 비중이 낮아 해당 업종 공급 여지. 의류·신발(×1.40), 의료비(×1.37)은 이미 강세라 신규 진입 시 차별화 필요. 수요 대비 소비가 꾸준히 밖으로 샘 — 빠진 필수업종을 채우는 근린형 진입.",,25139.48833333333,455.5833333333333,0.0156780345886536,0.2382010667528689,0.2814989432612583,0.220336937083401,191442343.0,0.5589622641509434,1.0,164.0,127.02490771890918,37.61818905650258
강북구,11305575,삼각산동,알뜰안정형,3,"SK북한산시티(3,830세대), 두산위브트레지움, 래미안트리베라",매머드단지·백화점몰세권,근린주거형,"4호선 미아사거리역, 우이신설선 삼양사거리역","미아사거리역 현대백화점·이마트 쇼핑인프라, 북한산시티 등 거대한 아파트 배후","미아사거리 먹자골목 유흥가 혼재, 삼각산동 일대 가파른 고지대 경사","대단지 패밀리 거주민, 백화점 쇼핑객, 북한산 등산객",#역세권공백 #언덕지형 #몰세권,#주말나들이,#유흥가소음,"가족형 외식, 이비인후과/소아과, 생활밀착 프랜차이즈, 등산객 타겟 주점/전집",초고가 럭셔리 매장,"[데이터] 주점·이자카야·노래방 / 의류·잡화 편집숍  [현장키워드] 가족형 외식, 이비인후과/소아과, 생활밀착 프랜차이즈, 등산객 타겟 주점/전집","유흥(×0.35), 의류·신발(×0.62)",교육(×2.86),미아사거리의 백화점·먹자골목 인프라와 배후 산자락 대단지 아파트 소비가 맞물린 상권,기대수준,안정(초과),④ 검증·포화형,,,1.1603096251813574,380409341.4965668,0.0205402741577396,"[근린주거형] 인구·인프라로 본 기대소비 대비 실제 ×1.16 (분기 약 4억 원 웃돎, 추세 보합). 유사 원형 동 대비 유흥(×0.35), 의류·신발(×0.62) 비중이 낮아 해당 업종 공급 여지. 교육(×2.86)은 이미 강세라 신규 진입 시 차별화 필요. 수요는 검증됐지만 경쟁 치열 — 차별화 콘셉트 없으면 비추천.",,24279.460000000003,338.75,0.0122206247549339,0.2121291334466082,0.2855154343732088,0.109060018013592,526437193.0,0.2900943396226415,0.0,114.0,127.01652563113764,37.61716340159416
강북구,11305595,번1동,생활압박형,1,"수유벽산1차, 번동주공1단지, 수유역 일대 주거지",동북부최대·교통유흥형,근린주거형,"4호선 수유역, 미아역, 도봉로 축선(경기북부 버스 총집결)","강북구청 인근 수유역 먹자골목의 거대한 야간 유동인구, 경기 북부(의정부/양주) 관문 환승객","모텔촌 및 유흥주점 밀집으로 심야 소음과 취객 빈번, 보행로 혼잡","2030 대학생/청년층, 도봉로 환승 통근자, 지역 주민",#역세권공백 #환승요충지,#가성비선호,#유흥가소음 #교통정체,"포차/주점, 고깃집, 가성비 노래방/PC방, 테이크아웃 분식, 숙취해소 24시 식당","조용한 힐링 북카페, 고급 유아복","[데이터] 식자재마트·정육·반찬가게 / 생활용품·무인점포·세탁  [현장키워드] 포차/주점, 고깃집, 가성비 노래방/PC방, 테이크아웃 분식, 숙취해소 24시 식당","식료품(×0.40), 생활용품(×0.51)","의료비(×2.27), 유흥(×1.92)",경기 북부와 서울을 잇는 관문이자 강북구 전체에서 가장 강력한 나이트라이프 상권,기대수준,안정(초과),④ 검증·포화형,,,1.2185531922831805,1296105078.9784174,0.0377979121163971,"[근린주거형] 인구·인프라로 본 기대소비 대비 실제 ×1.22 (분기 약 13억 원 웃돎, 추세 보합). 유사 원형 동 대비 식료품(×0.40), 생활용품(×0.51) 비중이 낮아 해당 업종 공급 여지. 의료비(×2.27), 유흥(×1.92)은 이미 강세라 신규 진입 시 차별화 필요. 수요는 검증됐지만 경쟁 치열 — 차별화 콘셉트 없으면 비추천.",,17190.2,1876.5,0.111994469408918,0.3079847908745247,0.3492518120177694,0.2889303249941548,128086833.0,0.4433962264150943,0.0,136.0,127.03061306222838,37.63755892469418
강북구,11305603,번2동,생활압박형,1,"수유벽산1차, 번동주공1단지, 수유역 일대 주거지",동북부최대·교통유흥형,가족·아파트단지형,"4호선 수유역, 미아역, 도봉로 축선(경기북부 버스 총집결)","강북구청 인근 수유역 먹자골목의 거대한 야간 유동인구, 경기 북부(의정부/양주) 관문 환승객","모텔촌 및 유흥주점 밀집으로 심야 소음과 취객 빈번, 보행로 혼잡","2030 대학생/청년층, 도봉로 환승 통근자, 지역 주민",#역세권공백 #환승요충지,#가성비선호 #가족세대,#유흥가소음 #교통정체 #소비유출,"포차/주점, 고깃집, 가성비 노래방/PC방, 테이크아웃 분식, 숙취해소 24시 식당","조용한 힐링 북카페, 고급 유아복","[데이터] 의류·잡화 편집숍 / 음식점·카페·배달전문점  [현장키워드] 포차/주점, 고깃집, 가성비 노래방/PC방, 테이크아웃 분식, 숙취해소 24시 식당","의류·신발(×0.26), 음식(×0.68)",여가·문화(×3.05),경기 북부와 서울을 잇는 관문이자 강북구 전체에서 가장 강력한 나이트라이프 상권,저평가,떠오르는 잠재상권,① 선점형 기회,67.4,53.0,0.4520166512299501,-1266234271.4485905,0.0711709430099783,"[가족·아파트단지형] 인구·인프라로 본 기대소비 대비 실제 ×0.45 (분기 약 13억 원 밑돎, 추세 개선). 유사 원형 동 대비 의류·신발(×0.26), 음식(×0.68) 비중이 낮아 해당 업종 공급 여지. 여가·문화(×3.05)은 이미 강세라 신규 진입 시 차별화 필요. 기대보다 덜 쓰지만 격차가 줄어드는 중 — 임대료 오르기 전 진입 적기.",,14981.925,607.5,0.0244854029328669,0.2297188214718148,0.2781093503464362,0.1884310900734033,101304348.0,0.9669811320754716,0.0,110.0,127.0347446719472,37.62948494887264
강북구,11305608,번3동,생활압박형,1,"수유벽산1차, 번동주공1단지, 수유역 일대 주거지",동북부최대·교통유흥형,근린주거형,"4호선 수유역, 미아역, 도봉로 축선(경기북부 버스 총집결)","강북구청 인근 수유역 먹자골목의 거대한 야간 유동인구, 경기 북부(의정부/양주) 관문 환승객","모텔촌 및 유흥주점 밀집으로 심야 소음과 취객 빈번, 보행로 혼잡","2030 대학생/청년층, 도봉로 환승 통근자, 지역 주민",#역세권공백 #환승요충지,,#유흥가소음 #교통정체 #소비위축추세,"포차/주점, 고깃집, 가성비 노래방/PC방, 테이크아웃 분식, 숙취해소 24시 식당","조용한 힐링 북카페, 고급 유아복","[데이터] 주점·이자카야·노래방 / 생활용품·무인점포·세탁  [현장키워드] 포차/주점, 고깃집, 가성비 노래방/PC방, 테이크아웃 분식, 숙취해소 24시 식당","유흥(×0.35), 생활용품(×0.43)","의류·신발(×1.97), 식료품(×1.63)",경기 북부와 서울을 잇는 관문이자 강북구 전체에서 가장 강력한 나이트라이프 상권,기대수준,위축되는 약세상권,⑥ 주의(위축),,,0.8708353488397225,-292762779.336617,-0.0596429471701806,"[근린주거형] 인구·인프라로 본 기대소비 대비 실제 ×0.87 (분기 약 3억 원 밑돎, 추세 악화). 유사 원형 동 대비 유흥(×0.35), 생활용품(×0.43) 비중이 낮아 해당 업종 공급 여지. 의류·신발(×1.97), 식료품(×1.63)은 이미 강세라 신규 진입 시 차별화 필요. 기대보다 약하고 더 약해지는 중 — 원인(재건축·공동화) 확인 전 진입 보류.",,17142.040833333333,338.5,0.0160185864514551,0.2016385424309122,0.2324025596276905,0.1901401977894124,229654462.0,0.2877358490566037,0.0,95.0,127.04218425533922,37.62368917919007
강북구,11305615,수유1동,생활압박형,1,"수유벽산1차, 번동주공1단지, 수유역 일대 주거지",동북부최대·교통유흥형,가족·아파트단지형,"4호선 수유역, 미아역, 도봉로 축선(경기북부 버스 총집결)","강북구청 인근 수유역 먹자골목의 거대한 야간 유동인구, 경기 북부(의정부/양주) 관문 환승객","모텔촌 및 유흥주점 밀집으로 심야 소음과 취객 빈번, 보행로 혼잡","2030 대학생/청년층, 도봉로 환승 통근자, 지역 주민",#역세권 #환승요충지,#가성비선호 #가족세대,#유흥가소음 #교통정체,"포차/주점, 고깃집, 가성비 노래방/PC방, 테이크아웃 분식, 숙취해소 24시 식당","조용한 힐링 북카페, 고급 유아복","[데이터] 학원·스터디카페·키즈교육 / 의원(내과·소아과·치과)·약국  [현장키워드] 포차/주점, 고깃집, 가성비 노래방/PC방, 테이크아웃 분식, 숙취해소 24시 식당","교육(×0.15), 의료비(×0.60)","의류·신발(×2.58), 생활용품(×2.21)",경기 북부와 서울을 잇는 관문이자 강북구 전체에서 가장 강력한 나이트라이프 상권,기대수준,안정(초과),④ 검증·포화형,,,1.133745883206458,569028828.5991216,-0.0177196691713429,"[가족·아파트단지형] 인구·인프라로 본 기대소비 대비 실제 ×1.13 (분기 약 6억 원 웃돎, 추세 보합). 유사 원형 동 대비 교육(×0.15), 의료비(×0.60) 비중이 낮아 해당 업종 공급 여지. 의류·신발(×2.58), 생활용품(×2.21)은 이미 강세라 신규 진입 시 차별화 필요. 수요는 검증됐지만 경쟁 치열 — 차별화 콘셉트 없으면 비추천.",,18859.118333333336,958.5833333333334,0.0475758492087491,0.2742163088398347,0.3098584051953582,0.2257787714255296,125457938.0,0.8773584905660378,1.0,153.0,127.01001447423752,37.629732905721454
강북구,11305625,수유2동,생활압박형,1,"수유벽산1차, 번동주공1단지, 수유역 일대 주거지",동북부최대·교통유흥형,가족·아파트단지형,"4호선 수유역, 미아역, 도봉로 축선(경기북부 버스 총집결)","강북구청 인근 수유역 먹자골목의 거대한 야간 유동인구, 경기 북부(의정부/양주) 관문 환승객","모텔촌 및 유흥주점 밀집으로 심야 소음과 취객 빈번, 보행로 혼잡","2030 대학생/청년층, 도봉로 환승 통근자, 지역 주민",#역세권 #환승요충지,#가성비선호 #가족세대 #야간소비 #주말나들이,#유흥가소음 #교통정체 #소비유출,"포차/주점, 고깃집, 가성비 노래방/PC방, 테이크아웃 분식, 숙취해소 24시 식당","조용한 힐링 북카페, 고급 유아복","[현장키워드] 포차/주점, 고깃집, 가성비 노래방/PC방, 테이크아웃 분식, 숙취해소 24시 식당",,의류·신발(×1.38),경기 북부와 서울을 잇는 관문이자 강북구 전체에서 가장 강력한 나이트라이프 상권,저평가,안정(저평가),② 유출보완형 기회,61.9,87.0,0.6658366536847267,-1146704395.3976698,0.0217167236618955,"[가족·아파트단지형] 인구·인프라로 본 기대소비 대비 실제 ×0.67 (분기 약 11억 원 밑돎, 추세 보합). 의류·신발(×1.38)은 이미 강세라 신규 진입 시 차별화 필요. 수요 대비 소비가 꾸준히 밖으로 샘 — 빠진 필수업종을 채우는 근린형 진입.",,18522.25,1272.0833333333333,0.064091308165057,0.2394400546288167,0.2808613728129206,0.1572877523553162,139567075.0,0.8466981132075472,1.0,85.0,127.019364631901,37.64541789161528
강북구,11305635,수유3동,생활압박형,1,"수유벽산1차, 번동주공1단지, 수유역 일대 주거지",동북부최대·교통유흥형,근린주거형,"4호선 수유역, 미아역, 도봉로 축선(경기북부 버스 총집결)","강북구청 인근 수유역 먹자골목의 거대한 야간 유동인구, 경기 북부(의정부/양주) 관문 환승객","모텔촌 및 유흥주점 밀집으로 심야 소음과 취객 빈번, 보행로 혼잡","2030 대학생/청년층, 도봉로 환승 통근자, 지역 주민",#역세권 #환승요충지,#가성비선호 #2030청년가구 #야간소비,#유흥가소음 #교통정체,"포차/주점, 고깃집, 가성비 노래방/PC방, 테이크아웃 분식, 숙취해소 24시 식당","조용한 힐링 북카페, 고급 유아복","[데이터] 학원·스터디카페·키즈교육 / 식자재마트·정육·반찬가게  [현장키워드] 포차/주점, 고깃집, 가성비 노래방/PC방, 테이크아웃 분식, 숙취해소 24시 식당","교육(×0.17), 식료품(×0.55)","유흥(×4.69), 음식(×1.60)",경기 북부와 서울을 잇는 관문이자 강북구 전체에서 가장 강력한 나이트라이프 상권,기대수준,안정(초과),④ 검증·포화형,,,1.0357785370883692,387026053.2443085,-0.0283169723853911,"[근린주거형] 인구·인프라로 본 기대소비 대비 실제 ×1.04 (분기 약 4억 원 웃돎, 추세 보합). 유사 원형 동 대비 교육(×0.17), 식료품(×0.55) 비중이 낮아 해당 업종 공급 여지. 유흥(×4.69), 음식(×1.60)은 이미 강세라 신규 진입 시 차별화 필요. 수요는 검증됐지만 경쟁 치열 — 차별화 콘셉트 없으면 비추천.",,21046.191666666666,2723.4166666666665,0.1188446145815207,0.3286497302940664,0.3468313056110405,0.2781314690394044,125310129.0,0.6509433962264151,1.0,158.0,127.0234422357564,37.64049777793631
강북구,11305645,우이동,생활압박형,1,-,대단지·생활근린형,가족·아파트단지형,지하철 및 시내버스 대중교통 이용 원활,안정적인 주거 배후수요를 갖춘 생활 밀착형 상권,외부 유입 한계 및 자체 배후수요 의존도 높음,다인 가구 및 일반 중장년·가족 단위 거주,#다중역세권,#가성비선호 #가족세대 #주말나들이,#외부유입한계,"편의점, 베이커리, 중소형 마트, 근린의원(내과/치과)","고가 사치재, 외지인 유입 중심 대형 매장","[데이터] 학원·스터디카페·키즈교육 / 의원(내과·소아과·치과)·약국  [현장키워드] 편의점, 베이커리, 중소형 마트, 근린의원(내과/치과)","교육(×0.14), 의료비(×0.35)",음식(×1.92),우이동 일대 안정적인 주거 배후지를 중심으로 형성된 근린 생활 상권,기대수준,안정(저평가),② 유출보완형 기회,47.9,147.0,0.8460666612849651,-661757126.0543709,-0.0002207208470586,"[가족·아파트단지형] 인구·인프라로 본 기대소비 대비 실제 ×0.85 (분기 약 7억 원 밑돎, 추세 보합). 유사 원형 동 대비 교육(×0.14), 의료비(×0.35) 비중이 낮아 해당 업종 공급 여지. 음식(×1.92)은 이미 강세라 신규 진입 시 차별화 필요. 수요 대비 소비가 꾸준히 밖으로 샘 — 빠진 필수업종을 채우는 근린형 진입.",,18015.30833333333,1559.25,0.0915713852069209,0.2371243549529495,0.2744580169472873,0.1687982832618025,144599549.0,0.9622641509433962,3.0,132.0,127.00048732938124,37.66034876374321
강북구,11305660,인수동,생활압박형,1,-,대단지·생활근린형,가족·아파트단지형,지하철 및 시내버스 대중교통 이용 원활,안정적인 주거 배후수요를 갖춘 생활 밀착형 상권,외부 유입 한계 및 자체 배후수요 의존도 높음,다인 가구 및 일반 중장년·가족 단위 거주,#역세권공백 #집객시설밀집 #의료허브,#가성비선호 #가족세대,#외부유입한계 #소비유출,"편의점, 베이커리, 중소형 마트, 근린의원(내과/치과)","고가 사치재, 외지인 유입 중심 대형 매장","[데이터] 피트니스·필라테스·키즈카페·공방  [현장키워드] 편의점, 베이커리, 중소형 마트, 근린의원(내과/치과)",여가·문화(×0.59),"식료품(×1.41), 생활용품(×1.40)",인수동 일대 안정적인 주거 배후지를 중심으로 형성된 근린 생활 상권,저평가,안정(저평가),② 유출보완형 기회,67.0,57.0,0.5458602851459551,-2191911431.8907013,-0.015173963096363,"[가족·아파트단지형] 인구·인프라로 본 기대소비 대비 실제 ×0.55 (분기 약 22억 원 밑돎, 추세 보합). 유사 원형 동 대비 여가·문화(×0.59) 비중이 낮아 해당 업종 공급 여지. 식료품(×1.41), 생활용품(×1.40)은 이미 강세라 신규 진입 시 차별화 필요. 수요 대비 소비가 꾸준히 밖으로 샘 — 빠진 필수업종을 채우는 근린형 진입.",,27196.615,2633.4166666666665,0.0995218273762427,0.2377446764594585,0.2821228011454498,0.1729301945033285,133012223.0,0.9528301886792452,0.0,175.0,127.00354621327511,37.63740066563136
강서구,11500510,염창동,알뜰안정형,3,-,서민베드타운·생활근린형,근린주거형,마을버스 및 시내버스 연계망 중심,"오랜 정주기간을 가진 지역 토착민 단골 형성 용이, 가성비 상품 반응 우수","노후 주택가 골목길 주차 불편, 주민 평균 연령 상승에 따른 소비 단가 한계",지역 토착 다인가구 및 어르신/시니어층,#다중역세권 #주차난,#고령층,#노후상권,"가성비 식료품/정육점, 내과/정형외과/약국, 생활밀착 철물/잡화, 국밥/백반집","초고가 프리미엄 사치재, 유행성 팝업스토어","[데이터] 주점·이자카야·노래방  [현장키워드] 가성비 식료품/정육점, 내과/정형외과/약국, 생활밀착 철물/잡화, 국밥/백반집",유흥(×0.43),"생활용품(×3.27), 교육(×2.84)",지역 주민들의 생필품과 가성비 외식을 책임지는 탄탄한 골목형 생활 상권,기대수준,안정(저평가),② 유출보완형 기회,57.2,106.0,0.914326663841884,-633779541.9580917,-0.0135137232680477,"[근린주거형] 인구·인프라로 본 기대소비 대비 실제 ×0.91 (분기 약 6억 원 밑돎, 추세 보합). 유사 원형 동 대비 유흥(×0.43) 비중이 낮아 해당 업종 공급 여지. 생활용품(×3.27), 교육(×2.84)은 이미 강세라 신규 진입 시 차별화 필요. 수요 대비 소비가 꾸준히 밖으로 샘 — 빠진 필수업종을 채우는 근린형 진입.",,33772.325000000004,2372.333333333333,0.0636363636363636,0.3041212121212121,0.3384806685752292,0.0999852520170035,416686264.0,0.4009433962264151,2.0,147.0,126.8718101199864,37.55453902900823
강서구,11500520,등촌1동,알뜰안정형,3,-,1인청년·원룸배달형,청년1인·원룸형,"지하철역 접근 용이, 버스 환승망 발달","2030 청년 1인가구 밀집으로 배달음식, 간편식, 코인세탁 등 편의수요 최상","원룸촌 특유의 주차난, 잦은 이사로 인한 단골 고객 유지 어려움",2030 청년 직장인 및 취준생 1인가구,#역세권공백 #환승요충지 #주차난,#2030청년가구,#소비위축추세,"배달 전문점, 코인빨래방, 무인 프린트/카페, 1인 피트니스, 가성비 주점","대형 가족형 식당, 대형 키즈카페","[현장키워드] 배달 전문점, 코인빨래방, 무인 프린트/카페, 1인 피트니스, 가성비 주점",,"의류·신발(×2.18), 생활용품(×1.89)",청년 1인가구의 실속형 소비와 배달·포장 수요가 지배적인 역동적 소형 상권,기대수준,식어가는 강세상권,⑤ 경고(둔화),,,1.327368101735976,3061749884.53248,-0.528043359126507,"[청년1인·원룸형] 인구·인프라로 본 기대소비 대비 실제 ×1.33 (분기 약 31억 원 웃돎, 추세 악화). 의류·신발(×2.18), 생활용품(×1.89)은 이미 강세라 신규 진입 시 차별화 필요. 강세였으나 식는 중 — 신규 진입 보수적, 업종 전환 수요 관찰.",,21625.804166666665,5105.083333333333,0.2412866482172221,0.4562226767737536,0.4323395954370043,0.2755455663457868,234537129.0,0.2995283018867924,0.0,95.0,126.85960771313442,37.55585862609211
강서구,11500530,등촌2동,알뜰안정형,3,-,서민베드타운·생활근린형,가족·아파트단지형,마을버스 및 시내버스 연계망 중심,"오랜 정주기간을 가진 지역 토착민 단골 형성 용이, 가성비 상품 반응 우수","노후 주택가 골목길 주차 불편, 주민 평균 연령 상승에 따른 소비 단가 한계",지역 토착 다인가구 및 어르신/시니어층,#역세권공백 #주차난,#고령층,#노후상권,"가성비 식료품/정육점, 내과/정형외과/약국, 생활밀착 철물/잡화, 국밥/백반집","초고가 프리미엄 사치재, 유행성 팝업스토어","[데이터] 피트니스·필라테스·키즈카페·공방 / 의원(내과·소아과·치과)·약국  [현장키워드] 가성비 식료품/정육점, 내과/정형외과/약국, 생활밀착 철물/잡화, 국밥/백반집","여가·문화(×0.65), 의료비(×0.67)","의류·신발(×12.62), 생활용품(×3.99)",지역 주민들의 생필품과 가성비 외식을 책임지는 탄탄한 골목형 생활 상권,기대수준,안정(저평가),② 유출보완형 기회,43.5,159.0,0.9735219429510604,-67285163.72402573,-0.0001976738026958,"[가족·아파트단지형] 인구·인프라로 본 기대소비 대비 실제 ×0.97 (분기 약 1억 원 밑돎, 추세 보합). 유사 원형 동 대비 여가·문화(×0.65), 의료비(×0.67) 비중이 낮아 해당 업종 공급 여지. 의류·신발(×12.62), 생활용품(×3.99)은 이미 강세라 신규 진입 시 차별화 필요. 수요 대비 소비가 꾸준히 밖으로 샘 — 빠진 필수업종을 채우는 근린형 진입.",,17568.7,2433.75,0.1440037282518641,0.3104287489643745,0.343074391420303,0.1232083073256539,218053706.0,0.9245283018867924,0.0,58.0,126.86002255940238,37.54584002476165
강서구,11500535,등촌3동,생활압박형,1,-,1인청년·원룸배달형,근린주거형,"지하철역 접근 용이, 버스 환승망 발달","2030 청년 1인가구 밀집으로 배달음식, 간편식, 코인세탁 등 편의수요 최상","원룸촌 특유의 주차난, 잦은 이사로 인한 단골 고객 유지 어려움",2030 청년 직장인 및 취준생 1인가구,#역세권공백 #집객시설밀집 #의료허브 #환승요충지 #주차난,,,"배달 전문점, 코인빨래방, 무인 프린트/카페, 1인 피트니스, 가성비 주점","대형 가족형 식당, 대형 키즈카페","[데이터] 의류·잡화 편집숍 / 주점·이자카야·노래방  [현장키워드] 배달 전문점, 코인빨래방, 무인 프린트/카페, 1인 피트니스, 가성비 주점","의류·신발(×0.27), 유흥(×0.54)","의료비(×2.28), 교육(×1.68)",청년 1인가구의 실속형 소비와 배달·포장 수요가 지배적인 역동적 소형 상권,기대수준,안정(초과),④ 검증·포화형,,,1.0368813248577111,329721552.59827423,-0.0310147244550992,"[근린주거형] 인구·인프라로 본 기대소비 대비 실제 ×1.04 (분기 약 3억 원 웃돎, 추세 보합). 유사 원형 동 대비 의류·신발(×0.27), 유흥(×0.54) 비중이 낮아 해당 업종 공급 여지. 의료비(×2.28), 교육(×1.68)은 이미 강세라 신규 진입 시 차별화 필요. 수요는 검증됐지만 경쟁 치열 — 차별화 콘셉트 없으면 비추천.",,28890.68333333333,10557.666666666666,0.4162640353861858,0.2659748213678122,0.3075319720200664,0.2182576132268777,342211620.0,0.125,0.0,184.0,126.84619694088194,37.56120284670086
강서구,11500540,화곡1동,생활압박형,1,-,1인청년·원룸배달형,광역집객·관광형,"지하철역 접근 용이, 버스 환승망 발달","2030 청년 1인가구 밀집으로 배달음식, 간편식, 코인세탁 등 편의수요 최상","원룸촌 특유의 주차난, 잦은 이사로 인한 단골 고객 유지 어려움",2030 청년 직장인 및 취준생 1인가구,#다중역세권 #집객시설밀집 #환승요충지 #주차난,#가성비선호 #2030청년가구 #야간소비,#소비위축추세,"배달 전문점, 코인빨래방, 무인 프린트/카페, 1인 피트니스, 가성비 주점","대형 가족형 식당, 대형 키즈카페","[데이터] 학원·스터디카페·키즈교육  [현장키워드] 배달 전문점, 코인빨래방, 무인 프린트/카페, 1인 피트니스, 가성비 주점",교육(×0.53),유흥(×4.24),청년 1인가구의 실속형 소비와 배달·포장 수요가 지배적인 역동적 소형 상권,기대수준,위축되는 약세상권,⑥ 주의(위축),,,0.7743768245073295,-3432383784.422226,-0.0912824910899106,"[광역집객·관광형] 인구·인프라로 본 기대소비 대비 실제 ×0.77 (분기 약 34억 원 밑돎, 추세 악화). 유사 원형 동 대비 교육(×0.53) 비중이 낮아 해당 업종 공급 여지. 유흥(×4.24)은 이미 강세라 신규 진입 시 차별화 필요. 기대보다 약하고 더 약해지는 중 — 원인(재건축·공동화) 확인 전 진입 보류.",,46042.90833333333,4024.0,0.0776264706461975,0.3777663914234476,0.3970185130519124,0.2478899759625522,140481784.0,0.875,2.0,226.0,126.8409243599755,37.533778492505945
강서구,11500550,화곡2동,생활압박형,1,-,서민베드타운·생활근린형,가족·아파트단지형,마을버스 및 시내버스 연계망 중심,"오랜 정주기간을 가진 지역 토착민 단골 형성 용이, 가성비 상품 반응 우수","노후 주택가 골목길 주차 불편, 주민 평균 연령 상승에 따른 소비 단가 한계",지역 토착 다인가구 및 어르신/시니어층,#역세권공백 #주차난,#가성비선호 #주말나들이 #고령층,#노후상권,"가성비 식료품/정육점, 내과/정형외과/약국, 생활밀착 철물/잡화, 국밥/백반집","초고가 프리미엄 사치재, 유행성 팝업스토어","[데이터] 음식점·카페·배달전문점 / 의원(내과·소아과·치과)·약국  [현장키워드] 가성비 식료품/정육점, 내과/정형외과/약국, 생활밀착 철물/잡화, 국밥/백반집","음식(×0.32), 의료비(×0.66)","여가·문화(×7.07), 생활용품(×5.81)",지역 주민들의 생필품과 가성비 외식을 책임지는 탄탄한 골목형 생활 상권,기대수준,성장하는 강세상권,③ 확장형,,,1.0952099751998643,198198772.73192972,0.0533066079089865,"[가족·아파트단지형] 인구·인프라로 본 기대소비 대비 실제 ×1.10 (분기 약 2억 원 웃돎, 추세 개선). 유사 원형 동 대비 음식(×0.32), 의료비(×0.66) 비중이 낮아 해당 업종 공급 여지. 여가·문화(×7.07), 생활용품(×5.81)은 이미 강세라 신규 진입 시 차별화 필요. 이미 강하고 더 커지는 중 — 핵심가 대신 2선 입지·배후 골목 공략.",,17302.49666666667,2933.5,0.1049234199870899,0.289478317000176,0.3284331301541771,0.1620108760607147,127620236.0,0.983490566037736,0.0,65.0,126.85437971009937,37.532264149877726
강서구,11500560,화곡3동,알뜰안정형,3,-,서민베드타운·생활근린형,가족·아파트단지형,마을버스 및 시내버스 연계망 중심,"오랜 정주기간을 가진 지역 토착민 단골 형성 용이, 가성비 상품 반응 우수","노후 주택가 골목길 주차 불편, 주민 평균 연령 상승에 따른 소비 단가 한계",지역 토착 다인가구 및 어르신/시니어층,#역세권공백 #주차난,#야간소비 #고령층,#노후상권,"가성비 식료품/정육점, 내과/정형외과/약국, 생활밀착 철물/잡화, 국밥/백반집","초고가 프리미엄 사치재, 유행성 팝업스토어","[데이터] 생활용품·무인점포·세탁 / 식자재마트·정육·반찬가게  [현장키워드] 가성비 식료품/정육점, 내과/정형외과/약국, 생활밀착 철물/잡화, 국밥/백반집","생활용품(×0.33), 식료품(×0.61)","교육(×1.83), 유흥(×1.64)",지역 주민들의 생필품과 가성비 외식을 책임지는 탄탄한 골목형 생활 상권,기대수준,안정(초과),④ 검증·포화형,,,1.051926891514846,222261481.47740743,0.0330329764249718,"[가족·아파트단지형] 인구·인프라로 본 기대소비 대비 실제 ×1.05 (분기 약 2억 원 웃돎, 추세 보합). 유사 원형 동 대비 생활용품(×0.33), 식료품(×0.61) 비중이 낮아 해당 업종 공급 여지. 교육(×1.83), 유흥(×1.64)은 이미 강세라 신규 진입 시 차별화 필요. 수요는 검증됐지만 경쟁 치열 — 차별화 콘셉트 없으면 비추천.",,19926.375,3014.333333333333,0.1415161427961883,0.2878206039918456,0.3087714116952156,0.1258707422721008,234116665.0,0.7900943396226415,0.0,87.0,126.83430566241292,37.54399573251715
강서구,11500570,화곡4동,생활압박형,1,-,서민베드타운·생활근린형,가족·아파트단지형,마을버스 및 시내버스 연계망 중심,"오랜 정주기간을 가진 지역 토착민 단골 형성 용이, 가성비 상품 반응 우수","노후 주택가 골목길 주차 불편, 주민 평균 연령 상승에 따른 소비 단가 한계",지역 토착 다인가구 및 어르신/시니어층,#역세권공백 #주차난,#가성비선호 #가족세대 #고령층,#노후상권,"가성비 식료품/정육점, 내과/정형외과/약국, 생활밀착 철물/잡화, 국밥/백반집","초고가 프리미엄 사치재, 유행성 팝업스토어","[데이터] 학원·스터디카페·키즈교육  [현장키워드] 가성비 식료품/정육점, 내과/정형외과/약국, 생활밀착 철물/잡화, 국밥/백반집",교육(×0.68),"생활용품(×3.33), 의류·신발(×2.08)",지역 주민들의 생필품과 가성비 외식을 책임지는 탄탄한 골목형 생활 상권,기대수준,안정(초과),④ 검증·포화형,,,1.3250236994385736,1124006520.318337,0.007843214816946,"[가족·아파트단지형] 인구·인프라로 본 기대소비 대비 실제 ×1.33 (분기 약 11억 원 웃돎, 추세 보합). 유사 원형 동 대비 교육(×0.68) 비중이 낮아 해당 업종 공급 여지. 생활용품(×3.33), 의류·신발(×2.08)은 이미 강세라 신규 진입 시 차별화 필요. 수요는 검증됐지만 경쟁 치열 — 차별화 콘셉트 없으면 비추천.",,18960.87,1933.3333333333333,0.1063894523326572,0.2754563894523326,0.3284040918004982,0.1767302697832193,134309833.0,0.9575471698113208,0.0,101.0,126.85859256040077,37.53608050018333
강서구,11500590,화곡본동,생활압박형,1,-,1인청년·원룸배달형,가족·아파트단지형,"지하철역 접근 용이, 버스 환승망 발달","2030 청년 1인가구 밀집으로 배달음식, 간편식, 코인세탁 등 편의수요 최상","원룸촌 특유의 주차난, 잦은 이사로 인한 단골 고객 유지 어려움",2030 청년 직장인 및 취준생 1인가구,#역세권공백 #환승요충지 #주차난,#가성비선호 #2030청년가구 #주말나들이,#소비위축추세,"배달 전문점, 코인빨래방, 무인 프린트/카페, 1인 피트니스, 가성비 주점","대형 가족형 식당, 대형 키즈카페","[데이터] 피트니스·필라테스·키즈카페·공방  [현장키워드] 배달 전문점, 코인빨래방, 무인 프린트/카페, 1인 피트니스, 가성비 주점",여가·문화(×0.64),,청년 1인가구의 실속형 소비와 배달·포장 수요가 지배적인 역동적 소형 상권,기대수준,식어가는 강세상권,⑤ 경고(둔화),,,1.2700339626994517,1341970756.4692078,-0.0729875984076724,"[가족·아파트단지형] 인구·인프라로 본 기대소비 대비 실제 ×1.27 (분기 약 13억 원 웃돎, 추세 악화). 유사 원형 동 대비 여가·문화(×0.64) 비중이 낮아 해당 업종 공급 여지. 강세였으나 식는 중 — 신규 진입 보수적, 업종 전환 수요 관찰.",,29593.233333333334,2159.1666666666665,0.0618096856414613,0.353319577618643,0.397438064014601,0.2149160104099773,123876906.0,0.9882075471698112,0.0,145.0,126.84811344518944,37.542635772107474
강서구,11500591,화곡6동,생활압박형,1,-,1인청년·원룸배달형,가족·아파트단지형,"지하철역 접근 용이, 버스 환승망 발달","2030 청년 1인가구 밀집으로 배달음식, 간편식, 코인세탁 등 편의수요 최상","원룸촌 특유의 주차난, 잦은 이사로 인한 단골 고객 유지 어려움",2030 청년 직장인 및 취준생 1인가구,#역세권공백 #환승요충지 #주차난,#가성비선호 #2030청년가구,#소비위축추세,"배달 전문점, 코인빨래방, 무인 프린트/카페, 1인 피트니스, 가성비 주점","대형 가족형 식당, 대형 키즈카페","[데이터] 학원·스터디카페·키즈교육 / 생활용품·무인점포·세탁  [현장키워드] 배달 전문점, 코인빨래방, 무인 프린트/카페, 1인 피트니스, 가성비 주점","교육(×0.17), 생활용품(×0.29)","유흥(×3.71), 의료비(×1.69)",청년 1인가구의 실속형 소비와 배달·포장 수요가 지배적인 역동적 소형 상권,기대수준,식어가는 강세상권,⑤ 경고(둔화),,,1.321753430645527,1869933351.9590623,-0.0741046451461127,"[가족·아파트단지형] 인구·인프라로 본 기대소비 대비 실제 ×1.32 (분기 약 19억 원 웃돎, 추세 악화). 유사 원형 동 대비 교육(×0.17), 생활용품(×0.29) 비중이 낮아 해당 업종 공급 여지. 유흥(×3.71), 의료비(×1.69)은 이미 강세라 신규 진입 시 차별화 필요. 강세였으나 식는 중 — 신규 진입 보수적, 업종 전환 수요 관찰.",,22151.358333333334,5718.666666666667,0.2821365521205403,0.3500431087572361,0.3638223770134958,0.1831205920766217,170034732.0,0.7783018867924528,0.0,118.0,126.85122975169052,37.55172180034683
강서구,11500593,화곡8동,생활압박형,1,-,1인청년·원룸배달형,가족·아파트단지형,"지하철역 접근 용이, 버스 환승망 발달","2030 청년 1인가구 밀집으로 배달음식, 간편식, 코인세탁 등 편의수요 최상","원룸촌 특유의 주차난, 잦은 이사로 인한 단골 고객 유지 어려움",2030 청년 직장인 및 취준생 1인가구,#역세권 #환승요충지 #주차난,#가성비선호,#소비위축추세,"배달 전문점, 코인빨래방, 무인 프린트/카페, 1인 피트니스, 가성비 주점","대형 가족형 식당, 대형 키즈카페","[데이터] 생활용품·무인점포·세탁 / 의원(내과·소아과·치과)·약국  [현장키워드] 배달 전문점, 코인빨래방, 무인 프린트/카페, 1인 피트니스, 가성비 주점","생활용품(×0.50), 의료비(×0.60)","의류·신발(×2.10), 식료품(×1.39)",청년 1인가구의 실속형 소비와 배달·포장 수요가 지배적인 역동적 소형 상권,기대수준,위축되는 약세상권,⑥ 주의(위축),,,0.9346015948750804,-358618991.4256563,-0.1138761312746582,"[가족·아파트단지형] 인구·인프라로 본 기대소비 대비 실제 ×0.93 (분기 약 4억 원 밑돎, 추세 악화). 유사 원형 동 대비 생활용품(×0.50), 의료비(×0.60) 비중이 낮아 해당 업종 공급 여지. 의류·신발(×2.10), 식료품(×1.39)은 이미 강세라 신규 진입 시 차별화 필요. 기대보다 약하고 더 약해지는 중 — 원인(재건축·공동화) 확인 전 진입 보류.",,22115.405,1663.1666666666667,0.0789585818987557,0.3124680415885461,0.3646047638641247,0.172010698120971,130703775.0,0.9929245283018868,1.0,95.0,126.84877532554384,37.53426633689339
강서구,11500603,가양1동,영앤레버리지형,0,-,1인청년·원룸배달형,청년1인·원룸형,"지하철역 접근 용이, 버스 환승망 발달","2030 청년 1인가구 밀집으로 배달음식, 간편식, 코인세탁 등 편의수요 최상","원룸촌 특유의 주차난, 잦은 이사로 인한 단골 고객 유지 어려움",2030 청년 직장인 및 취준생 1인가구,#다중역세권 #집객시설밀집 #환승요충지 #주차난,#2030청년가구,#소비위축추세 #경쟁과열가능,"배달 전문점, 코인빨래방, 무인 프린트/카페, 1인 피트니스, 가성비 주점","대형 가족형 식당, 대형 키즈카페","[데이터] 의류·잡화 편집숍 / 식자재마트·정육·반찬가게  [현장키워드] 배달 전문점, 코인빨래방, 무인 프린트/카페, 1인 피트니스, 가성비 주점","의류·신발(×0.22), 식료품(×0.26)",여가·문화(×8.11),청년 1인가구의 실속형 소비와 배달·포장 수요가 지배적인 역동적 소형 상권,초과달성,식어가는 강세상권,⑤ 경고(둔화),,,2.389879332172603,49981753595.299,-0.1194580452910929,"[청년1인·원룸형] 인구·인프라로 본 기대소비 대비 실제 ×2.39 (분기 약 500억 원 웃돎, 추세 악화). 유사 원형 동 대비 의류·신발(×0.22), 식료품(×0.26) 비중이 낮아 해당 업종 공급 여지. 여가·문화(×8.11)은 이미 강세라 신규 진입 시 차별화 필요. 강세였으나 식는 중 — 신규 진입 보수적, 업종 전환 수요 관찰.",,25780.734166666665,3481.0,0.1568476977567886,0.4936540731995277,0.4416180000716563,0.3437648239045537,396996811.0,0.0589622641509434,5.0,279.0,126.83469719178288,37.57165686791526
강서구,11500604,가양2동,생활압박형,1,-,1인청년·원룸배달형,근린주거형,"지하철역 접근 용이, 버스 환승망 발달","2030 청년 1인가구 밀집으로 배달음식, 간편식, 코인세탁 등 편의수요 최상","원룸촌 특유의 주차난, 잦은 이사로 인한 단골 고객 유지 어려움",2030 청년 직장인 및 취준생 1인가구,#역세권 #환승요충지 #주차난,,#소비위축추세 #경쟁과열가능,"배달 전문점, 코인빨래방, 무인 프린트/카페, 1인 피트니스, 가성비 주점","대형 가족형 식당, 대형 키즈카페","[데이터] 주점·이자카야·노래방 / 학원·스터디카페·키즈교육  [현장키워드] 배달 전문점, 코인빨래방, 무인 프린트/카페, 1인 피트니스, 가성비 주점","유흥(×0.20), 교육(×0.26)","식료품(×1.87), 의류·신발(×1.42)",청년 1인가구의 실속형 소비와 배달·포장 수요가 지배적인 역동적 소형 상권,초과달성,식어가는 강세상권,⑤ 경고(둔화),,,2.376135967101796,1900042507.1500463,-0.055917136414427,"[근린주거형] 인구·인프라로 본 기대소비 대비 실제 ×2.38 (분기 약 19억 원 웃돎, 추세 악화). 유사 원형 동 대비 유흥(×0.20), 교육(×0.26) 비중이 낮아 해당 업종 공급 여지. 식료품(×1.87), 의류·신발(×1.42)은 이미 강세라 신규 진입 시 차별화 필요. 강세였으나 식는 중 — 신규 진입 보수적, 업종 전환 수요 관찰.",,15430.858333333332,0.0,0.0,0.2615156017830609,0.2917633410672854,0.3186091776230988,317356775.0,0.0518867924528301,1.0,75.0,126.85435783656128,37.56677233849349
강서구,11500605,가양3동,생활압박형,1,-,1인청년·원룸배달형,근린주거형,"지하철역 접근 용이, 버스 환승망 발달","2030 청년 1인가구 밀집으로 배달음식, 간편식, 코인세탁 등 편의수요 최상","원룸촌 특유의 주차난, 잦은 이사로 인한 단골 고객 유지 어려움",2030 청년 직장인 및 취준생 1인가구,#역세권 #환승요충지 #주차난,,#소비유출 #소비위축추세,"배달 전문점, 코인빨래방, 무인 프린트/카페, 1인 피트니스, 가성비 주점","대형 가족형 식당, 대형 키즈카페","[데이터] 음식점·카페·배달전문점 / 의원(내과·소아과·치과)·약국  [현장키워드] 배달 전문점, 코인빨래방, 무인 프린트/카페, 1인 피트니스, 가성비 주점","음식(×0.54), 의료비(×0.70)","생활용품(×5.62), 여가·문화(×2.10)",청년 1인가구의 실속형 소비와 배달·포장 수요가 지배적인 역동적 소형 상권,저평가,위축되는 약세상권,⑥ 주의(위축),,,0.3600384884195324,-982394363.660158,-0.0580558195859224,"[근린주거형] 인구·인프라로 본 기대소비 대비 실제 ×0.36 (분기 약 10억 원 밑돎, 추세 악화). 유사 원형 동 대비 음식(×0.54), 의료비(×0.70) 비중이 낮아 해당 업종 공급 여지. 생활용품(×5.62), 여가·문화(×2.10)은 이미 강세라 신규 진입 시 차별화 필요. 기대보다 약하고 더 약해지는 중 — 원인(재건축·공동화) 확인 전 진입 보류.",,15091.904166666667,691.1666666666666,0.0186764394953837,0.2955106068080907,0.3365028315737957,0.2589002307208278,336108207.0,0.0872641509433962,1.0,52.0,126.86111507604798,37.56079786970286
강서구,11500611,발산1동,알뜰안정형,3,-,서민베드타운·생활근린형,가족·아파트단지형,마을버스 및 시내버스 연계망 중심,"오랜 정주기간을 가진 지역 토착민 단골 형성 용이, 가성비 상품 반응 우수","노후 주택가 골목길 주차 불편, 주민 평균 연령 상승에 따른 소비 단가 한계",지역 토착 다인가구 및 어르신/시니어층,#역세권공백 #집객시설밀집 #의료허브 #주차난,#가족세대 #고령층,#노후상권 #경쟁과열가능,"가성비 식료품/정육점, 내과/정형외과/약국, 생활밀착 철물/잡화, 국밥/백반집","초고가 프리미엄 사치재, 유행성 팝업스토어","[데이터] 의류·잡화 편집숍 / 음식점·카페·배달전문점  [현장키워드] 가성비 식료품/정육점, 내과/정형외과/약국, 생활밀착 철물/잡화, 국밥/백반집","의류·신발(×0.38), 음식(×0.53)","의료비(×2.93), 교육(×2.00)",지역 주민들의 생필품과 가성비 외식을 책임지는 탄탄한 골목형 생활 상권,초과달성,성장하는 강세상권,③ 확장형,,,1.862943968792932,11768230775.147375,0.0880270549522009,"[가족·아파트단지형] 인구·인프라로 본 기대소비 대비 실제 ×1.86 (분기 약 118억 원 웃돎, 추세 개선). 유사 원형 동 대비 의류·신발(×0.38), 음식(×0.53) 비중이 낮아 해당 업종 공급 여지. 의료비(×2.93), 교육(×2.00)은 이미 강세라 신규 진입 시 차별화 필요. 이미 강하고 더 커지는 중 — 핵심가 대신 2선 입지·배후 골목 공략.",,31419.67,5564.0,0.1821676065426591,0.225822742193418,0.2738733824287056,0.1019156286935175,271140993.0,0.7358490566037735,0.0,246.0,126.8252606243117,37.55050591840841
강서구,11500615,우장산동,알뜰안정형,3,-,서민베드타운·생활근린형,학원가·에듀형,마을버스 및 시내버스 연계망 중심,"오랜 정주기간을 가진 지역 토착민 단골 형성 용이, 가성비 상품 반응 우수","노후 주택가 골목길 주차 불편, 주민 평균 연령 상승에 따른 소비 단가 한계",지역 토착 다인가구 및 어르신/시니어층,#역세권 #주차난,#가족세대 #고령층,#노후상권,"가성비 식료품/정육점, 내과/정형외과/약국, 생활밀착 철물/잡화, 국밥/백반집","초고가 프리미엄 사치재, 유행성 팝업스토어","[데이터] 학원·스터디카페·키즈교육  [현장키워드] 가성비 식료품/정육점, 내과/정형외과/약국, 생활밀착 철물/잡화, 국밥/백반집",교육(×0.75),"생활용품(×3.06), 의료비(×1.84)",지역 주민들의 생필품과 가성비 외식을 책임지는 탄탄한 골목형 생활 상권,기대수준,안정(초과),④ 검증·포화형,,,1.1291859120812298,872094479.2368088,-0.0069803897518542,"[학원가·에듀형] 인구·인프라로 본 기대소비 대비 실제 ×1.13 (분기 약 9억 원 웃돎, 추세 보합). 유사 원형 동 대비 교육(×0.75) 비중이 낮아 해당 업종 공급 여지. 생활용품(×3.06), 의료비(×1.84)은 이미 강세라 신규 진입 시 차별화 필요. 수요는 검증됐지만 경쟁 치열 — 차별화 콘셉트 없으면 비추천.",,36616.6925,2776.833333333333,0.069733922075545,0.239287103342561,0.296767953574595,0.0894051744982671,319276578.0,0.7287735849056604,1.0,158.0,126.8411262444883,37.550609421333775
강서구,11500620,공항동,생활압박형,1,-,1인청년·원룸배달형,근린주거형,"지하철역 접근 용이, 버스 환승망 발달","2030 청년 1인가구 밀집으로 배달음식, 간편식, 코인세탁 등 편의수요 최상","원룸촌 특유의 주차난, 잦은 이사로 인한 단골 고객 유지 어려움",2030 청년 직장인 및 취준생 1인가구,#다중역세권 #집객시설밀집 #의료허브 #환승요충지 #주차난,,#소비위축추세,"배달 전문점, 코인빨래방, 무인 프린트/카페, 1인 피트니스, 가성비 주점","대형 가족형 식당, 대형 키즈카페","[데이터] 학원·스터디카페·키즈교육  [현장키워드] 배달 전문점, 코인빨래방, 무인 프린트/카페, 1인 피트니스, 가성비 주점",교육(×0.63),"생활용품(×2.41), 여가·문화(×2.39)",청년 1인가구의 실속형 소비와 배달·포장 수요가 지배적인 역동적 소형 상권,기대수준,위축되는 약세상권,⑥ 주의(위축),,,0.8122831068308466,-1324843466.8289833,-0.2212769454222493,"[근린주거형] 인구·인프라로 본 기대소비 대비 실제 ×0.81 (분기 약 13억 원 밑돎, 추세 악화). 유사 원형 동 대비 교육(×0.63) 비중이 낮아 해당 업종 공급 여지. 생활용품(×2.41), 여가·문화(×2.39)은 이미 강세라 신규 진입 시 차별화 필요. 기대보다 약하고 더 약해지는 중 — 원인(재건축·공동화) 확인 전 진입 보류.",,20943.33,4573.416666666667,0.1842981383340127,0.289237668161435,0.3418544580030284,0.2068638104569341,207503846.0,0.6415094339622641,2.0,176.0,126.79462340376412,37.55581753376041
강서구,11500630,방화1동,알뜰안정형,3,-,서민베드타운·생활근린형,근린주거형,마을버스 및 시내버스 연계망 중심,"오랜 정주기간을 가진 지역 토착민 단골 형성 용이, 가성비 상품 반응 우수","노후 주택가 골목길 주차 불편, 주민 평균 연령 상승에 따른 소비 단가 한계",지역 토착 다인가구 및 어르신/시니어층,#역세권 #집객시설밀집 #주차난,#고령층,#노후상권,"가성비 식료품/정육점, 내과/정형외과/약국, 생활밀착 철물/잡화, 국밥/백반집","초고가 프리미엄 사치재, 유행성 팝업스토어","[현장키워드] 가성비 식료품/정육점, 내과/정형외과/약국, 생활밀착 철물/잡화, 국밥/백반집",,"교육(×2.59), 생활용품(×1.61)",지역 주민들의 생필품과 가성비 외식을 책임지는 탄탄한 골목형 생활 상권,기대수준,안정(저평가),② 유출보완형 기회,71.2,37.0,0.8355168883124289,-1422200009.2543812,0.0340172547182525,"[근린주거형] 인구·인프라로 본 기대소비 대비 실제 ×0.84 (분기 약 14억 원 밑돎, 추세 보합). 교육(×2.59), 생활용품(×1.61)은 이미 강세라 신규 진입 시 차별화 필요. 수요 대비 소비가 꾸준히 밖으로 샘 — 빠진 필수업종을 채우는 근린형 진입.",,35288.823333333334,3865.5833333333335,0.1014153198814191,0.2463660705747346,0.3095264874592284,0.1196220897536834,323331374.0,0.6014150943396226,1.0,200.0,126.81757781779172,37.56860431514873
강서구,11500640,방화2동,생활압박형,1,-,1인청년·원룸배달형,근린주거형,"지하철역 접근 용이, 버스 환승망 발달","2030 청년 1인가구 밀집으로 배달음식, 간편식, 코인세탁 등 편의수요 최상","원룸촌 특유의 주차난, 잦은 이사로 인한 단골 고객 유지 어려움",2030 청년 직장인 및 취준생 1인가구,#다중역세권 #환승요충지 #주차난,,#경쟁과열가능,"배달 전문점, 코인빨래방, 무인 프린트/카페, 1인 피트니스, 가성비 주점","대형 가족형 식당, 대형 키즈카페","[데이터] 학원·스터디카페·키즈교육 / 식자재마트·정육·반찬가게  [현장키워드] 배달 전문점, 코인빨래방, 무인 프린트/카페, 1인 피트니스, 가성비 주점","교육(×0.10), 식료품(×0.51)",의류·신발(×28.81),청년 1인가구의 실속형 소비와 배달·포장 수요가 지배적인 역동적 소형 상권,초과달성,안정(초과),④ 검증·포화형,,,2.8773249643508767,5832386555.792685,0.0446205142060088,"[근린주거형] 인구·인프라로 본 기대소비 대비 실제 ×2.88 (분기 약 58억 원 웃돎, 추세 보합). 유사 원형 동 대비 교육(×0.10), 식료품(×0.51) 비중이 낮아 해당 업종 공급 여지. 의류·신발(×28.81)은 이미 강세라 신규 진입 시 차별화 필요. 수요는 검증됐지만 경쟁 치열 — 차별화 콘셉트 없으면 비추천.",,21726.356666666667,1529.25,0.0575765622234023,0.2982828819260046,0.3075035688793718,0.2403832084225553,195195964.0,0.5283018867924528,5.0,124.0,126.80402559812032,37.58271016973055
강서구,11500641,방화3동,생활압박형,1,-,1인청년·원룸배달형,근린주거형,"지하철역 접근 용이, 버스 환승망 발달","2030 청년 1인가구 밀집으로 배달음식, 간편식, 코인세탁 등 편의수요 최상","원룸촌 특유의 주차난, 잦은 이사로 인한 단골 고객 유지 어려움",2030 청년 직장인 및 취준생 1인가구,#역세권 #환승요충지 #주차난,,,"배달 전문점, 코인빨래방, 무인 프린트/카페, 1인 피트니스, 가성비 주점","대형 가족형 식당, 대형 키즈카페","[데이터] 의류·잡화 편집숍 / 생활용품·무인점포·세탁  [현장키워드] 배달 전문점, 코인빨래방, 무인 프린트/카페, 1인 피트니스, 가성비 주점","의류·신발(×0.08), 생활용품(×0.17)","여가·문화(×1.79), 식료품(×1.42)",청년 1인가구의 실속형 소비와 배달·포장 수요가 지배적인 역동적 소형 상권,기대수준,안정(저평가),② 유출보완형 기회,63.2,81.0,0.7339200699462057,-646662469.0989234,0.0332676545972871,"[근린주거형] 인구·인프라로 본 기대소비 대비 실제 ×0.73 (분기 약 6억 원 밑돎, 추세 보합). 유사 원형 동 대비 의류·신발(×0.08), 생활용품(×0.17) 비중이 낮아 해당 업종 공급 여지. 여가·문화(×1.79), 식료품(×1.42)은 이미 강세라 신규 진입 시 차별화 필요. 수요 대비 소비가 꾸준히 밖으로 샘 — 빠진 필수업종을 채우는 근린형 진입.",,22071.316666666666,2027.75,0.0918102860261015,0.2424173525533172,0.2820880154004566,0.2304150064914715,262029835.0,0.285377358490566,1.0,83.0,126.8175901318185,37.5821192354174
관악구,11620525,보라매동,생활압박형,1,-,대단지·생활근린형,학원가·에듀형,지하철 및 시내버스 대중교통 이용 원활,안정적인 주거 배후수요를 갖춘 생활 밀착형 상권,외부 유입 한계 및 자체 배후수요 의존도 높음,다인 가구 및 일반 중장년·가족 단위 거주,#역세권공백,#가성비선호 #2030청년가구,#외부유입한계 #소비위축추세 #경쟁과열가능,"편의점, 베이커리, 중소형 마트, 근린의원(내과/치과)","고가 사치재, 외지인 유입 중심 대형 매장","[데이터] 의류·잡화 편집숍 / 의원(내과·소아과·치과)·약국  [현장키워드] 편의점, 베이커리, 중소형 마트, 근린의원(내과/치과)","의류·신발(×0.18), 의료비(×0.25)",교육(×3.57),보라매동 일대 안정적인 주거 배후지를 중심으로 형성된 근린 생활 상권,초과달성,식어가는 강세상권,⑤ 경고(둔화),,,3.966447415487757,10450765541.807306,-0.0547680184408643,"[학원가·에듀형] 인구·인프라로 본 기대소비 대비 실제 ×3.97 (분기 약 105억 원 웃돎, 추세 악화). 유사 원형 동 대비 의류·신발(×0.18), 의료비(×0.25) 비중이 낮아 해당 업종 공급 여지. 교육(×3.57)은 이미 강세라 신규 진입 시 차별화 필요. 강세였으나 식는 중 — 신규 진입 보수적, 업종 전환 수요 관찰.",,22236.125,4415.916666666667,0.0711934869218777,0.3639355620994284,0.3866058526011561,0.2506787391618497,172943925.0,0.6462264150943396,0.0,83.0,126.9326411454976,37.490392972232215
관악구,11620545,청림동,알뜰안정형,3,-,대단지·생활근린형,근린주거형,지하철 및 시내버스 대중교통 이용 원활,안정적인 주거 배후수요를 갖춘 생활 밀착형 상권,외부 유입 한계 및 자체 배후수요 의존도 높음,다인 가구 및 일반 중장년·가족 단위 거주,#역세권공백,#주말나들이,#외부유입한계 #소비위축추세,"편의점, 베이커리, 중소형 마트, 근린의원(내과/치과)","고가 사치재, 외지인 유입 중심 대형 매장","[데이터] 생활용품·무인점포·세탁 / 의류·잡화 편집숍  [현장키워드] 편의점, 베이커리, 중소형 마트, 근린의원(내과/치과)","생활용품(×0.19), 의류·신발(×0.35)","교육(×2.84), 식료품(×1.79)",청림동 일대 안정적인 주거 배후지를 중심으로 형성된 근린 생활 상권,기대수준,식어가는 강세상권,⑤ 경고(둔화),,,1.0950917101382165,108689408.85148264,-0.1736772648328951,"[근린주거형] 인구·인프라로 본 기대소비 대비 실제 ×1.10 (분기 약 1억 원 웃돎, 추세 악화). 유사 원형 동 대비 생활용품(×0.19), 의류·신발(×0.35) 비중이 낮아 해당 업종 공급 여지. 교육(×2.84), 식료품(×1.79)은 이미 강세라 신규 진입 시 차별화 필요. 강세였으나 식는 중 — 신규 진입 보수적, 업종 전환 수요 관찰.",,13108.599166666669,368.4166666666667,0.034768436778487,0.271153062610349,0.339085351698522,0.1309935773427223,385697578.0,0.2641509433962264,0.0,50.0,126.95948563044138,37.48955828055496
관악구,11620565,성현동,알뜰안정형,3,-,대단지·생활근린형,학원가·에듀형,지하철 및 시내버스 대중교통 이용 원활,안정적인 주거 배후수요를 갖춘 생활 밀착형 상권,외부 유입 한계 및 자체 배후수요 의존도 높음,다인 가구 및 일반 중장년·가족 단위 거주,#역세권공백,#주말나들이,#외부유입한계 #소비유출,"편의점, 베이커리, 중소형 마트, 근린의원(내과/치과)","고가 사치재, 외지인 유입 중심 대형 매장","[데이터] 음식점·카페·배달전문점 / 의원(내과·소아과·치과)·약국  [현장키워드] 편의점, 베이커리, 중소형 마트, 근린의원(내과/치과)","음식(×0.61), 의료비(×0.72)","여가·문화(×2.00), 생활용품(×1.71)",성현동 일대 안정적인 주거 배후지를 중심으로 형성된 근린 생활 상권,저평가,안정(저평가),② 유출보완형 기회,74.5,23.0,0.5936767212799858,-999122773.9682404,0.036247850831819,"[학원가·에듀형] 인구·인프라로 본 기대소비 대비 실제 ×0.59 (분기 약 10억 원 밑돎, 추세 보합). 유사 원형 동 대비 음식(×0.61), 의료비(×0.72) 비중이 낮아 해당 업종 공급 여지. 여가·문화(×2.00), 생활용품(×1.71)은 이미 강세라 신규 진입 시 차별화 필요. 수요 대비 소비가 꾸준히 밖으로 샘 — 빠진 필수업종을 채우는 근린형 진입.",,27463.069166666668,1355.4166666666667,0.0477287222734037,0.2486003826801786,0.2733734087694484,0.1518168316831683,298426271.0,0.4410377358490566,0.0,104.0,126.95105032779048,37.48954607668512
관악구,11620575,행운동,영앤레버리지형,0,"서울대입구위버폴리스, 관악우성, 샤로수길 빌라/원룸촌",샤로수길·청년1인가구형,청년1인·원룸형,"2호선 서울대입구역, 낙성대역, 강남역 15분대 진입","샤로수길의 개성 넘치는 외식·카페 상권, 서울대생 및 강남 출퇴근 청년 직장인 1인가구 초밀집","원룸 밀집에 따른 주차난, 샤로수길 골목 주택가 소음 민원, 경사지 언덕길","2030 대학생, 취업준비생, 사회초년생 1인가구(청년 비율 전국 최고수준)",#역세권공백 #의료허브 #언덕지형 #주차난,#2030청년가구,#소비위축추세,"감성 맛집/이자카야, 1인 배달/포장 전문점, 코인세탁소, 무인 밀키트/프린트, 소형 피트니스","대형 패밀리 가구점, 대형 키즈카페, 유아동 전문점","[데이터] 피트니스·필라테스·키즈카페·공방  [현장키워드] 감성 맛집/이자카야, 1인 배달/포장 전문점, 코인세탁소, 무인 밀키트/프린트, 소형 피트니스",여가·문화(×0.71),"의류·신발(×2.30), 교육(×1.88)",강남 출퇴근 청년들의 압도적인 1인 라이프스타일과 샤로수길 트렌드가 이끄는 젊은 상권,기대수준,식어가는 강세상권,⑤ 경고(둔화),,,1.0095879056172257,37525148.8238554,-0.0883252892744004,"[청년1인·원룸형] 인구·인프라로 본 기대소비 대비 실제 ×1.01 (분기 약 0억 원 웃돎, 추세 악화). 유사 원형 동 대비 여가·문화(×0.71) 비중이 낮아 해당 업종 공급 여지. 의류·신발(×2.30), 교육(×1.88)은 이미 강세라 신규 진입 시 차별화 필요. 강세였으나 식는 중 — 신규 진입 보수적, 업종 전환 수요 관찰.",,26842.150833333333,2280.833333333333,0.0837679949926976,0.4711384658182071,0.4958506989267141,0.3865573710028399,191099630.0,0.2547169811320754,0.0,111.0,126.9605530395309,37.48097203245596
관악구,11620585,낙성대동,영앤레버리지형,0,"서울대입구위버폴리스, 관악우성, 샤로수길 빌라/원룸촌",샤로수길·청년1인가구형,청년1인·원룸형,"2호선 서울대입구역, 낙성대역, 강남역 15분대 진입","샤로수길의 개성 넘치는 외식·카페 상권, 서울대생 및 강남 출퇴근 청년 직장인 1인가구 초밀집","원룸 밀집에 따른 주차난, 샤로수길 골목 주택가 소음 민원, 경사지 언덕길","2030 대학생, 취업준비생, 사회초년생 1인가구(청년 비율 전국 최고수준)",#역세권공백 #대학가 #언덕지형 #주차난,#2030청년가구 #야간소비 #주말나들이,#소비위축추세,"감성 맛집/이자카야, 1인 배달/포장 전문점, 코인세탁소, 무인 밀키트/프린트, 소형 피트니스","대형 패밀리 가구점, 대형 키즈카페, 유아동 전문점","[데이터] 생활용품·무인점포·세탁 / 식자재마트·정육·반찬가게  [현장키워드] 감성 맛집/이자카야, 1인 배달/포장 전문점, 코인세탁소, 무인 밀키트/프린트, 소형 피트니스","생활용품(×0.14), 식료품(×0.40)","유흥(×1.93), 음식(×1.82)",강남 출퇴근 청년들의 압도적인 1인 라이프스타일과 샤로수길 트렌드가 이끄는 젊은 상권,기대수준,위축되는 약세상권,⑥ 주의(위축),,,0.9390892843982664,-661289475.6584797,-0.1282788755337566,"[청년1인·원룸형] 인구·인프라로 본 기대소비 대비 실제 ×0.94 (분기 약 7억 원 밑돎, 추세 악화). 유사 원형 동 대비 생활용품(×0.14), 식료품(×0.40) 비중이 낮아 해당 업종 공급 여지. 유흥(×1.93), 음식(×1.82)은 이미 강세라 신규 진입 시 차별화 필요. 기대보다 약하고 더 약해지는 중 — 원인(재건축·공동화) 확인 전 진입 보류.",,19721.2625,5468.75,0.3482656440648422,0.5567369705420951,0.6478465074447887,0.3907264914559808,208911225.0,0.2429245283018868,0.0,148.0,126.959847861211,37.46769090763348
관악구,11620595,청룡동,영앤레버리지형,0,"서울대입구위버폴리스, 관악우성, 샤로수길 빌라/원룸촌",샤로수길·청년1인가구형,청년1인·원룸형,"2호선 서울대입구역, 낙성대역, 강남역 15분대 진입","샤로수길의 개성 넘치는 외식·카페 상권, 서울대생 및 강남 출퇴근 청년 직장인 1인가구 초밀집","원룸 밀집에 따른 주차난, 샤로수길 골목 주택가 소음 민원, 경사지 언덕길","2030 대학생, 취업준비생, 사회초년생 1인가구(청년 비율 전국 최고수준)",#역세권 #언덕지형 #주차난,#2030청년가구 #주말나들이,#소비유출 #소비위축추세,"감성 맛집/이자카야, 1인 배달/포장 전문점, 코인세탁소, 무인 밀키트/프린트, 소형 피트니스","대형 패밀리 가구점, 대형 키즈카페, 유아동 전문점","[현장키워드] 감성 맛집/이자카야, 1인 배달/포장 전문점, 코인세탁소, 무인 밀키트/프린트, 소형 피트니스",,"생활용품(×4.53), 의류·신발(×2.28)",강남 출퇴근 청년들의 압도적인 1인 라이프스타일과 샤로수길 트렌드가 이끄는 젊은 상권,저평가,위축되는 약세상권,⑥ 주의(위축),,,0.6397515392593729,-5111467864.197268,-0.0848222305040427,"[청년1인·원룸형] 인구·인프라로 본 기대소비 대비 실제 ×0.64 (분기 약 51억 원 밑돎, 추세 악화). 생활용품(×4.53), 의류·신발(×2.28)은 이미 강세라 신규 진입 시 차별화 필요. 기대보다 약하고 더 약해지는 중 — 원인(재건축·공동화) 확인 전 진입 보류.",,29554.255,4240.083333333333,0.1444690824374772,0.5303000533303394,0.5317943135245902,0.4486680327868852,236901122.0,0.1132075471698113,1.0,147.0,126.94581200028097,37.47805593186479
관악구,11620605,은천동,생활압박형,1,-,대단지·생활근린형,근린주거형,지하철 및 시내버스 대중교통 이용 원활,안정적인 주거 배후수요를 갖춘 생활 밀착형 상권,외부 유입 한계 및 자체 배후수요 의존도 높음,다인 가구 및 일반 중장년·가족 단위 거주,#역세권공백,#주말나들이,#외부유입한계 #경쟁과열가능,"편의점, 베이커리, 중소형 마트, 근린의원(내과/치과)","고가 사치재, 외지인 유입 중심 대형 매장","[데이터] 피트니스·필라테스·키즈카페·공방 / 의원(내과·소아과·치과)·약국  [현장키워드] 편의점, 베이커리, 중소형 마트, 근린의원(내과/치과)","여가·문화(×0.54), 의료비(×0.57)",생활용품(×7.34),은천동 일대 안정적인 주거 배후지를 중심으로 형성된 근린 생활 상권,초과달성,안정(초과),④ 검증·포화형,,,1.5019570576957664,2130718909.22312,-0.0308029765323905,"[근린주거형] 인구·인프라로 본 기대소비 대비 실제 ×1.50 (분기 약 21억 원 웃돎, 추세 보합). 유사 원형 동 대비 여가·문화(×0.54), 의료비(×0.57) 비중이 낮아 해당 업종 공급 여지. 생활용품(×7.34)은 이미 강세라 신규 진입 시 차별화 필요. 수요는 검증됐지만 경쟁 치열 — 차별화 콘셉트 없으면 비추천.",,29813.061666666665,1085.25,0.0423684291850798,0.3131122717018449,0.3640125138762741,0.203662663571837,194533013.0,0.5636792452830188,0.0,123.0,126.9420968434686,37.48700118580526
관악구,11620615,중앙동,영앤레버리지형,0,"서울대입구위버폴리스, 관악우성, 샤로수길 빌라/원룸촌",샤로수길·청년1인가구형,청년1인·원룸형,"2호선 서울대입구역, 낙성대역, 강남역 15분대 진입","샤로수길의 개성 넘치는 외식·카페 상권, 서울대생 및 강남 출퇴근 청년 직장인 1인가구 초밀집","원룸 밀집에 따른 주차난, 샤로수길 골목 주택가 소음 민원, 경사지 언덕길","2030 대학생, 취업준비생, 사회초년생 1인가구(청년 비율 전국 최고수준)",#역세권 #언덕지형 #주차난,#가성비선호 #2030청년가구 #주말나들이,#소비위축추세,"감성 맛집/이자카야, 1인 배달/포장 전문점, 코인세탁소, 무인 밀키트/프린트, 소형 피트니스","대형 패밀리 가구점, 대형 키즈카페, 유아동 전문점","[데이터] 생활용품·무인점포·세탁 / 주점·이자카야·노래방  [현장키워드] 감성 맛집/이자카야, 1인 배달/포장 전문점, 코인세탁소, 무인 밀키트/프린트, 소형 피트니스","생활용품(×0.20), 유흥(×0.56)","교육(×4.20), 의류·신발(×1.40)",강남 출퇴근 청년들의 압도적인 1인 라이프스타일과 샤로수길 트렌드가 이끄는 젊은 상권,기대수준,식어가는 강세상권,⑤ 경고(둔화),,,1.126796486359004,650568419.481986,-0.07222152565531,"[청년1인·원룸형] 인구·인프라로 본 기대소비 대비 실제 ×1.13 (분기 약 7억 원 웃돎, 추세 악화). 유사 원형 동 대비 생활용품(×0.20), 유흥(×0.56) 비중이 낮아 해당 업종 공급 여지. 교육(×4.20), 의류·신발(×1.40)은 이미 강세라 신규 진입 시 차별화 필요. 강세였으나 식는 중 — 신규 진입 보수적, 업종 전환 수요 관찰.",,13938.52,1151.0,0.086010842258363,0.5027766759222531,0.4979928163955208,0.3875934924994718,187439002.0,0.330188679245283,1.0,83.0,126.95065811919062,37.48414887531802
관악구,11620625,인헌동,영앤레버리지형,0,"서울대입구위버폴리스, 관악우성, 샤로수길 빌라/원룸촌",샤로수길·청년1인가구형,가족·아파트단지형,"2호선 서울대입구역, 낙성대역, 강남역 15분대 진입","샤로수길의 개성 넘치는 외식·카페 상권, 서울대생 및 강남 출퇴근 청년 직장인 1인가구 초밀집","원룸 밀집에 따른 주차난, 샤로수길 골목 주택가 소음 민원, 경사지 언덕길","2030 대학생, 취업준비생, 사회초년생 1인가구(청년 비율 전국 최고수준)",#역세권 #언덕지형 #주차난,#가성비선호 #2030청년가구,#소비위축추세,"감성 맛집/이자카야, 1인 배달/포장 전문점, 코인세탁소, 무인 밀키트/프린트, 소형 피트니스","대형 패밀리 가구점, 대형 키즈카페, 유아동 전문점","[데이터] 생활용품·무인점포·세탁  [현장키워드] 감성 맛집/이자카야, 1인 배달/포장 전문점, 코인세탁소, 무인 밀키트/프린트, 소형 피트니스",생활용품(×0.10),,강남 출퇴근 청년들의 압도적인 1인 라이프스타일과 샤로수길 트렌드가 이끄는 젊은 상권,기대수준,위축되는 약세상권,⑥ 주의(위축),,,0.7313504071224338,-1726252102.7626057,-0.1864614543201068,"[가족·아파트단지형] 인구·인프라로 본 기대소비 대비 실제 ×0.73 (분기 약 17억 원 밑돎, 추세 악화). 유사 원형 동 대비 생활용품(×0.10) 비중이 낮아 해당 업종 공급 여지. 기대보다 약하고 더 약해지는 중 — 원인(재건축·공동화) 확인 전 진입 보류.",,24450.108333333334,1369.25,0.0639353949182588,0.4241481189678944,0.4562533548040794,0.3153891572732152,167112659.0,0.75,1.0,105.0,126.96755638312828,37.46970252971936
관악구,11620630,남현동,영앤레버리지형,0,-,대단지·생활근린형,가족·아파트단지형,지하철 및 시내버스 대중교통 이용 원활,안정적인 주거 배후수요를 갖춘 생활 밀착형 상권,외부 유입 한계 및 자체 배후수요 의존도 높음,다인 가구 및 일반 중장년·가족 단위 거주,#역세권공백,#2030청년가구 #야간소비 #주말나들이,#외부유입한계,"편의점, 베이커리, 중소형 마트, 근린의원(내과/치과)","고가 사치재, 외지인 유입 중심 대형 매장","[데이터] 생활용품·무인점포·세탁 / 학원·스터디카페·키즈교육  [현장키워드] 편의점, 베이커리, 중소형 마트, 근린의원(내과/치과)","생활용품(×0.35), 교육(×0.43)","유흥(×2.46), 여가·문화(×1.76)",남현동 일대 안정적인 주거 배후지를 중심으로 형성된 근린 생활 상권,기대수준,안정(초과),④ 검증·포화형,,,1.1743037593573826,874445750.5973043,-0.0162808925752806,"[가족·아파트단지형] 인구·인프라로 본 기대소비 대비 실제 ×1.17 (분기 약 9억 원 웃돎, 추세 보합). 유사 원형 동 대비 생활용품(×0.35), 교육(×0.43) 비중이 낮아 해당 업종 공급 여지. 유흥(×2.46), 여가·문화(×1.76)은 이미 강세라 신규 진입 시 차별화 필요. 수요는 검증됐지만 경쟁 치열 — 차별화 콘셉트 없으면 비추천.",,16517.944166666668,3541.75,0.2094747566221417,0.4213266923251075,0.4609116674539442,0.2735675484175721,279230984.0,0.7028301886792453,0.0,70.0,126.9777659090888,37.464109612444176
관악구,11620645,서원동,영앤레버리지형,0,"신림현대, 건영1차, 신림역 일대 고시촌/원룸촌",야간유흥·고시원룸촌형,근린주거형,"2호선 신림역, 신림선 경전철 환승","신림 순대타운과 먹자골목의 365일 야간 유동인구, 신림선 개통으로 여의도 접근성 개선, 저렴한 주거비","신림역 주변 유흥가·모텔 밀집으로 야간 소음 및 치안 불안감, 도림천 범람 우려, 주차 극악","2030 고시생, 청년 직장인, 1인 가구, 야간 유흥 이용객",#역세권공백 #의료허브 #환승요충지 #주차난 #교통호재,#가성비선호 #2030청년가구 #주말나들이,#유흥가소음 #소비위축추세 #경쟁과열가능,"가성비 무한리필/고깃집, 포차/주점, 24시 해장국/순대국, 코인노래방, 저가 헬스장","고급 아동복/완구, 명품 에스테틱","[데이터] 학원·스터디카페·키즈교육 / 식자재마트·정육·반찬가게  [현장키워드] 가성비 무한리필/고깃집, 포차/주점, 24시 해장국/순대국, 코인노래방, 저가 헬스장","교육(×0.39), 식료품(×0.40)","의류·신발(×4.05), 유흥(×2.90)",서울에서 가장 저렴하고 치열한 가성비 야간 유흥과 1인 청년들의 생활 소비가 뒤엉킨 초고밀도 상권,초과달성,식어가는 강세상권,⑤ 경고(둔화),,,2.7800311691915565,8159296437.479822,-0.0552384383546849,"[근린주거형] 인구·인프라로 본 기대소비 대비 실제 ×2.78 (분기 약 82억 원 웃돎, 추세 악화). 유사 원형 동 대비 교육(×0.39), 식료품(×0.40) 비중이 낮아 해당 업종 공급 여지. 의류·신발(×4.05), 유흥(×2.90)은 이미 강세라 신규 진입 시 차별화 필요. 강세였으나 식는 중 — 신규 진입 보수적, 업종 전환 수요 관찰.",,22100.7475,2090.4166666666665,0.1005325650427798,0.499781735638205,0.5006730078966259,0.3890528535534817,141892270.0,0.5683962264150944,0.0,94.0,126.93332829985852,37.4805994030561
관악구,11620655,신원동,영앤레버리지형,0,"신림현대, 건영1차, 신림역 일대 고시촌/원룸촌",야간유흥·고시원룸촌형,청년1인·원룸형,"2호선 신림역, 신림선 경전철 환승","신림 순대타운과 먹자골목의 365일 야간 유동인구, 신림선 개통으로 여의도 접근성 개선, 저렴한 주거비","신림역 주변 유흥가·모텔 밀집으로 야간 소음 및 치안 불안감, 도림천 범람 우려, 주차 극악","2030 고시생, 청년 직장인, 1인 가구, 야간 유흥 이용객",#역세권공백 #환승요충지 #주차난 #교통호재,#가성비선호 #2030청년가구 #주말나들이,#유흥가소음,"가성비 무한리필/고깃집, 포차/주점, 24시 해장국/순대국, 코인노래방, 저가 헬스장","고급 아동복/완구, 명품 에스테틱","[데이터] 의원(내과·소아과·치과)·약국 / 학원·스터디카페·키즈교육  [현장키워드] 가성비 무한리필/고깃집, 포차/주점, 24시 해장국/순대국, 코인노래방, 저가 헬스장","의료비(×0.37), 교육(×0.64)",식료품(×2.01),서울에서 가장 저렴하고 치열한 가성비 야간 유흥과 1인 청년들의 생활 소비가 뒤엉킨 초고밀도 상권,기대수준,안정(저평가),② 유출보완형 기회,38.9,174.0,0.8131840108015074,-474534046.276748,-0.0366687627854404,"[청년1인·원룸형] 인구·인프라로 본 기대소비 대비 실제 ×0.81 (분기 약 5억 원 밑돎, 추세 보합). 유사 원형 동 대비 의료비(×0.37), 교육(×0.64) 비중이 낮아 해당 업종 공급 여지. 식료품(×2.01)은 이미 강세라 신규 진입 시 차별화 필요. 수요 대비 소비가 꾸준히 밖으로 샘 — 빠진 필수업종을 채우는 근린형 진입.",,17715.82,426.5833333333333,0.0227636696408144,0.4281628917867764,0.4227738376674547,0.3333333333333333,127885490.0,0.3490566037735849,0.0,54.0,126.92661369063258,37.479397081397735
관악구,11620665,서림동,영앤레버리지형,0,"신림현대, 건영1차, 신림역 일대 고시촌/원룸촌",야간유흥·고시원룸촌형,학원가·에듀형,"2호선 신림역, 신림선 경전철 환승","신림 순대타운과 먹자골목의 365일 야간 유동인구, 신림선 개통으로 여의도 접근성 개선, 저렴한 주거비","신림역 주변 유흥가·모텔 밀집으로 야간 소음 및 치안 불안감, 도림천 범람 우려, 주차 극악","2030 고시생, 청년 직장인, 1인 가구, 야간 유흥 이용객",#역세권공백 #환승요충지 #주차난 #교통호재,#가성비선호 #2030청년가구 #주말나들이,#유흥가소음,"가성비 무한리필/고깃집, 포차/주점, 24시 해장국/순대국, 코인노래방, 저가 헬스장","고급 아동복/완구, 명품 에스테틱","[데이터] 의원(내과·소아과·치과)·약국 / 학원·스터디카페·키즈교육  [현장키워드] 가성비 무한리필/고깃집, 포차/주점, 24시 해장국/순대국, 코인노래방, 저가 헬스장","의료비(×0.33), 교육(×0.69)","여가·문화(×1.88), 음식(×1.45)",서울에서 가장 저렴하고 치열한 가성비 야간 유흥과 1인 청년들의 생활 소비가 뒤엉킨 초고밀도 상권,기대수준,안정(저평가),② 유출보완형 기회,38.7,175.0,0.9785160054413417,-53147172.711094856,-0.0490228209397045,"[학원가·에듀형] 인구·인프라로 본 기대소비 대비 실제 ×0.98 (분기 약 1억 원 밑돎, 추세 보합). 유사 원형 동 대비 의료비(×0.33), 교육(×0.69) 비중이 낮아 해당 업종 공급 여지. 여가·문화(×1.88), 음식(×1.45)은 이미 강세라 신규 진입 시 차별화 필요. 수요 대비 소비가 꾸준히 밖으로 샘 — 빠진 필수업종을 채우는 근린형 진입.",,22728.301666666663,1380.9166666666667,0.0610660834512629,0.443929842617608,0.483452731507933,0.4016701094361183,150101841.0,0.3066037735849056,0.0,74.0,126.94149728796596,37.47286405812275
관악구,11620685,신사동,영앤레버리지형,0,-,대단지·생활근린형,청년1인·원룸형,지하철 및 시내버스 대중교통 이용 원활,안정적인 주거 배후수요를 갖춘 생활 밀착형 상권,외부 유입 한계 및 자체 배후수요 의존도 높음,다인 가구 및 일반 중장년·가족 단위 거주,#역세권공백,#가성비선호 #2030청년가구 #주말나들이,#외부유입한계,"편의점, 베이커리, 중소형 마트, 근린의원(내과/치과)","고가 사치재, 외지인 유입 중심 대형 매장","[데이터] 피트니스·필라테스·키즈카페·공방  [현장키워드] 편의점, 베이커리, 중소형 마트, 근린의원(내과/치과)",여가·문화(×0.68),"생활용품(×2.42), 유흥(×1.98)",신사동 일대 안정적인 주거 배후지를 중심으로 형성된 근린 생활 상권,기대수준,안정(저평가),② 유출보완형 기회,46.7,152.0,0.8202052175809584,-823262986.1929717,-0.0434192929723428,"[청년1인·원룸형] 인구·인프라로 본 기대소비 대비 실제 ×0.82 (분기 약 8억 원 밑돎, 추세 보합). 유사 원형 동 대비 여가·문화(×0.68) 비중이 낮아 해당 업종 공급 여지. 생활용품(×2.42), 유흥(×1.98)은 이미 강세라 신규 진입 시 차별화 필요. 수요 대비 소비가 꾸준히 밖으로 샘 — 빠진 필수업종을 채우는 근린형 진입.",,24212.51333333333,3199.833333333333,0.1427921161636852,0.4464927852883609,0.4196713269560951,0.3569094922737307,179861474.0,0.2665094339622642,0.0,79.0,126.91862478687251,37.48582505042903
관악구,11620695,신림동,영앤레버리지형,0,"신림현대, 건영1차, 신림역 일대 고시촌/원룸촌",야간유흥·고시원룸촌형,청년1인·원룸형,"2호선 신림역, 신림선 경전철 환승","신림 순대타운과 먹자골목의 365일 야간 유동인구, 신림선 개통으로 여의도 접근성 개선, 저렴한 주거비","신림역 주변 유흥가·모텔 밀집으로 야간 소음 및 치안 불안감, 도림천 범람 우려, 주차 극악","2030 고시생, 청년 직장인, 1인 가구, 야간 유흥 이용객",#역세권 #집객시설밀집 #환승요충지 #주차난 #교통호재,#가성비선호 #2030청년가구 #야간소비 #주말나들이,#유흥가소음 #소비유출 #소비위축추세,"가성비 무한리필/고깃집, 포차/주점, 24시 해장국/순대국, 코인노래방, 저가 헬스장","고급 아동복/완구, 명품 에스테틱","[데이터] 생활용품·무인점포·세탁 / 학원·스터디카페·키즈교육  [현장키워드] 가성비 무한리필/고깃집, 포차/주점, 24시 해장국/순대국, 코인노래방, 저가 헬스장","생활용품(×0.27), 교육(×0.31)","유흥(×3.30), 의료비(×1.39)",서울에서 가장 저렴하고 치열한 가성비 야간 유흥과 1인 청년들의 생활 소비가 뒤엉킨 초고밀도 상권,저평가,위축되는 약세상권,⑥ 주의(위축),,,0.6498145372071364,-4998519911.888269,-0.1035466159668385,"[청년1인·원룸형] 인구·인프라로 본 기대소비 대비 실제 ×0.65 (분기 약 50억 원 밑돎, 추세 악화). 유사 원형 동 대비 생활용품(×0.27), 교육(×0.31) 비중이 낮아 해당 업종 공급 여지. 유흥(×3.30), 의료비(×1.39)은 이미 강세라 신규 진입 시 차별화 필요. 기대보다 약하고 더 약해지는 중 — 원인(재건축·공동화) 확인 전 진입 보류.",,20199.178333333333,1286.0,0.0579082309256476,0.6590487136415878,0.643763862016894,0.6448888679156246,149769580.0,0.0471698113207547,1.0,168.0,126.92717147096998,37.48713708947788
관악구,11620715,난향동,생활압박형,1,-,대단지·생활근린형,근린주거형,지하철 및 시내버스 대중교통 이용 원활,안정적인 주거 배후수요를 갖춘 생활 밀착형 상권,외부 유입 한계 및 자체 배후수요 의존도 높음,다인 가구 및 일반 중장년·가족 단위 거주,#역세권공백,#주말나들이,#외부유입한계 #소비유출,"편의점, 베이커리, 중소형 마트, 근린의원(내과/치과)","고가 사치재, 외지인 유입 중심 대형 매장","[데이터] 생활용품·무인점포·세탁 / 의원(내과·소아과·치과)·약국  [현장키워드] 편의점, 베이커리, 중소형 마트, 근린의원(내과/치과)","생활용품(×0.26), 의료비(×0.33)","교육(×2.26), 유흥(×1.95)",난향동 일대 안정적인 주거 배후지를 중심으로 형성된 근린 생활 상권,저평가,안정(저평가),② 유출보완형 기회,53.3,122.0,0.5121752879719726,-729913414.5701958,-0.0040939232455572,"[근린주거형] 인구·인프라로 본 기대소비 대비 실제 ×0.51 (분기 약 7억 원 밑돎, 추세 보합). 유사 원형 동 대비 생활용품(×0.26), 의료비(×0.33) 비중이 낮아 해당 업종 공급 여지. 교육(×2.26), 유흥(×1.95)은 이미 강세라 신규 진입 시 차별화 필요. 수요 대비 소비가 꾸준히 밖으로 샘 — 빠진 필수업종을 채우는 근린형 진입.",,13013.333333333334,420.6666666666667,0.0233600434605459,0.2153334238761374,0.2859358040006202,0.1435036439758102,265144367.0,0.4599056603773584,0.0,68.0,126.91852681304232,37.46150672535611
관악구,11620725,조원동,영앤레버리지형,0,-,대단지·생활근린형,청년1인·원룸형,지하철 및 시내버스 대중교통 이용 원활,안정적인 주거 배후수요를 갖춘 생활 밀착형 상권,외부 유입 한계 및 자체 배후수요 의존도 높음,다인 가구 및 일반 중장년·가족 단위 거주,#역세권공백,#가성비선호 #2030청년가구,#외부유입한계,"편의점, 베이커리, 중소형 마트, 근린의원(내과/치과)","고가 사치재, 외지인 유입 중심 대형 매장","[데이터] 학원·스터디카페·키즈교육 / 의류·잡화 편집숍  [현장키워드] 편의점, 베이커리, 중소형 마트, 근린의원(내과/치과)","교육(×0.46), 의류·신발(×0.73)",유흥(×3.21),조원동 일대 안정적인 주거 배후지를 중심으로 형성된 근린 생활 상권,기대수준,안정(저평가),② 유출보완형 기회,49.3,143.0,0.7746487470734555,-1834784256.8628209,-0.0156946291447327,"[청년1인·원룸형] 인구·인프라로 본 기대소비 대비 실제 ×0.77 (분기 약 18억 원 밑돎, 추세 보합). 유사 원형 동 대비 교육(×0.46), 의류·신발(×0.73) 비중이 낮아 해당 업종 공급 여지. 유흥(×3.21)은 이미 강세라 신규 진입 시 차별화 필요. 수요 대비 소비가 꾸준히 밖으로 샘 — 빠진 필수업종을 채우는 근린형 진입.",,19163.19,2704.0,0.1371568527400755,0.4473925910807225,0.4120628230217271,0.3469270911736665,180171868.0,0.3160377358490566,0.0,96.0,126.90734428329348,37.48282539513199
관악구,11620735,대학동,영앤레버리지형,0,"신림현대, 건영1차, 신림역 일대 고시촌/원룸촌",야간유흥·고시원룸촌형,청년1인·원룸형,"2호선 신림역, 신림선 경전철 환승","신림 순대타운과 먹자골목의 365일 야간 유동인구, 신림선 개통으로 여의도 접근성 개선, 저렴한 주거비","신림역 주변 유흥가·모텔 밀집으로 야간 소음 및 치안 불안감, 도림천 범람 우려, 주차 극악","2030 고시생, 청년 직장인, 1인 가구, 야간 유흥 이용객",#역세권공백 #집객시설밀집 #대학가 #환승요충지 #주차난 #교통호재,#2030청년가구,#유흥가소음 #소비위축추세 #경쟁과열가능,"가성비 무한리필/고깃집, 포차/주점, 24시 해장국/순대국, 코인노래방, 저가 헬스장","고급 아동복/완구, 명품 에스테틱","[데이터] 생활용품·무인점포·세탁 / 의류·잡화 편집숍  [현장키워드] 가성비 무한리필/고깃집, 포차/주점, 24시 해장국/순대국, 코인노래방, 저가 헬스장","생활용품(×0.16), 의류·신발(×0.47)","식료품(×1.86), 교육(×1.49)",서울에서 가장 저렴하고 치열한 가성비 야간 유흥과 1인 청년들의 생활 소비가 뒤엉킨 초고밀도 상권,초과달성,식어가는 강세상권,⑤ 경고(둔화),,,4.148238110114381,5520871962.097163,-0.0937648294865771,"[청년1인·원룸형] 인구·인프라로 본 기대소비 대비 실제 ×4.15 (분기 약 55억 원 웃돎, 추세 악화). 유사 원형 동 대비 생활용품(×0.16), 의류·신발(×0.47) 비중이 낮아 해당 업종 공급 여지. 식료품(×1.86), 교육(×1.49)은 이미 강세라 신규 진입 시 차별화 필요. 강세였으나 식는 중 — 신규 진입 보수적, 업종 전환 수요 관찰.",,23236.89,512.5833333333334,0.0243429467343318,0.4698188719726038,0.5018860103626943,0.4899096373056995,190916533.0,0.0400943396226415,0.0,283.0,126.94851999048208,37.45290991716115
관악구,11620745,삼성동,알뜰안정형,3,-,대단지·생활근린형,근린주거형,지하철 및 시내버스 대중교통 이용 원활,안정적인 주거 배후수요를 갖춘 생활 밀착형 상권,외부 유입 한계 및 자체 배후수요 의존도 높음,다인 가구 및 일반 중장년·가족 단위 거주,#역세권공백,,#외부유입한계 #소비유출,"편의점, 베이커리, 중소형 마트, 근린의원(내과/치과)","고가 사치재, 외지인 유입 중심 대형 매장","[데이터] 학원·스터디카페·키즈교육 / 음식점·카페·배달전문점  [현장키워드] 편의점, 베이커리, 중소형 마트, 근린의원(내과/치과)","교육(×0.26), 음식(×0.43)",식료품(×2.05),삼성동 일대 안정적인 주거 배후지를 중심으로 형성된 근린 생활 상권,저평가,안정(저평가),② 유출보완형 기회,62.0,86.0,0.4980508415598555,-1947294854.080755,0.0084580330912763,"[근린주거형] 인구·인프라로 본 기대소비 대비 실제 ×0.50 (분기 약 19억 원 밑돎, 추세 보합). 유사 원형 동 대비 교육(×0.26), 음식(×0.43) 비중이 낮아 해당 업종 공급 여지. 식료품(×2.05)은 이미 강세라 신규 진입 시 차별화 필요. 수요 대비 소비가 꾸준히 밖으로 샘 — 빠진 필수업종을 채우는 근린형 진입.",,21895.0,825.8333333333334,0.044066099148723,0.2181772658988482,0.2633958633958634,0.1792563732563732,217897987.0,0.3113207547169811,0.0,94.0,126.9300905593057,37.46084738317156
관악구,11620765,미성동,생활압박형,1,-,대단지·생활근린형,근린주거형,지하철 및 시내버스 대중교통 이용 원활,안정적인 주거 배후수요를 갖춘 생활 밀착형 상권,외부 유입 한계 및 자체 배후수요 의존도 높음,다인 가구 및 일반 중장년·가족 단위 거주,#역세권공백,#가성비선호,#외부유입한계 #소비위축추세,"편의점, 베이커리, 중소형 마트, 근린의원(내과/치과)","고가 사치재, 외지인 유입 중심 대형 매장","[현장키워드] 편의점, 베이커리, 중소형 마트, 근린의원(내과/치과)",,"의류·신발(×4.55), 생활용품(×2.11)",미성동 일대 안정적인 주거 배후지를 중심으로 형성된 근린 생활 상권,기대수준,위축되는 약세상권,⑥ 주의(위축),,,0.8888663699151862,-491185364.4829011,-0.0803841944110957,"[근린주거형] 인구·인프라로 본 기대소비 대비 실제 ×0.89 (분기 약 5억 원 밑돎, 추세 악화). 의류·신발(×4.55), 생활용품(×2.11)은 이미 강세라 신규 진입 시 차별화 필요. 기대보다 약하고 더 약해지는 중 — 원인(재건축·공동화) 확인 전 진입 보류.",,27885.63,2706.25,0.0980491769965454,0.2861884440831809,0.329097885896322,0.1669950043440486,181369844.0,0.6957547169811321,0.0,126.0,126.91547002444884,37.475929758906666
관악구,11620775,난곡동,생활압박형,1,-,대단지·생활근린형,가족·아파트단지형,지하철 및 시내버스 대중교통 이용 원활,안정적인 주거 배후수요를 갖춘 생활 밀착형 상권,외부 유입 한계 및 자체 배후수요 의존도 높음,다인 가구 및 일반 중장년·가족 단위 거주,#역세권공백,#가성비선호 #가족세대,#외부유입한계,"편의점, 베이커리, 중소형 마트, 근린의원(내과/치과)","고가 사치재, 외지인 유입 중심 대형 매장","[데이터] 생활용품·무인점포·세탁 / 피트니스·필라테스·키즈카페·공방  [현장키워드] 편의점, 베이커리, 중소형 마트, 근린의원(내과/치과)","생활용품(×0.41), 여가·문화(×0.56)","의료비(×1.55), 식료품(×1.47)",난곡동 일대 안정적인 주거 배후지를 중심으로 형성된 근린 생활 상권,기대수준,안정(저평가),② 유출보완형 기회,54.7,118.0,0.8677457180409264,-430969036.767622,0.0090452518620359,"[가족·아파트단지형] 인구·인프라로 본 기대소비 대비 실제 ×0.87 (분기 약 4억 원 밑돎, 추세 보합). 유사 원형 동 대비 생활용품(×0.41), 여가·문화(×0.56) 비중이 낮아 해당 업종 공급 여지. 의료비(×1.55), 식료품(×1.47)은 이미 강세라 신규 진입 시 차별화 필요. 수요 대비 소비가 꾸준히 밖으로 샘 — 빠진 필수업종을 채우는 근린형 진입.",,25006.134166666667,928.8333333333334,0.0388407174248723,0.2757255414340578,0.31747588687265,0.2064165440575445,136234258.0,0.8301886792452831,0.0,95.0,126.92113955771757,37.47063574010427
광진구,11215710,화양동,영앤레버리지형,0,"더샵스타시티(주상복합), 건대입구역 주변 원룸촌",대학가·초대형유흥형,청년1인·원룸형,"2·7호선 건대입구역 환승, 7호선 어린이대공원역","건국대·세종대 대학생 및 외부 유입 2030 집결, 롯데백화점·스타시티몰 인프라, 건대 맛의거리","야간 취객 소음, 골목길 쓰레기 및 위생 문제, 유흥가 주변 주거 쾌적성 열악","20대 대학생, 청년 직장인, 중국동포/외국인 유학생",#다중역세권 #집객시설밀집 #의료허브 #대학가 #환승요충지 #몰세권 #공원·숲세권,#가성비선호 #2030청년가구 #야간소비 #관광·외국인 #대학가,#유흥가소음 #소비위축추세,"가성비 술집/포차, 마라탕/양꼬치, 룸카페/보드게임, 셀프사진관","고급 실버용품, 정숙을 요하는 학습시설","[데이터] 생활용품·무인점포·세탁 / 식자재마트·정육·반찬가게  [현장키워드] 가성비 술집/포차, 마라탕/양꼬치, 룸카페/보드게임, 셀프사진관","생활용품(×0.21), 식료품(×0.52)","유흥(×3.15), 의류·신발(×2.46)",2호선·7호선의 막강한 유동인구와 대학가가 결합되어 새벽까지 불야성을 이루는 강북 최대 번화 상권,기대수준,식어가는 강세상권,⑤ 경고(둔화),,,1.459965079427958,6286922087.073622,-0.07895370744351,"[청년1인·원룸형] 인구·인프라로 본 기대소비 대비 실제 ×1.46 (분기 약 63억 원 웃돎, 추세 악화). 유사 원형 동 대비 생활용품(×0.21), 식료품(×0.52) 비중이 낮아 해당 업종 공급 여지. 유흥(×3.15), 의류·신발(×2.46)은 이미 강세라 신규 진입 시 차별화 필요. 강세였으나 식는 중 — 신규 진입 보수적, 업종 전환 수요 관찰.",,26669.08,888.3333333333334,0.0351315418395713,0.6229402522057935,0.6748023500398926,0.5793849278305649,148077507.0,0.1202830188679245,2.0,167.0,127.07339229382966,37.54326926538935
광진구,11215730,군자동,영앤레버리지형,0,-,대단지·생활근린형,청년1인·원룸형,지하철 및 시내버스 대중교통 이용 원활,안정적인 주거 배후수요를 갖춘 생활 밀착형 상권,외부 유입 한계 및 자체 배후수요 의존도 높음,다인 가구 및 일반 중장년·가족 단위 거주,#역세권공백 #대학가,#2030청년가구,#외부유입한계 #소비위축추세,"편의점, 베이커리, 중소형 마트, 근린의원(내과/치과)","고가 사치재, 외지인 유입 중심 대형 매장","[데이터] 의류·잡화 편집숍 / 피트니스·필라테스·키즈카페·공방  [현장키워드] 편의점, 베이커리, 중소형 마트, 근린의원(내과/치과)","의류·신발(×0.45), 여가·문화(×0.69)",생활용품(×2.46),군자동 일대 안정적인 주거 배후지를 중심으로 형성된 근린 생활 상권,기대수준,식어가는 강세상권,⑤ 경고(둔화),,,1.1212085290451292,680959308.7544031,-0.0758524020990464,"[청년1인·원룸형] 인구·인프라로 본 기대소비 대비 실제 ×1.12 (분기 약 7억 원 웃돎, 추세 악화). 유사 원형 동 대비 의류·신발(×0.45), 여가·문화(×0.69) 비중이 낮아 해당 업종 공급 여지. 생활용품(×2.46)은 이미 강세라 신규 진입 시 차별화 필요. 강세였으나 식는 중 — 신규 진입 보수적, 업종 전환 수요 관찰.",,20822.740833333333,1010.5,0.0526039479210415,0.4041894162116757,0.4961538461538461,0.3381861348528016,206472588.0,0.4787735849056603,0.0,135.0,127.0737074372354,37.5530449035526
광진구,11215740,중곡1동,생활압박형,1,-,대단지·생활근린형,근린주거형,지하철 및 시내버스 대중교통 이용 원활,안정적인 주거 배후수요를 갖춘 생활 밀착형 상권,외부 유입 한계 및 자체 배후수요 의존도 높음,다인 가구 및 일반 중장년·가족 단위 거주,#역세권공백,#가성비선호 #2030청년가구 #야간소비,#외부유입한계,"편의점, 베이커리, 중소형 마트, 근린의원(내과/치과)","고가 사치재, 외지인 유입 중심 대형 매장","[데이터] 학원·스터디카페·키즈교육  [현장키워드] 편의점, 베이커리, 중소형 마트, 근린의원(내과/치과)",교육(×0.29),"생활용품(×5.94), 유흥(×2.17)",중곡1동 일대 안정적인 주거 배후지를 중심으로 형성된 근린 생활 상권,기대수준,안정(초과),④ 검증·포화형,,,1.3526264080393111,1302615838.1104512,0.0292644614295438,"[근린주거형] 인구·인프라로 본 기대소비 대비 실제 ×1.35 (분기 약 13억 원 웃돎, 추세 보합). 유사 원형 동 대비 교육(×0.29) 비중이 낮아 해당 업종 공급 여지. 생활용품(×5.94), 유흥(×2.17)은 이미 강세라 신규 진입 시 차별화 필요. 수요는 검증됐지만 경쟁 치열 — 차별화 콘셉트 없으면 비추천.",,14007.940833333334,3692.6666666666665,0.2540412669207517,0.3846103298725193,0.4004082207207207,0.2510754504504505,188044024.0,0.6155660377358491,0.0,74.0,127.07768909152678,37.56209737181454
광진구,11215750,중곡2동,생활압박형,1,-,대단지·생활근린형,가족·아파트단지형,지하철 및 시내버스 대중교통 이용 원활,안정적인 주거 배후수요를 갖춘 생활 밀착형 상권,외부 유입 한계 및 자체 배후수요 의존도 높음,다인 가구 및 일반 중장년·가족 단위 거주,#다중역세권,#가성비선호 #2030청년가구,#외부유입한계,"편의점, 베이커리, 중소형 마트, 근린의원(내과/치과)","고가 사치재, 외지인 유입 중심 대형 매장","[현장키워드] 편의점, 베이커리, 중소형 마트, 근린의원(내과/치과)",,"의류·신발(×1.41), 생활용품(×1.37)",중곡2동 일대 안정적인 주거 배후지를 중심으로 형성된 근린 생활 상권,기대수준,안정(저평가),② 유출보완형 기회,43.1,160.0,0.9330170955751622,-279544556.1312113,-0.0126394669843317,"[가족·아파트단지형] 인구·인프라로 본 기대소비 대비 실제 ×0.93 (분기 약 3억 원 밑돎, 추세 보합). 의류·신발(×1.41), 생활용품(×1.37)은 이미 강세라 신규 진입 시 차별화 필요. 수요 대비 소비가 꾸준히 밖으로 샘 — 빠진 필수업종을 채우는 근린형 진입.",,19082.70666666667,2165.583333333333,0.109740639625585,0.3395573322932917,0.3712950947313782,0.2160679989618479,185506401.0,0.7452830188679245,2.0,104.0,127.08457835917312,37.55891211949285
광진구,11215760,중곡3동,생활압박형,1,-,대단지·생활근린형,근린주거형,지하철 및 시내버스 대중교통 이용 원활,안정적인 주거 배후수요를 갖춘 생활 밀착형 상권,외부 유입 한계 및 자체 배후수요 의존도 높음,다인 가구 및 일반 중장년·가족 단위 거주,#역세권,#가성비선호 #주말나들이,#외부유입한계,"편의점, 베이커리, 중소형 마트, 근린의원(내과/치과)","고가 사치재, 외지인 유입 중심 대형 매장","[현장키워드] 편의점, 베이커리, 중소형 마트, 근린의원(내과/치과)",,"생활용품(×4.66), 유흥(×2.13)",중곡3동 일대 안정적인 주거 배후지를 중심으로 형성된 근린 생활 상권,기대수준,안정(저평가),② 유출보완형 기회,46.9,151.0,0.7269997101402734,-942564328.4026204,-0.0102196285836296,"[근린주거형] 인구·인프라로 본 기대소비 대비 실제 ×0.73 (분기 약 9억 원 밑돎, 추세 보합). 생활용품(×4.66), 유흥(×2.13)은 이미 강세라 신규 진입 시 차별화 필요. 수요 대비 소비가 꾸준히 밖으로 샘 — 빠진 필수업종을 채우는 근린형 진입.",,14885.191666666666,608.9166666666666,0.0328422932210955,0.3200688731585995,0.3561282467532468,0.262604843073593,176263103.0,0.6179245283018868,1.0,97.0,127.08201907488169,37.5679148770036
광진구,11215770,중곡4동,생활압박형,1,-,대단지·생활근린형,가족·아파트단지형,지하철 및 시내버스 대중교통 이용 원활,안정적인 주거 배후수요를 갖춘 생활 밀착형 상권,외부 유입 한계 및 자체 배후수요 의존도 높음,다인 가구 및 일반 중장년·가족 단위 거주,#역세권공백,#가성비선호 #주말나들이,#외부유입한계,"편의점, 베이커리, 중소형 마트, 근린의원(내과/치과)","고가 사치재, 외지인 유입 중심 대형 매장","[데이터] 학원·스터디카페·키즈교육 / 의원(내과·소아과·치과)·약국  [현장키워드] 편의점, 베이커리, 중소형 마트, 근린의원(내과/치과)","교육(×0.61), 의료비(×0.71)",의류·신발(×1.93),중곡4동 일대 안정적인 주거 배후지를 중심으로 형성된 근린 생활 상권,기대수준,안정(저평가),② 유출보완형 기회,67.2,54.0,0.7688794658350717,-1118923895.846434,0.030911689166358,"[가족·아파트단지형] 인구·인프라로 본 기대소비 대비 실제 ×0.77 (분기 약 11억 원 밑돎, 추세 보합). 유사 원형 동 대비 교육(×0.61), 의료비(×0.71) 비중이 낮아 해당 업종 공급 여지. 의류·신발(×1.93)은 이미 강세라 신규 진입 시 차별화 필요. 수요 대비 소비가 꾸준히 밖으로 샘 — 빠진 필수업종을 채우는 근린형 진입.",,25767.379166666666,2871.75,0.0997490817847921,0.2893559765809665,0.3293366552475864,0.167961694176269,170253171.0,0.8655660377358491,0.0,105.0,127.09449907328482,37.56387809623577
광진구,11215780,능동,영앤레버리지형,0,-,대단지·생활근린형,근린주거형,지하철 및 시내버스 대중교통 이용 원활,안정적인 주거 배후수요를 갖춘 생활 밀착형 상권,외부 유입 한계 및 자체 배후수요 의존도 높음,다인 가구 및 일반 중장년·가족 단위 거주,#역세권,#2030청년가구,#외부유입한계 #소비위축추세 #경쟁과열가능,"편의점, 베이커리, 중소형 마트, 근린의원(내과/치과)","고가 사치재, 외지인 유입 중심 대형 매장","[데이터] 학원·스터디카페·키즈교육 / 의류·잡화 편집숍  [현장키워드] 편의점, 베이커리, 중소형 마트, 근린의원(내과/치과)","교육(×0.37), 의류·신발(×0.43)","생활용품(×7.49), 유흥(×1.61)",능동 일대 안정적인 주거 배후지를 중심으로 형성된 근린 생활 상권,초과달성,식어가는 강세상권,⑤ 경고(둔화),,,2.1099239176948315,3318379415.5402527,-0.1067060507334172,"[근린주거형] 인구·인프라로 본 기대소비 대비 실제 ×2.11 (분기 약 33억 원 웃돎, 추세 악화). 유사 원형 동 대비 교육(×0.37), 의류·신발(×0.43) 비중이 낮아 해당 업종 공급 여지. 생활용품(×7.49), 유흥(×1.61)은 이미 강세라 신규 진입 시 차별화 필요. 강세였으나 식는 중 — 신규 진입 보수적, 업종 전환 수요 관찰.",,10633.825,1336.75,0.1279290690310323,0.4230525649145028,0.4449005655902208,0.3280131362889983,203223348.0,0.6037735849056604,1.0,47.0,127.08178506993116,37.55058887039526
광진구,11215810,광장동,알뜰안정형,3,"광장현대파크빌10차, 극동2차, 광장힐스테이트",전통명문학군·안정주거형,근린주거형,"5호선 광나루역, 강변북로, 올림픽대교 진입","광남초·중·고 명문학군과 광장동 학원가, 아차산·한강 인접 쾌적성, 유흥가 없는 조용한 주거지","구축 단지 주차난, 대형 상업시설 부족(강변역 테크노마트나 잠실 이동 필요)",학군을 보고 이주해 온 중산층 4050 학부모 및 학생,#역세권 #대학가 #주차난 #한강변,#학원가·학군,#소비유출,"단과 학원, 독서실/스터디카페, 베이커리, 학생 타겟 분식, 내과/치과","유흥주점, 모텔 등 숙박업","[데이터] 생활용품·무인점포·세탁 / 의원(내과·소아과·치과)·약국  [현장키워드] 단과 학원, 독서실/스터디카페, 베이커리, 학생 타겟 분식, 내과/치과","생활용품(×0.19), 의료비(×0.71)",교육(×2.92),광진구 최고의 명문 학군을 기반으로 유흥시설 없이 학부모와 학생 소비가 단단하게 유지되는 상권,저평가,떠오르는 잠재상권,① 선점형 기회,87.0,4.0,0.6255898300933068,-3273017146.745116,0.129760669104654,"[근린주거형] 인구·인프라로 본 기대소비 대비 실제 ×0.63 (분기 약 33억 원 밑돎, 추세 개선). 유사 원형 동 대비 생활용품(×0.19), 의료비(×0.71) 비중이 낮아 해당 업종 공급 여지. 교육(×2.92)은 이미 강세라 신규 진입 시 차별화 필요. 기대보다 덜 쓰지만 격차가 줄어드는 중 — 임대료 오르기 전 진입 적기.",,26632.33916666667,7249.333333333333,0.2605700153103286,0.2106936756565775,0.285414480587618,0.0621743366811572,701037200.0,0.4528301886792453,1.0,139.0,127.10470862656273,37.54782272294704
광진구,11215820,자양1동,생활압박형,1,-,대단지·생활근린형,근린주거형,지하철 및 시내버스 대중교통 이용 원활,안정적인 주거 배후수요를 갖춘 생활 밀착형 상권,외부 유입 한계 및 자체 배후수요 의존도 높음,다인 가구 및 일반 중장년·가족 단위 거주,#역세권공백 #의료허브,#2030청년가구,#외부유입한계,"편의점, 베이커리, 중소형 마트, 근린의원(내과/치과)","고가 사치재, 외지인 유입 중심 대형 매장","[데이터] 학원·스터디카페·키즈교육 / 주점·이자카야·노래방  [현장키워드] 편의점, 베이커리, 중소형 마트, 근린의원(내과/치과)","교육(×0.66), 유흥(×0.68)","의료비(×2.13), 의류·신발(×1.92)",자양1동 일대 안정적인 주거 배후지를 중심으로 형성된 근린 생활 상권,기대수준,안정(저평가),② 유출보완형 기회,62.7,82.0,0.901424460318452,-702633425.1504087,0.0327328995227551,"[근린주거형] 인구·인프라로 본 기대소비 대비 실제 ×0.90 (분기 약 7억 원 밑돎, 추세 보합). 유사 원형 동 대비 교육(×0.66), 유흥(×0.68) 비중이 낮아 해당 업종 공급 여지. 의료비(×2.13), 의류·신발(×1.92)은 이미 강세라 신규 진입 시 차별화 필요. 수요 대비 소비가 꾸준히 밖으로 샘 — 빠진 필수업종을 채우는 근린형 진입.",,20281.608333333334,9855.916666666666,0.5483826565726084,0.3526038082128929,0.3899084813781627,0.2523006900601967,208444504.0,0.6674528301886793,0.0,106.0,127.08045622273272,37.53558814490071
광진구,11215830,자양2동,알뜰안정형,3,-,대단지·생활근린형,가족·아파트단지형,지하철 및 시내버스 대중교통 이용 원활,안정적인 주거 배후수요를 갖춘 생활 밀착형 상권,외부 유입 한계 및 자체 배후수요 의존도 높음,다인 가구 및 일반 중장년·가족 단위 거주,#역세권공백,,#외부유입한계,"편의점, 베이커리, 중소형 마트, 근린의원(내과/치과)","고가 사치재, 외지인 유입 중심 대형 매장","[데이터] 의류·잡화 편집숍  [현장키워드] 편의점, 베이커리, 중소형 마트, 근린의원(내과/치과)",의류·신발(×0.67),"유흥(×1.87), 교육(×1.59)",자양2동 일대 안정적인 주거 배후지를 중심으로 형성된 근린 생활 상권,기대수준,안정(초과),④ 검증·포화형,,,1.0102098287216066,42653235.31928015,-0.0146178131465692,"[가족·아파트단지형] 인구·인프라로 본 기대소비 대비 실제 ×1.01 (분기 약 0억 원 웃돎, 추세 보합). 유사 원형 동 대비 의류·신발(×0.67) 비중이 낮아 해당 업종 공급 여지. 유흥(×1.87), 교육(×1.59)은 이미 강세라 신규 진입 시 차별화 필요. 수요는 검증됐지만 경쟁 치열 — 차별화 콘셉트 없으면 비추천.",,22018.2925,2314.25,0.106226950955873,0.2920605315586452,0.3439243716854969,0.1595254784413189,266950759.0,0.7665094339622641,0.0,95.0,127.0827458629586,37.52909935606437
광진구,11215840,자양3동,알뜰안정형,3,-,대단지·생활근린형,근린주거형,지하철 및 시내버스 대중교통 이용 원활,안정적인 주거 배후수요를 갖춘 생활 밀착형 상권,외부 유입 한계 및 자체 배후수요 의존도 높음,다인 가구 및 일반 중장년·가족 단위 거주,#역세권공백 #몰세권,,#외부유입한계,"편의점, 베이커리, 중소형 마트, 근린의원(내과/치과)","고가 사치재, 외지인 유입 중심 대형 매장","[데이터] 주점·이자카야·노래방 / 생활용품·무인점포·세탁  [현장키워드] 편의점, 베이커리, 중소형 마트, 근린의원(내과/치과)","유흥(×0.19), 생활용품(×0.68)","의류·신발(×4.62), 교육(×1.80)",자양3동 일대 안정적인 주거 배후지를 중심으로 형성된 근린 생활 상권,기대수준,안정(저평가),② 유출보완형 기회,63.2,80.0,0.74574780971608,-1747601982.3743572,0.0092091458279834,"[근린주거형] 인구·인프라로 본 기대소비 대비 실제 ×0.75 (분기 약 17억 원 밑돎, 추세 보합). 유사 원형 동 대비 유흥(×0.19), 생활용품(×0.68) 비중이 낮아 해당 업종 공급 여지. 의류·신발(×4.62), 교육(×1.80)은 이미 강세라 신규 진입 시 차별화 필요. 수요 대비 소비가 꾸준히 밖으로 샘 — 빠진 필수업종을 채우는 근린형 진입.",,24397.425,1742.4166666666667,0.0644651196999227,0.2683778913691023,0.3265365690934868,0.1042235843549328,503185054.0,0.3891509433962264,0.0,105.0,127.07101606905556,37.53136850519804
광진구,11215847,자양4동,알뜰안정형,3,-,대단지·생활근린형,청년1인·원룸형,지하철 및 시내버스 대중교통 이용 원활,안정적인 주거 배후수요를 갖춘 생활 밀착형 상권,외부 유입 한계 및 자체 배후수요 의존도 높음,다인 가구 및 일반 중장년·가족 단위 거주,#역세권,#2030청년가구 #야간소비,#외부유입한계 #경쟁과열가능,"편의점, 베이커리, 중소형 마트, 근린의원(내과/치과)","고가 사치재, 외지인 유입 중심 대형 매장","[데이터] 생활용품·무인점포·세탁 / 학원·스터디카페·키즈교육  [현장키워드] 편의점, 베이커리, 중소형 마트, 근린의원(내과/치과)","생활용품(×0.29), 교육(×0.62)","의류·신발(×1.61), 음식(×1.40)",자양4동 일대 안정적인 주거 배후지를 중심으로 형성된 근린 생활 상권,초과달성,안정(초과),④ 검증·포화형,,,1.6758710256783569,3422517002.259228,0.0285340695350204,"[청년1인·원룸형] 인구·인프라로 본 기대소비 대비 실제 ×1.68 (분기 약 34억 원 웃돎, 추세 보합). 유사 원형 동 대비 생활용품(×0.29), 교육(×0.62) 비중이 낮아 해당 업종 공급 여지. 의류·신발(×1.61), 음식(×1.40)은 이미 강세라 신규 진입 시 차별화 필요. 수요는 검증됐지만 경쟁 치열 — 차별화 콘셉트 없으면 비추천.",,25050.65,463.6666666666667,0.025889477668433,0.3318193287913197,0.3506910569105691,0.2421142276422764,259534026.0,0.25,1.0,106.0,127.06361893678418,37.53375136428935
광진구,11215850,구의1동,영앤레버리지형,0,-,대단지·생활근린형,근린주거형,지하철 및 시내버스 대중교통 이용 원활,안정적인 주거 배후수요를 갖춘 생활 밀착형 상권,외부 유입 한계 및 자체 배후수요 의존도 높음,다인 가구 및 일반 중장년·가족 단위 거주,#역세권,#가성비선호 #2030청년가구,#외부유입한계 #소비위축추세,"편의점, 베이커리, 중소형 마트, 근린의원(내과/치과)","고가 사치재, 외지인 유입 중심 대형 매장","[데이터] 학원·스터디카페·키즈교육 / 식자재마트·정육·반찬가게  [현장키워드] 편의점, 베이커리, 중소형 마트, 근린의원(내과/치과)","교육(×0.41), 식료품(×0.62)","생활용품(×3.10), 유흥(×2.74)",구의1동 일대 안정적인 주거 배후지를 중심으로 형성된 근린 생활 상권,기대수준,위축되는 약세상권,⑥ 주의(위축),,,0.8392894785657491,-914889622.6897192,-0.0999430431094668,"[근린주거형] 인구·인프라로 본 기대소비 대비 실제 ×0.84 (분기 약 9억 원 밑돎, 추세 악화). 유사 원형 동 대비 교육(×0.41), 식료품(×0.62) 비중이 낮아 해당 업종 공급 여지. 생활용품(×3.10), 유흥(×2.74)은 이미 강세라 신규 진입 시 차별화 필요. 기대보다 약하고 더 약해지는 중 — 원인(재건축·공동화) 확인 전 진입 보류.",,21068.8,3144.4166666666665,0.1634651249533756,0.4142111152555017,0.4233171090090917,0.3182257323904858,182840088.0,0.6863207547169812,1.0,77.0,127.08598440880375,37.5415038189961
광진구,11215860,구의2동,생활압박형,1,-,대단지·생활근린형,가족·아파트단지형,지하철 및 시내버스 대중교통 이용 원활,안정적인 주거 배후수요를 갖춘 생활 밀착형 상권,외부 유입 한계 및 자체 배후수요 의존도 높음,다인 가구 및 일반 중장년·가족 단위 거주,#역세권,#가족세대,#외부유입한계,"편의점, 베이커리, 중소형 마트, 근린의원(내과/치과)","고가 사치재, 외지인 유입 중심 대형 매장","[데이터] 생활용품·무인점포·세탁  [현장키워드] 편의점, 베이커리, 중소형 마트, 근린의원(내과/치과)",생활용품(×0.54),의류·신발(×1.53),구의2동 일대 안정적인 주거 배후지를 중심으로 형성된 근린 생활 상권,기대수준,안정(초과),④ 검증·포화형,,,1.1797360579422271,725957855.002296,-0.0210670756060884,"[가족·아파트단지형] 인구·인프라로 본 기대소비 대비 실제 ×1.18 (분기 약 7억 원 웃돎, 추세 보합). 유사 원형 동 대비 생활용품(×0.54) 비중이 낮아 해당 업종 공급 여지. 의류·신발(×1.53)은 이미 강세라 신규 진입 시 차별화 필요. 수요는 검증됐지만 경쟁 치열 — 차별화 콘셉트 없으면 비추천.",,21327.09,2447.1666666666665,0.1162242814512329,0.2696324799748704,0.322237992765899,0.1617805961265509,218482807.0,0.9080188679245284,1.0,112.0,127.09485639020176,37.5511016720589
광진구,11215870,구의3동,알뜰안정형,3,-,대단지·생활근린형,근린주거형,지하철 및 시내버스 대중교통 이용 원활,안정적인 주거 배후수요를 갖춘 생활 밀착형 상권,외부 유입 한계 및 자체 배후수요 의존도 높음,다인 가구 및 일반 중장년·가족 단위 거주,#역세권,#야간소비,#외부유입한계 #소비위축추세,"편의점, 베이커리, 중소형 마트, 근린의원(내과/치과)","고가 사치재, 외지인 유입 중심 대형 매장","[데이터] 주점·이자카야·노래방 / 식자재마트·정육·반찬가게  [현장키워드] 편의점, 베이커리, 중소형 마트, 근린의원(내과/치과)","유흥(×0.57), 식료품(×0.73)","생활용품(×5.00), 의류·신발(×3.15)",구의3동 일대 안정적인 주거 배후지를 중심으로 형성된 근린 생활 상권,기대수준,식어가는 강세상권,⑤ 경고(둔화),,,1.3823011785684756,3084103772.232126,-0.0901728258752936,"[근린주거형] 인구·인프라로 본 기대소비 대비 실제 ×1.38 (분기 약 31억 원 웃돎, 추세 악화). 유사 원형 동 대비 유흥(×0.57), 식료품(×0.73) 비중이 낮아 해당 업종 공급 여지. 생활용품(×5.00), 의류·신발(×3.15)은 이미 강세라 신규 진입 시 차별화 필요. 강세였으나 식는 중 — 신규 진입 보수적, 업종 전환 수요 관찰.",,24158.57083333333,9879.666666666666,0.4079249892225894,0.3078028452363845,0.3470824126360586,0.1429220885506179,306329165.0,0.6533018867924528,1.0,133.0,127.0942274848412,37.536956490128944
구로구,11530510,신도림동,알뜰안정형,3,"신도림대림1·2차(e편한세상), 신도림동아1차, 현대백화점디큐브시티",환승교통요충·복합몰형,근린주거형,1·2호선 신도림역(서울 최대 환승역 중 하나),"현대백화점 디큐브시티·홈플러스·이마트 몰세권, 경인로 교통 축선, 대단지 평지 아파트","철도 지상구간 소음 및 분진, 출퇴근길 신도림역 극심한 혼잡도","환승 통근 직장인, 신도림 대단지 아파트 거주 가족",#다중역세권 #집객시설밀집 #환승요충지 #몰세권,,#교통정체 #경쟁과열가능,"테이크아웃 전문점(커피/샌드위치), 백화점 외곽 맛집/주점, 피트니스, 생활밀착 병원",외곽형 대형 식당,"[데이터] 생활용품·무인점포·세탁 / 식자재마트·정육·반찬가게  [현장키워드] 테이크아웃 전문점(커피/샌드위치), 백화점 외곽 맛집/주점, 피트니스, 생활밀착 병원","생활용품(×0.34), 식료품(×0.56)","여가·문화(×4.77), 교육(×2.11)",서울 서남부 최고의 대중교통 환승 허브와 대형 백화점/마트 인프라가 융합된 고유동 상권,초과달성,안정(초과),④ 검증·포화형,,,1.6287036764402925,4199562118.853397,-0.0102386580566252,"[근린주거형] 인구·인프라로 본 기대소비 대비 실제 ×1.63 (분기 약 42억 원 웃돎, 추세 보합). 유사 원형 동 대비 생활용품(×0.34), 식료품(×0.56) 비중이 낮아 해당 업종 공급 여지. 여가·문화(×4.77), 교육(×2.11)은 이미 강세라 신규 진입 시 차별화 필요. 수요는 검증됐지만 경쟁 치열 — 차별화 콘셉트 없으면 비추천.",,30565.25833333333,11344.083333333334,0.2570531172693665,0.2787058398421213,0.3322646181194845,0.0942540156180559,636584154.0,0.1745283018867924,3.0,168.0,126.882178799532,37.51003138664776
구로구,11530520,구로1동,알뜰안정형,3,"구로주공1차, 구로두산, 구로삼성래미안",디지털밸리·직주혼합형,학원가·에듀형,"2호선 구로디지털단지역, 1·7호선 가산디지털단지역 인접","G밸리(구로디지털단지) IT 벤처기업 직장인 유동인구, 깔깔거리(먹자골목) 번화","준공업지역 및 노후 주거지 혼재, 중국동포 밀집지역 인접에 따른 상권 분절","IT/벤처 직장인, 1인가구 사회초년생, 다문화 주민",#역세권공백,,#노후상권 #공업지대혼재,"직장인 회식용 삼겹살/치킨, 저가 커피, 원룸가 코인빨래방, 배달음식점","고급 명품 브랜드, 대형 프리미엄 키즈카페","[데이터] 의류·잡화 편집숍 / 학원·스터디카페·키즈교육  [현장키워드] 직장인 회식용 삼겹살/치킨, 저가 커피, 원룸가 코인빨래방, 배달음식점","의류·신발(×0.64), 교육(×0.67)","식료품(×1.65), 생활용품(×1.52)",G밸리 벤처기업 직장인들의 회식 및 점심 수요가 강하고 1인 가구 배달 소비가 탄탄한 상권,기대수준,안정(초과),④ 검증·포화형,,,1.237863131304724,357347052.2860453,0.0415103971749455,"[학원가·에듀형] 인구·인프라로 본 기대소비 대비 실제 ×1.24 (분기 약 4억 원 웃돎, 추세 보합). 유사 원형 동 대비 의류·신발(×0.64), 교육(×0.67) 비중이 낮아 해당 업종 공급 여지. 식료품(×1.65), 생활용품(×1.52)은 이미 강세라 신규 진입 시 차별화 필요. 수요는 검증됐지만 경쟁 치열 — 차별화 콘셉트 없으면 비추천.",,17320.0025,0.0,0.0,0.291485939860617,0.3643655113148095,0.113506158693784,399227070.0,0.1438679245283018,0.0,88.0,126.8753979707312,37.493139588613694
구로구,11530530,구로2동,생활압박형,1,"구로주공1차, 구로두산, 구로삼성래미안",디지털밸리·직주혼합형,근린주거형,"2호선 구로디지털단지역, 1·7호선 가산디지털단지역 인접","G밸리(구로디지털단지) IT 벤처기업 직장인 유동인구, 깔깔거리(먹자골목) 번화","준공업지역 및 노후 주거지 혼재, 중국동포 밀집지역 인접에 따른 상권 분절","IT/벤처 직장인, 1인가구 사회초년생, 다문화 주민",#역세권 #집객시설밀집 #의료허브,#가성비선호,#노후상권 #공업지대혼재,"직장인 회식용 삼겹살/치킨, 저가 커피, 원룸가 코인빨래방, 배달음식점","고급 명품 브랜드, 대형 프리미엄 키즈카페","[데이터] 학원·스터디카페·키즈교육 / 식자재마트·정육·반찬가게  [현장키워드] 직장인 회식용 삼겹살/치킨, 저가 커피, 원룸가 코인빨래방, 배달음식점","교육(×0.08), 식료품(×0.27)","의료비(×4.43), 생활용품(×3.46)",G밸리 벤처기업 직장인들의 회식 및 점심 수요가 강하고 1인 가구 배달 소비가 탄탄한 상권,기대수준,성장하는 강세상권,③ 확장형,,,1.2696622803985935,2996430214.1375427,0.0538448677473684,"[근린주거형] 인구·인프라로 본 기대소비 대비 실제 ×1.27 (분기 약 30억 원 웃돎, 추세 개선). 유사 원형 동 대비 교육(×0.08), 식료품(×0.27) 비중이 낮아 해당 업종 공급 여지. 의료비(×4.43), 생활용품(×3.46)은 이미 강세라 신규 진입 시 차별화 필요. 이미 강하고 더 커지는 중 — 핵심가 대신 2선 입지·배후 골목 공략.",,34565.51333333333,10666.25,0.4733690795352994,0.2451742627345844,0.2694649912366693,0.2189991979324481,177466374.0,0.5259433962264151,1.0,197.0,126.87991515923407,37.496874432896426
구로구,11530540,구로3동,영앤레버리지형,0,"구로주공1차, 구로두산, 구로삼성래미안",디지털밸리·직주혼합형,오피스·업무형,"2호선 구로디지털단지역, 1·7호선 가산디지털단지역 인접","G밸리(구로디지털단지) IT 벤처기업 직장인 유동인구, 깔깔거리(먹자골목) 번화","준공업지역 및 노후 주거지 혼재, 중국동포 밀집지역 인접에 따른 상권 분절","IT/벤처 직장인, 1인가구 사회초년생, 다문화 주민",#다중역세권 #집객시설밀집,#가성비선호 #2030청년가구 #직장인밀집,#노후상권 #공업지대혼재 #주말공동화 #경쟁과열가능,"직장인 회식용 삼겹살/치킨, 저가 커피, 원룸가 코인빨래방, 배달음식점","고급 명품 브랜드, 대형 프리미엄 키즈카페","[현장키워드] 직장인 회식용 삼겹살/치킨, 저가 커피, 원룸가 코인빨래방, 배달음식점",,여가·문화(×4.87),G밸리 벤처기업 직장인들의 회식 및 점심 수요가 강하고 1인 가구 배달 소비가 탄탄한 상권,초과달성,성장하는 강세상권,③ 확장형,,,48.39922358165321,1592069903363.774,0.1282680270831929,"[오피스·업무형] 인구·인프라로 본 기대소비 대비 실제 ×48.40 (분기 약 15,921억 원 웃돎, 추세 개선). 여가·문화(×4.87)은 이미 강세라 신규 진입 시 차별화 필요. 이미 강하고 더 커지는 중 — 핵심가 대신 2선 입지·배후 골목 공략. ※ 배율 극단(×5↑): 대형점·본사 매출 주소 집계 가능성, 현장 확인 필요","배율 극단(×5↑): 대형점·본사 매출 주소 집계 가능성, 현장 확인 필요",23850.3425,60715.25,2.691931120367587,0.3869111521449735,0.4458879919273461,0.3399815001681803,138758246.0,0.5990566037735849,2.0,187.0,126.89491572157203,37.48486929351596
구로구,11530550,구로4동,생활압박형,1,"구로주공1차, 구로두산, 구로삼성래미안",디지털밸리·직주혼합형,가족·아파트단지형,"2호선 구로디지털단지역, 1·7호선 가산디지털단지역 인접","G밸리(구로디지털단지) IT 벤처기업 직장인 유동인구, 깔깔거리(먹자골목) 번화","준공업지역 및 노후 주거지 혼재, 중국동포 밀집지역 인접에 따른 상권 분절","IT/벤처 직장인, 1인가구 사회초년생, 다문화 주민",#역세권공백,#가성비선호 #야간소비,#노후상권 #공업지대혼재 #소비위축추세,"직장인 회식용 삼겹살/치킨, 저가 커피, 원룸가 코인빨래방, 배달음식점","고급 명품 브랜드, 대형 프리미엄 키즈카페","[데이터] 생활용품·무인점포·세탁 / 학원·스터디카페·키즈교육  [현장키워드] 직장인 회식용 삼겹살/치킨, 저가 커피, 원룸가 코인빨래방, 배달음식점","생활용품(×0.43), 교육(×0.75)","의류·신발(×2.96), 유흥(×1.53)",G밸리 벤처기업 직장인들의 회식 및 점심 수요가 강하고 1인 가구 배달 소비가 탄탄한 상권,기대수준,식어가는 강세상권,⑤ 경고(둔화),,,1.1767735822353071,827636534.9779749,-0.083854630742033,"[가족·아파트단지형] 인구·인프라로 본 기대소비 대비 실제 ×1.18 (분기 약 8억 원 웃돎, 추세 악화). 유사 원형 동 대비 생활용품(×0.43), 교육(×0.75) 비중이 낮아 해당 업종 공급 여지. 의류·신발(×2.96), 유흥(×1.53)은 이미 강세라 신규 진입 시 차별화 필요. 강세였으나 식는 중 — 신규 진입 보수적, 업종 전환 수요 관찰.",,25867.132500000003,1287.3333333333333,0.0696127855840394,0.2816689906682398,0.30513749901505,0.216966748089197,114177005.0,0.7995283018867925,0.0,139.0,126.89030405609384,37.49160463784752
구로구,11530560,구로5동,알뜰안정형,3,"구로주공1차, 구로두산, 구로삼성래미안",디지털밸리·직주혼합형,청년1인·원룸형,"2호선 구로디지털단지역, 1·7호선 가산디지털단지역 인접","G밸리(구로디지털단지) IT 벤처기업 직장인 유동인구, 깔깔거리(먹자골목) 번화","준공업지역 및 노후 주거지 혼재, 중국동포 밀집지역 인접에 따른 상권 분절","IT/벤처 직장인, 1인가구 사회초년생, 다문화 주민",#역세권 #집객시설밀집 #몰세권,#2030청년가구,#노후상권 #공업지대혼재 #경쟁과열가능,"직장인 회식용 삼겹살/치킨, 저가 커피, 원룸가 코인빨래방, 배달음식점","고급 명품 브랜드, 대형 프리미엄 키즈카페","[데이터] 의류·잡화 편집숍 / 학원·스터디카페·키즈교육  [현장키워드] 직장인 회식용 삼겹살/치킨, 저가 커피, 원룸가 코인빨래방, 배달음식점","의류·신발(×0.39), 교육(×0.50)","여가·문화(×3.70), 생활용품(×2.84)",G밸리 벤처기업 직장인들의 회식 및 점심 수요가 강하고 1인 가구 배달 소비가 탄탄한 상권,초과달성,성장하는 강세상권,③ 확장형,,,1.6069960253869202,6776723880.359264,0.0520731492435106,"[청년1인·원룸형] 인구·인프라로 본 기대소비 대비 실제 ×1.61 (분기 약 68억 원 웃돎, 추세 개선). 유사 원형 동 대비 의류·신발(×0.39), 교육(×0.50) 비중이 낮아 해당 업종 공급 여지. 여가·문화(×3.70), 생활용품(×2.84)은 이미 강세라 신규 진입 시 차별화 필요. 이미 강하고 더 커지는 중 — 핵심가 대신 2선 입지·배후 골목 공략.",,30360.72583333333,12120.916666666666,0.4464285714285714,0.3598369715390992,0.3751679391814398,0.2201805551004358,291594059.0,0.070754716981132,1.0,167.0,126.88854723628783,37.50199159469519
구로구,11530595,가리봉동,생활압박형,1,-,대단지·생활근린형,근린주거형,지하철 및 시내버스 대중교통 이용 원활,안정적인 주거 배후수요를 갖춘 생활 밀착형 상권,외부 유입 한계 및 자체 배후수요 의존도 높음,다인 가구 및 일반 중장년·가족 단위 거주,#역세권공백,#가성비선호 #2030청년가구,#외부유입한계 #소비유출,"편의점, 베이커리, 중소형 마트, 근린의원(내과/치과)","고가 사치재, 외지인 유입 중심 대형 매장","[데이터] 학원·스터디카페·키즈교육 / 의류·잡화 편집숍  [현장키워드] 편의점, 베이커리, 중소형 마트, 근린의원(내과/치과)","교육(×0.06), 의류·신발(×0.41)","유흥(×3.60), 생활용품(×1.45)",가리봉동 일대 안정적인 주거 배후지를 중심으로 형성된 근린 생활 상권,저평가,안정(저평가),② 유출보완형 기회,45.9,156.0,0.5459593728215018,-1136568570.0553584,-0.0212900714257085,"[근린주거형] 인구·인프라로 본 기대소비 대비 실제 ×0.55 (분기 약 11억 원 밑돎, 추세 보합). 유사 원형 동 대비 교육(×0.06), 의류·신발(×0.41) 비중이 낮아 해당 업종 공급 여지. 유흥(×3.60), 생활용품(×1.45)은 이미 강세라 신규 진입 시 차별화 필요. 수요 대비 소비가 꾸준히 밖으로 샘 — 빠진 필수업종을 채우는 근린형 진입.",,17515.583333333332,605.3333333333334,0.0662228853437392,0.3458051187880179,0.2557849768600925,0.3611012222617776,185911126.0,0.5330188679245284,0.0,74.0,126.88805581858972,37.48269156337733
구로구,11530720,고척1동,알뜰안정형,3,-,대단지·생활근린형,근린주거형,지하철 및 시내버스 대중교통 이용 원활,안정적인 주거 배후수요를 갖춘 생활 밀착형 상권,외부 유입 한계 및 자체 배후수요 의존도 높음,다인 가구 및 일반 중장년·가족 단위 거주,#역세권공백 #의료허브 #대학가,,#외부유입한계,"편의점, 베이커리, 중소형 마트, 근린의원(내과/치과)","고가 사치재, 외지인 유입 중심 대형 매장","[현장키워드] 편의점, 베이커리, 중소형 마트, 근린의원(내과/치과)",,"여가·문화(×1.71), 의료비(×1.47)",고척1동 일대 안정적인 주거 배후지를 중심으로 형성된 근린 생활 상권,기대수준,안정(초과),④ 검증·포화형,,,1.4814336785266202,2163848415.5945854,0.0378731075580881,"[근린주거형] 인구·인프라로 본 기대소비 대비 실제 ×1.48 (분기 약 22억 원 웃돎, 추세 보합). 여가·문화(×1.71), 의료비(×1.47)은 이미 강세라 신규 진입 시 차별화 필요. 수요는 검증됐지만 경쟁 치열 — 차별화 콘셉트 없으면 비추천.",,26255.611666666668,2240.1666666666665,0.0794634035114387,0.3195637303336627,0.2933910697806488,0.1211382835238162,238203387.0,0.3985849056603773,0.0,135.0,126.8637031420373,37.50070413514469
구로구,11530730,고척2동,생활압박형,1,-,대단지·생활근린형,근린주거형,지하철 및 시내버스 대중교통 이용 원활,안정적인 주거 배후수요를 갖춘 생활 밀착형 상권,외부 유입 한계 및 자체 배후수요 의존도 높음,다인 가구 및 일반 중장년·가족 단위 거주,#역세권공백,,#외부유입한계,"편의점, 베이커리, 중소형 마트, 근린의원(내과/치과)","고가 사치재, 외지인 유입 중심 대형 매장","[데이터] 피트니스·필라테스·키즈카페·공방 / 의류·잡화 편집숍  [현장키워드] 편의점, 베이커리, 중소형 마트, 근린의원(내과/치과)","여가·문화(×0.55), 의류·신발(×0.68)","생활용품(×1.55), 의료비(×1.39)",고척2동 일대 안정적인 주거 배후지를 중심으로 형성된 근린 생활 상권,기대수준,떠오르는 잠재상권,① 선점형 기회,63.4,75.0,0.8816931434909605,-419034079.3361216,0.058359817157929,"[근린주거형] 인구·인프라로 본 기대소비 대비 실제 ×0.88 (분기 약 4억 원 밑돎, 추세 개선). 유사 원형 동 대비 여가·문화(×0.55), 의류·신발(×0.68) 비중이 낮아 해당 업종 공급 여지. 생활용품(×1.55), 의료비(×1.39)은 이미 강세라 신규 진입 시 차별화 필요. 기대보다 덜 쓰지만 격차가 줄어드는 중 — 임대료 오르기 전 진입 적기.",,25012.005833333333,1430.6666666666667,0.0621771719290069,0.2365528758398384,0.2813917708785356,0.1477880784251844,189698484.0,0.6367924528301887,0.0,128.0,126.85346961648176,37.50589068275934
구로구,11530740,개봉1동,생활압박형,1,-,대단지·생활근린형,근린주거형,지하철 및 시내버스 대중교통 이용 원활,안정적인 주거 배후수요를 갖춘 생활 밀착형 상권,외부 유입 한계 및 자체 배후수요 의존도 높음,다인 가구 및 일반 중장년·가족 단위 거주,#역세권,#가성비선호 #주말나들이,#외부유입한계,"편의점, 베이커리, 중소형 마트, 근린의원(내과/치과)","고가 사치재, 외지인 유입 중심 대형 매장","[데이터] 학원·스터디카페·키즈교육  [현장키워드] 편의점, 베이커리, 중소형 마트, 근린의원(내과/치과)",교육(×0.65),"생활용품(×2.11), 식료품(×1.44)",개봉1동 일대 안정적인 주거 배후지를 중심으로 형성된 근린 생활 상권,기대수준,떠오르는 잠재상권,① 선점형 기회,76.7,12.0,0.756630505773905,-1551436298.8790388,0.0628163880523979,"[근린주거형] 인구·인프라로 본 기대소비 대비 실제 ×0.76 (분기 약 16억 원 밑돎, 추세 개선). 유사 원형 동 대비 교육(×0.65) 비중이 낮아 해당 업종 공급 여지. 생활용품(×2.11), 식료품(×1.44)은 이미 강세라 신규 진입 시 차별화 필요. 기대보다 덜 쓰지만 격차가 줄어드는 중 — 임대료 오르기 전 진입 적기.",,29373.52333333333,9503.833333333334,0.1513797475997826,0.2709679367187971,0.3120336134453781,0.1367556302521008,170691909.0,0.6580188679245284,1.0,163.0,126.84912717835932,37.50000165460349
구로구,11530750,개봉2동,알뜰안정형,3,-,대단지·생활근린형,가족·아파트단지형,지하철 및 시내버스 대중교통 이용 원활,안정적인 주거 배후수요를 갖춘 생활 밀착형 상권,외부 유입 한계 및 자체 배후수요 의존도 높음,다인 가구 및 일반 중장년·가족 단위 거주,#역세권공백,#가족세대 #야간소비 #주말나들이,#외부유입한계,"편의점, 베이커리, 중소형 마트, 근린의원(내과/치과)","고가 사치재, 외지인 유입 중심 대형 매장","[데이터] 의류·잡화 편집숍  [현장키워드] 편의점, 베이커리, 중소형 마트, 근린의원(내과/치과)",의류·신발(×0.66),교육(×1.84),개봉2동 일대 안정적인 주거 배후지를 중심으로 형성된 근린 생활 상권,기대수준,안정(저평가),② 유출보완형 기회,60.0,97.0,0.9569768123588652,-156923434.3706317,0.0179918563790471,"[가족·아파트단지형] 인구·인프라로 본 기대소비 대비 실제 ×0.96 (분기 약 2억 원 밑돎, 추세 보합). 유사 원형 동 대비 의류·신발(×0.66) 비중이 낮아 해당 업종 공급 여지. 교육(×1.84)은 이미 강세라 신규 진입 시 차별화 필요. 수요 대비 소비가 꾸준히 밖으로 샘 — 빠진 필수업종을 채우는 근린형 진입.",,29398.016666666663,6958.833333333333,0.24781321491051,0.2415892881173462,0.2927558135540823,0.106700786590183,193683448.0,0.8443396226415094,0.0,116.0,126.85648091405729,37.4925685083559
구로구,11530760,개봉3동,생활압박형,1,-,대단지·생활근린형,가족·아파트단지형,지하철 및 시내버스 대중교통 이용 원활,안정적인 주거 배후수요를 갖춘 생활 밀착형 상권,외부 유입 한계 및 자체 배후수요 의존도 높음,다인 가구 및 일반 중장년·가족 단위 거주,#역세권공백,#가성비선호 #가족세대 #야간소비,#외부유입한계 #소비위축추세,"편의점, 베이커리, 중소형 마트, 근린의원(내과/치과)","고가 사치재, 외지인 유입 중심 대형 매장","[데이터] 의원(내과·소아과·치과)·약국 / 피트니스·필라테스·키즈카페·공방  [현장키워드] 편의점, 베이커리, 중소형 마트, 근린의원(내과/치과)","의료비(×0.54), 여가·문화(×0.70)","식료품(×1.76), 생활용품(×1.75)",개봉3동 일대 안정적인 주거 배후지를 중심으로 형성된 근린 생활 상권,기대수준,위축되는 약세상권,⑥ 주의(위축),,,0.8868238340854391,-407813051.1073842,-0.1566352728140155,"[가족·아파트단지형] 인구·인프라로 본 기대소비 대비 실제 ×0.89 (분기 약 4억 원 밑돎, 추세 악화). 유사 원형 동 대비 의료비(×0.54), 여가·문화(×0.70) 비중이 낮아 해당 업종 공급 여지. 식료품(×1.76), 생활용품(×1.75)은 이미 강세라 신규 진입 시 차별화 필요. 기대보다 약하고 더 약해지는 중 — 원인(재건축·공동화) 확인 전 진입 보류.",,18424.580833333333,1844.9166666666667,0.1363589848546868,0.2354686860417519,0.2973849027579386,0.1238644105043401,155760606.0,0.9504716981132076,0.0,81.0,126.85221843930331,37.48653551692018
구로구,11530770,오류1동,생활압박형,1,-,대단지·생활근린형,청년1인·원룸형,지하철 및 시내버스 대중교통 이용 원활,안정적인 주거 배후수요를 갖춘 생활 밀착형 상권,외부 유입 한계 및 자체 배후수요 의존도 높음,다인 가구 및 일반 중장년·가족 단위 거주,#역세권,#가성비선호 #2030청년가구 #야간소비 #주말나들이,#외부유입한계 #소비위축추세,"편의점, 베이커리, 중소형 마트, 근린의원(내과/치과)","고가 사치재, 외지인 유입 중심 대형 매장","[데이터] 생활용품·무인점포·세탁  [현장키워드] 편의점, 베이커리, 중소형 마트, 근린의원(내과/치과)",생활용품(×0.30),"유흥(×2.21), 의류·신발(×2.08)",오류1동 일대 안정적인 주거 배후지를 중심으로 형성된 근린 생활 상권,기대수준,위축되는 약세상권,⑥ 주의(위축),,,0.7450056346694143,-1414813509.7149882,-0.1285170517844343,"[청년1인·원룸형] 인구·인프라로 본 기대소비 대비 실제 ×0.75 (분기 약 14억 원 밑돎, 추세 악화). 유사 원형 동 대비 생활용품(×0.30) 비중이 낮아 해당 업종 공급 여지. 유흥(×2.21), 의류·신발(×2.08)은 이미 강세라 신규 진입 시 차별화 필요. 기대보다 약하고 더 약해지는 중 — 원인(재건축·공동화) 확인 전 진입 보류.",,19756.7025,2949.5,0.1494747107584556,0.3799813821534643,0.3801566579634465,0.2518879658200807,158478976.0,0.410377358490566,1.0,122.0,126.84164727524184,37.49686537587967
구로구,11530780,오류2동,알뜰안정형,3,-,대단지·생활근린형,광역집객·관광형,지하철 및 시내버스 대중교통 이용 원활,안정적인 주거 배후수요를 갖춘 생활 밀착형 상권,외부 유입 한계 및 자체 배후수요 의존도 높음,다인 가구 및 일반 중장년·가족 단위 거주,#역세권 #집객시설밀집,#가족세대,#외부유입한계,"편의점, 베이커리, 중소형 마트, 근린의원(내과/치과)","고가 사치재, 외지인 유입 중심 대형 매장","[데이터] 의류·잡화 편집숍 / 의원(내과·소아과·치과)·약국  [현장키워드] 편의점, 베이커리, 중소형 마트, 근린의원(내과/치과)","의류·신발(×0.40), 의료비(×0.43)","식료품(×1.97), 교육(×1.89)",오류2동 일대 안정적인 주거 배후지를 중심으로 형성된 근린 생활 상권,기대수준,안정(저평가),② 유출보완형 기회,69.3,48.0,0.7525482188535438,-1330903608.273233,0.0146520651017129,"[광역집객·관광형] 인구·인프라로 본 기대소비 대비 실제 ×0.75 (분기 약 13억 원 밑돎, 추세 보합). 유사 원형 동 대비 의류·신발(×0.40), 의료비(×0.43) 비중이 낮아 해당 업종 공급 여지. 식료품(×1.97), 교육(×1.89)은 이미 강세라 신규 진입 시 차별화 필요. 수요 대비 소비가 꾸준히 밖으로 샘 — 빠진 필수업종을 채우는 근린형 진입.",,39275.214166666665,834.1666666666666,0.027467074381052,0.2334433089241168,0.3092999206368293,0.1431018975012626,244582574.0,0.7570754716981132,1.0,209.0,126.83844926710196,37.485301131831626
구로구,11530790,수궁동,생활압박형,1,-,대단지·생활근린형,학원가·에듀형,지하철 및 시내버스 대중교통 이용 원활,안정적인 주거 배후수요를 갖춘 생활 밀착형 상권,외부 유입 한계 및 자체 배후수요 의존도 높음,다인 가구 및 일반 중장년·가족 단위 거주,#다중역세권,#가성비선호 #가족세대,#외부유입한계 #소비유출,"편의점, 베이커리, 중소형 마트, 근린의원(내과/치과)","고가 사치재, 외지인 유입 중심 대형 매장","[데이터] 의원(내과·소아과·치과)·약국  [현장키워드] 편의점, 베이커리, 중소형 마트, 근린의원(내과/치과)",의료비(×0.46),"유흥(×1.89), 식료품(×1.47)",수궁동 일대 안정적인 주거 배후지를 중심으로 형성된 근린 생활 상권,저평가,떠오르는 잠재상권,① 선점형 기회,73.5,26.0,0.602902051592904,-1731262630.1769042,0.0692771377638312,"[학원가·에듀형] 인구·인프라로 본 기대소비 대비 실제 ×0.60 (분기 약 17억 원 밑돎, 추세 개선). 유사 원형 동 대비 의료비(×0.46) 비중이 낮아 해당 업종 공급 여지. 유흥(×1.89), 식료품(×1.47)은 이미 강세라 신규 진입 시 차별화 필요. 기대보다 덜 쓰지만 격차가 줄어드는 중 — 임대료 오르기 전 진입 적기.",,21094.8225,1575.3333333333333,0.0762760382260976,0.2434491566477298,0.2992170284589057,0.133216278306531,175786153.0,0.9858490566037736,3.0,154.0,126.82601531115785,37.49843816768311
구로구,11530800,항동,,,,,학원가·에듀형,,,,,#역세권공백 #대학가,,,,,[데이터] 생활용품·무인점포·세탁 / 의류·잡화 편집숍,"생활용품(×0.41), 의류·신발(×0.55)",,,기대수준,성장하는 강세상권,③ 확장형,,,1.398761860865497,336578911.405676,0.1610391488790249,"[학원가·에듀형] 인구·인프라로 본 기대소비 대비 실제 ×1.40 (분기 약 3억 원 웃돎, 추세 개선). 유사 원형 동 대비 생활용품(×0.41), 의류·신발(×0.55) 비중이 낮아 해당 업종 공급 여지. 이미 강하고 더 커지는 중 — 핵심가 대신 2선 입지·배후 골목 공략.",,12893.25,0.0,0.0,0.2689929599020508,,,300065423.0,0.5235849056603774,0.0,64.0,126.82459717918115,37.481037633340605
금천구,11545510,가산동,영앤레버리지형,0,"가산두산위브, 오피스텔 밀집",지식산업센터·아울렛몰형,오피스·업무형,"1·7호선 가산디지털단지역, 서부간선도로","마리오아울렛·현대아울렛 패션 쇼핑몰 집결, 수십만 G밸리 IT직장인 주간 유동인구","주말 지식산업센터 오피스 지역 공동화(유령도시화), 출퇴근시간 1·7호선 극악의 혼잡","IT 직장인, 아울렛 원정 쇼핑객, 청년 1인가구",#다중역세권 #집객시설밀집 #몰세권,#가성비선호 #2030청년가구 #직장인밀집,#교통정체 #주말공동화 #소비유출 #소비위축추세,"직장인 맞춤 가성비 식당, 저가 테이크아웃 카페, 오피스 문구/복사, 아울렛 연계 F&B",주말 아파트 가족외식 위주 업종,"[데이터] 학원·스터디카페·키즈교육 / 음식점·카페·배달전문점  [현장키워드] 직장인 맞춤 가성비 식당, 저가 테이크아웃 카페, 오피스 문구/복사, 아울렛 연계 F&B","교육(×0.60), 음식(×0.68)","의류·신발(×9.64), 여가·문화(×1.39)",주중 수십만 IT 직장인 소비와 주말 아울렛 원정 쇼핑객이 교차하는 업무·쇼핑 특화 상권,저평가,위축되는 약세상권,⑥ 주의(위축),,,0.5328573057088946,-34489184239.74836,-0.1175585044676462,"[오피스·업무형] 인구·인프라로 본 기대소비 대비 실제 ×0.53 (분기 약 345억 원 밑돎, 추세 악화). 유사 원형 동 대비 교육(×0.60), 음식(×0.68) 비중이 낮아 해당 업종 공급 여지. 의류·신발(×9.64), 여가·문화(×1.39)은 이미 강세라 신규 진입 시 차별화 필요. 기대보다 약하고 더 약해지는 중 — 원인(재건축·공동화) 확인 전 진입 보류.",,25487.719166666662,99103.75,4.309438713345789,0.5508082202907969,0.4625931892256397,0.458655078110366,173249223.0,0.1580188679245283,3.0,304.0,126.88379136072042,37.47665969748202
금천구,11545610,독산1동,생활압박형,1,"롯데캐슬골드파크1~3차(주상복합), 벽산1·5단지, 남서울힐스테이트",신축복합몰·개발호재형,청년1인·원룸형,"1호선 금천구청역, 독산역, 신안산선 개통 예정 호재","롯데캐슬골드파크(롯데마트/홈플러스) 중심 현대화, 금천구청 행정타운, 신안산선 미래가치","노후 철공소/유통상가 혼재, 1호선 지상철 소음, 서부간선도로 정체","신축 주거지 3040 맞벌이 가족, 지역 토착 서민층",#역세권공백 #집객시설밀집 #몰세권 #교통호재,#2030청년가구 #3040맞벌이 #신축입주,#교통정체 #노후상권 #공업지대혼재,"마트 연계 근린식음, 가족형 병원, 생활밀착 프랜차이즈, 피트니스","초고가 사치재, 청년 트렌드 전용 팝업","[데이터] 음식점·카페·배달전문점  [현장키워드] 마트 연계 근린식음, 가족형 병원, 생활밀착 프랜차이즈, 피트니스",음식(×0.73),"생활용품(×2.49), 교육(×1.94)",롯데캐슬골드파크 대단지 조성과 신안산선 호재로 상권 체질이 급격히 개선 중인 서남부 상권,기대수준,안정(저평가),② 유출보완형 기회,63.3,78.0,0.7764486760201861,-2823934445.948708,-0.0274853570295414,"[청년1인·원룸형] 인구·인프라로 본 기대소비 대비 실제 ×0.78 (분기 약 28억 원 밑돎, 추세 보합). 유사 원형 동 대비 음식(×0.73) 비중이 낮아 해당 업종 공급 여지. 생활용품(×2.49), 교육(×1.94)은 이미 강세라 신규 진입 시 차별화 필요. 수요 대비 소비가 꾸준히 밖으로 샘 — 빠진 필수업종을 채우는 근린형 진입.",,36038.92916666667,10460.166666666666,0.2322178477690288,0.3896981627296588,0.3900990099009901,0.2543663366336634,245696062.0,0.1391509433962264,0.0,217.0,126.89249163153224,37.46430607365215
금천구,11545620,독산2동,생활압박형,1,"롯데캐슬골드파크1~3차(주상복합), 벽산1·5단지, 남서울힐스테이트",신축복합몰·개발호재형,가족·아파트단지형,"1호선 금천구청역, 독산역, 신안산선 개통 예정 호재","롯데캐슬골드파크(롯데마트/홈플러스) 중심 현대화, 금천구청 행정타운, 신안산선 미래가치","노후 철공소/유통상가 혼재, 1호선 지상철 소음, 서부간선도로 정체","신축 주거지 3040 맞벌이 가족, 지역 토착 서민층",#역세권공백 #몰세권 #교통호재,#가성비선호 #가족세대 #주말나들이 #3040맞벌이 #신축입주,#교통정체 #노후상권 #공업지대혼재,"마트 연계 근린식음, 가족형 병원, 생활밀착 프랜차이즈, 피트니스","초고가 사치재, 청년 트렌드 전용 팝업","[데이터] 의원(내과·소아과·치과)·약국 / 학원·스터디카페·키즈교육  [현장키워드] 마트 연계 근린식음, 가족형 병원, 생활밀착 프랜차이즈, 피트니스","의료비(×0.56), 교육(×0.69)","의류·신발(×2.12), 식료품(×1.46)",롯데캐슬골드파크 대단지 조성과 신안산선 호재로 상권 체질이 급격히 개선 중인 서남부 상권,기대수준,안정(초과),④ 검증·포화형,,,1.181594686867132,422231499.8476634,0.0109062420851541,"[가족·아파트단지형] 인구·인프라로 본 기대소비 대비 실제 ×1.18 (분기 약 4억 원 웃돎, 추세 보합). 유사 원형 동 대비 의료비(×0.56), 교육(×0.69) 비중이 낮아 해당 업종 공급 여지. 의류·신발(×2.12), 식료품(×1.46)은 이미 강세라 신규 진입 시 차별화 필요. 수요는 검증됐지만 경쟁 치열 — 차별화 콘셉트 없으면 비추천.",,19917.366666666665,1363.4166666666667,0.0727857022044314,0.2733833229971246,0.3015663140764849,0.2213878152969894,135091578.0,0.7523584905660378,0.0,73.0,126.90273314117329,37.46394553258966
금천구,11545630,독산3동,생활압박형,1,"롯데캐슬골드파크1~3차(주상복합), 벽산1·5단지, 남서울힐스테이트",신축복합몰·개발호재형,가족·아파트단지형,"1호선 금천구청역, 독산역, 신안산선 개통 예정 호재","롯데캐슬골드파크(롯데마트/홈플러스) 중심 현대화, 금천구청 행정타운, 신안산선 미래가치","노후 철공소/유통상가 혼재, 1호선 지상철 소음, 서부간선도로 정체","신축 주거지 3040 맞벌이 가족, 지역 토착 서민층",#역세권공백 #몰세권 #교통호재,#가성비선호 #3040맞벌이 #신축입주,#교통정체 #노후상권 #공업지대혼재,"마트 연계 근린식음, 가족형 병원, 생활밀착 프랜차이즈, 피트니스","초고가 사치재, 청년 트렌드 전용 팝업","[데이터] 음식점·카페·배달전문점 / 학원·스터디카페·키즈교육  [현장키워드] 마트 연계 근린식음, 가족형 병원, 생활밀착 프랜차이즈, 피트니스","음식(×0.74), 교육(×0.75)","유흥(×1.55), 의류·신발(×1.48)",롯데캐슬골드파크 대단지 조성과 신안산선 호재로 상권 체질이 급격히 개선 중인 서남부 상권,기대수준,안정(저평가),② 유출보완형 기회,50.2,139.0,0.8965492190551603,-546684660.2063255,-0.0021278077001214,"[가족·아파트단지형] 인구·인프라로 본 기대소비 대비 실제 ×0.90 (분기 약 5억 원 밑돎, 추세 보합). 유사 원형 동 대비 음식(×0.74), 교육(×0.75) 비중이 낮아 해당 업종 공급 여지. 유흥(×1.55), 의류·신발(×1.48)은 이미 강세라 신규 진입 시 차별화 필요. 수요 대비 소비가 꾸준히 밖으로 샘 — 빠진 필수업종을 채우는 근린형 진입.",,28404.02083333333,2951.0,0.1168437673366619,0.3081978406520718,0.3058443632234484,0.2195791490720698,158539229.0,0.7382075471698113,0.0,119.0,126.90460578412556,37.47578633583591
금천구,11545640,독산4동,생활압박형,1,"롯데캐슬골드파크1~3차(주상복합), 벽산1·5단지, 남서울힐스테이트",신축복합몰·개발호재형,가족·아파트단지형,"1호선 금천구청역, 독산역, 신안산선 개통 예정 호재","롯데캐슬골드파크(롯데마트/홈플러스) 중심 현대화, 금천구청 행정타운, 신안산선 미래가치","노후 철공소/유통상가 혼재, 1호선 지상철 소음, 서부간선도로 정체","신축 주거지 3040 맞벌이 가족, 지역 토착 서민층",#역세권공백 #몰세권 #교통호재,#가성비선호 #가족세대 #주말나들이 #3040맞벌이 #신축입주,#교통정체 #노후상권 #공업지대혼재,"마트 연계 근린식음, 가족형 병원, 생활밀착 프랜차이즈, 피트니스","초고가 사치재, 청년 트렌드 전용 팝업","[데이터] 생활용품·무인점포·세탁 / 의류·잡화 편집숍  [현장키워드] 마트 연계 근린식음, 가족형 병원, 생활밀착 프랜차이즈, 피트니스","생활용품(×0.43), 의류·신발(×0.60)",유흥(×3.75),롯데캐슬골드파크 대단지 조성과 신안산선 호재로 상권 체질이 급격히 개선 중인 서남부 상권,기대수준,안정(저평가),② 유출보완형 기회,36.9,178.0,0.845097503182889,-377661112.5511105,-0.0269824411067167,"[가족·아파트단지형] 인구·인프라로 본 기대소비 대비 실제 ×0.85 (분기 약 4억 원 밑돎, 추세 보합). 유사 원형 동 대비 생활용품(×0.43), 의류·신발(×0.60) 비중이 낮아 해당 업종 공급 여지. 유흥(×3.75)은 이미 강세라 신규 진입 시 차별화 필요. 수요 대비 소비가 꾸준히 밖으로 샘 — 빠진 필수업종을 채우는 근린형 진입.",,16836.4425,1193.9166666666667,0.079043484253325,0.2708290262559438,0.2967560112730107,0.2210361575822989,143761339.0,0.7405660377358491,0.0,64.0,126.904094190848,37.46917250828416
금천구,11545670,시흥1동,생활압박형,1,"롯데캐슬골드파크1~3차(주상복합), 벽산1·5단지, 남서울힐스테이트",신축복합몰·개발호재형,근린주거형,"1호선 금천구청역, 독산역, 신안산선 개통 예정 호재","롯데캐슬골드파크(롯데마트/홈플러스) 중심 현대화, 금천구청 행정타운, 신안산선 미래가치","노후 철공소/유통상가 혼재, 1호선 지상철 소음, 서부간선도로 정체","신축 주거지 3040 맞벌이 가족, 지역 토착 서민층",#역세권 #집객시설밀집 #의료허브 #몰세권 #교통호재,#가성비선호 #야간소비 #3040맞벌이 #신축입주,#교통정체 #노후상권 #공업지대혼재,"마트 연계 근린식음, 가족형 병원, 생활밀착 프랜차이즈, 피트니스","초고가 사치재, 청년 트렌드 전용 팝업","[현장키워드] 마트 연계 근린식음, 가족형 병원, 생활밀착 프랜차이즈, 피트니스",,"유흥(×1.56), 의류·신발(×1.37)",롯데캐슬골드파크 대단지 조성과 신안산선 호재로 상권 체질이 급격히 개선 중인 서남부 상권,기대수준,안정(저평가),② 유출보완형 기회,60.8,92.0,0.8260202955934731,-2173659661.7107906,-0.0047069449395066,"[근린주거형] 인구·인프라로 본 기대소비 대비 실제 ×0.83 (분기 약 22억 원 밑돎, 추세 보합). 유흥(×1.56), 의류·신발(×1.37)은 이미 강세라 신규 진입 시 차별화 필요. 수요 대비 소비가 꾸준히 밖으로 샘 — 빠진 필수업종을 채우는 근린형 진입.",,31669.540833333333,4304.166666666667,0.1445119103222793,0.2849135917795423,0.3182133838383838,0.1877424242424242,180948067.0,0.5801886792452831,1.0,223.0,126.90014866846398,37.45241042141484
금천구,11545680,시흥2동,알뜰안정형,3,"롯데캐슬골드파크1~3차(주상복합), 벽산1·5단지, 남서울힐스테이트",신축복합몰·개발호재형,학원가·에듀형,"1호선 금천구청역, 독산역, 신안산선 개통 예정 호재","롯데캐슬골드파크(롯데마트/홈플러스) 중심 현대화, 금천구청 행정타운, 신안산선 미래가치","노후 철공소/유통상가 혼재, 1호선 지상철 소음, 서부간선도로 정체","신축 주거지 3040 맞벌이 가족, 지역 토착 서민층",#역세권공백 #몰세권 #교통호재,#3040맞벌이 #신축입주,#교통정체 #노후상권 #공업지대혼재 #소비유출,"마트 연계 근린식음, 가족형 병원, 생활밀착 프랜차이즈, 피트니스","초고가 사치재, 청년 트렌드 전용 팝업","[데이터] 음식점·카페·배달전문점 / 의원(내과·소아과·치과)·약국  [현장키워드] 마트 연계 근린식음, 가족형 병원, 생활밀착 프랜차이즈, 피트니스","음식(×0.42), 의료비(×0.58)","식료품(×2.14), 생활용품(×1.55)",롯데캐슬골드파크 대단지 조성과 신안산선 호재로 상권 체질이 급격히 개선 중인 서남부 상권,저평가,안정(저평가),② 유출보완형 기회,71.9,32.0,0.4315451034775649,-1013615712.4200968,0.044382807505612,"[학원가·에듀형] 인구·인프라로 본 기대소비 대비 실제 ×0.43 (분기 약 10억 원 밑돎, 추세 보합). 유사 원형 동 대비 음식(×0.42), 의료비(×0.58) 비중이 낮아 해당 업종 공급 여지. 식료품(×2.14), 생활용품(×1.55)은 이미 강세라 신규 진입 시 차별화 필요. 수요 대비 소비가 꾸준히 밖으로 샘 — 빠진 필수업종을 채우는 근린형 진입.",,19131.075,889.0833333333334,0.0504279323088893,0.2109511768138494,0.2568172356369692,0.1206286427976686,275637280.0,0.2004716981132075,0.0,76.0,126.9198266936059,37.450902696208864
금천구,11545690,시흥3동,생활압박형,1,"롯데캐슬골드파크1~3차(주상복합), 벽산1·5단지, 남서울힐스테이트",신축복합몰·개발호재형,가족·아파트단지형,"1호선 금천구청역, 독산역, 신안산선 개통 예정 호재","롯데캐슬골드파크(롯데마트/홈플러스) 중심 현대화, 금천구청 행정타운, 신안산선 미래가치","노후 철공소/유통상가 혼재, 1호선 지상철 소음, 서부간선도로 정체","신축 주거지 3040 맞벌이 가족, 지역 토착 서민층",#역세권공백 #몰세권 #교통호재,#가성비선호 #가족세대 #3040맞벌이 #신축입주,#교통정체 #노후상권 #공업지대혼재,"마트 연계 근린식음, 가족형 병원, 생활밀착 프랜차이즈, 피트니스","초고가 사치재, 청년 트렌드 전용 팝업","[데이터] 의원(내과·소아과·치과)·약국 / 학원·스터디카페·키즈교육  [현장키워드] 마트 연계 근린식음, 가족형 병원, 생활밀착 프랜차이즈, 피트니스","의료비(×0.44), 교육(×0.46)","생활용품(×4.36), 유흥(×2.24)",롯데캐슬골드파크 대단지 조성과 신안산선 호재로 상권 체질이 급격히 개선 중인 서남부 상권,기대수준,안정(저평가),② 유출보완형 기회,38.3,176.0,0.7766809643817905,-458851593.1172793,-0.0219804192458864,"[가족·아파트단지형] 인구·인프라로 본 기대소비 대비 실제 ×0.78 (분기 약 5억 원 밑돎, 추세 보합). 유사 원형 동 대비 의료비(×0.44), 교육(×0.46) 비중이 낮아 해당 업종 공급 여지. 생활용품(×4.36), 유흥(×2.24)은 이미 강세라 신규 진입 시 차별화 필요. 수요 대비 소비가 꾸준히 밖으로 샘 — 빠진 필수업종을 채우는 근린형 진입.",,10698.550833333333,1928.6666666666667,0.1909780360484586,0.2403230572244656,0.266629401900503,0.1525451835289733,164661707.0,0.9952830188679244,0.0,66.0,126.90599582012102,37.44008033489764
금천구,11545700,시흥4동,생활압박형,1,"롯데캐슬골드파크1~3차(주상복합), 벽산1·5단지, 남서울힐스테이트",신축복합몰·개발호재형,가족·아파트단지형,"1호선 금천구청역, 독산역, 신안산선 개통 예정 호재","롯데캐슬골드파크(롯데마트/홈플러스) 중심 현대화, 금천구청 행정타운, 신안산선 미래가치","노후 철공소/유통상가 혼재, 1호선 지상철 소음, 서부간선도로 정체","신축 주거지 3040 맞벌이 가족, 지역 토착 서민층",#역세권공백 #몰세권 #교통호재,#가성비선호 #가족세대 #주말나들이 #3040맞벌이 #신축입주,#교통정체 #노후상권 #공업지대혼재,"마트 연계 근린식음, 가족형 병원, 생활밀착 프랜차이즈, 피트니스","초고가 사치재, 청년 트렌드 전용 팝업","[데이터] 음식점·카페·배달전문점 / 피트니스·필라테스·키즈카페·공방  [현장키워드] 마트 연계 근린식음, 가족형 병원, 생활밀착 프랜차이즈, 피트니스","음식(×0.44), 여가·문화(×0.60)",식료품(×1.92),롯데캐슬골드파크 대단지 조성과 신안산선 호재로 상권 체질이 급격히 개선 중인 서남부 상권,기대수준,안정(저평가),② 유출보완형 기회,49.1,145.0,0.8719116467848291,-197618429.8007908,0.0159810397152119,"[가족·아파트단지형] 인구·인프라로 본 기대소비 대비 실제 ×0.87 (분기 약 2억 원 밑돎, 추세 보합). 유사 원형 동 대비 음식(×0.44), 여가·문화(×0.60) 비중이 낮아 해당 업종 공급 여지. 식료품(×1.92)은 이미 강세라 신규 진입 시 차별화 필요. 수요 대비 소비가 꾸준히 밖으로 샘 — 빠진 필수업종을 채우는 근린형 진입.",,20188.158333333333,1135.0833333333333,0.0570587627801301,0.2406279045750284,0.2721225857311785,0.1700394166338195,139154099.0,0.8419811320754716,0.0,72.0,126.90930517370276,37.46006739908837
금천구,11545710,시흥5동,생활압박형,1,"롯데캐슬골드파크1~3차(주상복합), 벽산1·5단지, 남서울힐스테이트",신축복합몰·개발호재형,근린주거형,"1호선 금천구청역, 독산역, 신안산선 개통 예정 호재","롯데캐슬골드파크(롯데마트/홈플러스) 중심 현대화, 금천구청 행정타운, 신안산선 미래가치","노후 철공소/유통상가 혼재, 1호선 지상철 소음, 서부간선도로 정체","신축 주거지 3040 맞벌이 가족, 지역 토착 서민층",#역세권공백 #몰세권 #교통호재,#가성비선호 #야간소비 #3040맞벌이 #신축입주,#교통정체 #노후상권 #공업지대혼재 #소비유출,"마트 연계 근린식음, 가족형 병원, 생활밀착 프랜차이즈, 피트니스","초고가 사치재, 청년 트렌드 전용 팝업","[데이터] 의류·잡화 편집숍 / 학원·스터디카페·키즈교육  [현장키워드] 마트 연계 근린식음, 가족형 병원, 생활밀착 프랜차이즈, 피트니스","의류·신발(×0.51), 교육(×0.65)","생활용품(×3.79), 유흥(×1.81)",롯데캐슬골드파크 대단지 조성과 신안산선 호재로 상권 체질이 급격히 개선 중인 서남부 상권,저평가,안정(저평가),② 유출보완형 기회,63.3,77.0,0.5224121031680303,-1688285621.881122,0.0233096569866648,"[근린주거형] 인구·인프라로 본 기대소비 대비 실제 ×0.52 (분기 약 17억 원 밑돎, 추세 보합). 유사 원형 동 대비 의류·신발(×0.51), 교육(×0.65) 비중이 낮아 해당 업종 공급 여지. 생활용품(×3.79), 유흥(×1.81)은 이미 강세라 신규 진입 시 차별화 필요. 수요 대비 소비가 꾸준히 밖으로 샘 — 빠진 필수업종을 채우는 근린형 진입.",,18845.52,1107.1666666666667,0.0528981119612484,0.2321241812076842,0.2682874813393047,0.2168111537641288,158427139.0,0.6627358490566038,0.0,106.0,126.91236037124509,37.44746453361467
노원구,11350560,월계1동,생활압박형,1,-,대단지·생활근린형,근린주거형,지하철 및 시내버스 대중교통 이용 원활,안정적인 주거 배후수요를 갖춘 생활 밀착형 상권,외부 유입 한계 및 자체 배후수요 의존도 높음,다인 가구 및 일반 중장년·가족 단위 거주,#역세권공백 #대학가,#가성비선호,#외부유입한계,"편의점, 베이커리, 중소형 마트, 근린의원(내과/치과)","고가 사치재, 외지인 유입 중심 대형 매장","[데이터] 생활용품·무인점포·세탁 / 의류·잡화 편집숍  [현장키워드] 편의점, 베이커리, 중소형 마트, 근린의원(내과/치과)","생활용품(×0.34), 의류·신발(×0.58)","유흥(×2.07), 여가·문화(×1.48)",월계1동 일대 안정적인 주거 배후지를 중심으로 형성된 근린 생활 상권,기대수준,안정(초과),④ 검증·포화형,,,1.079685135321125,399798092.256774,-0.0003182786602699,"[근린주거형] 인구·인프라로 본 기대소비 대비 실제 ×1.08 (분기 약 4억 원 웃돎, 추세 보합). 유사 원형 동 대비 생활용품(×0.34), 의류·신발(×0.58) 비중이 낮아 해당 업종 공급 여지. 유흥(×2.07), 여가·문화(×1.48)은 이미 강세라 신규 진입 시 차별화 필요. 수요는 검증됐지만 경쟁 치열 — 차별화 콘셉트 없으면 비추천.",,20547.879166666666,1212.75,0.0615804345707882,0.2903634414888434,0.3631633204064601,0.1829183643414658,174087257.0,0.6226415094339622,0.0,159.0,127.0582341631986,37.62188938530012
노원구,11350570,월계2동,알뜰안정형,3,-,대단지·생활근린형,학원가·에듀형,지하철 및 시내버스 대중교통 이용 원활,안정적인 주거 배후수요를 갖춘 생활 밀착형 상권,외부 유입 한계 및 자체 배후수요 의존도 높음,다인 가구 및 일반 중장년·가족 단위 거주,#역세권 #대학가,,#외부유입한계,"편의점, 베이커리, 중소형 마트, 근린의원(내과/치과)","고가 사치재, 외지인 유입 중심 대형 매장","[데이터] 생활용품·무인점포·세탁 / 피트니스·필라테스·키즈카페·공방  [현장키워드] 편의점, 베이커리, 중소형 마트, 근린의원(내과/치과)","생활용품(×0.36), 여가·문화(×0.44)",식료품(×1.49),월계2동 일대 안정적인 주거 배후지를 중심으로 형성된 근린 생활 상권,기대수준,떠오르는 잠재상권,① 선점형 기회,63.5,74.0,0.8552203485442733,-317750498.26680875,0.0599702386180675,"[학원가·에듀형] 인구·인프라로 본 기대소비 대비 실제 ×0.86 (분기 약 3억 원 밑돎, 추세 개선). 유사 원형 동 대비 생활용품(×0.36), 여가·문화(×0.44) 비중이 낮아 해당 업종 공급 여지. 식료품(×1.49)은 이미 강세라 신규 진입 시 차별화 필요. 기대보다 덜 쓰지만 격차가 줄어드는 중 — 임대료 오르기 전 진입 적기.",,22884.17916666667,37.333333333333336,0.0011379242691779,0.2191877575044143,0.2796961627450124,0.185231588597372,314200953.0,0.2759433962264151,1.0,136.0,127.05129877305738,37.63397483256615
노원구,11350580,월계3동,알뜰안정형,3,-,대단지·생활근린형,근린주거형,지하철 및 시내버스 대중교통 이용 원활,안정적인 주거 배후수요를 갖춘 생활 밀착형 상권,외부 유입 한계 및 자체 배후수요 의존도 높음,다인 가구 및 일반 중장년·가족 단위 거주,#다중역세권,#주말나들이,#외부유입한계 #소비위축추세 #경쟁과열가능,"편의점, 베이커리, 중소형 마트, 근린의원(내과/치과)","고가 사치재, 외지인 유입 중심 대형 매장","[데이터] 생활용품·무인점포·세탁 / 의원(내과·소아과·치과)·약국  [현장키워드] 편의점, 베이커리, 중소형 마트, 근린의원(내과/치과)","생활용품(×0.08), 의료비(×0.18)",식료품(×2.53),월계3동 일대 안정적인 주거 배후지를 중심으로 형성된 근린 생활 상권,초과달성,식어가는 강세상권,⑤ 경고(둔화),,,2.671800927530821,4437213963.484108,-0.0570601667562616,"[근린주거형] 인구·인프라로 본 기대소비 대비 실제 ×2.67 (분기 약 44억 원 웃돎, 추세 악화). 유사 원형 동 대비 생활용품(×0.08), 의료비(×0.18) 비중이 낮아 해당 업종 공급 여지. 식료품(×2.53)은 이미 강세라 신규 진입 시 차별화 필요. 강세였으나 식는 중 — 신규 진입 보수적, 업종 전환 수요 관찰.",,27420.49666666667,81.91666666666667,0.0034817729187702,0.258417186031127,0.3182669964770257,0.1504272543287609,403325496.0,0.0919811320754716,2.0,135.0,127.0647382826748,37.62441777008031
노원구,11350595,공릉1동,생활압박형,1,-,대단지·생활근린형,광역집객·관광형,지하철 및 시내버스 대중교통 이용 원활,안정적인 주거 배후수요를 갖춘 생활 밀착형 상권,외부 유입 한계 및 자체 배후수요 의존도 높음,다인 가구 및 일반 중장년·가족 단위 거주,#다중역세권 #집객시설밀집,#가성비선호,#외부유입한계,"편의점, 베이커리, 중소형 마트, 근린의원(내과/치과)","고가 사치재, 외지인 유입 중심 대형 매장","[데이터] 학원·스터디카페·키즈교육  [현장키워드] 편의점, 베이커리, 중소형 마트, 근린의원(내과/치과)",교육(×0.45),,공릉1동 일대 안정적인 주거 배후지를 중심으로 형성된 근린 생활 상권,기대수준,안정(초과),④ 검증·포화형,,,1.1493042656495018,1736939656.9120083,0.0380940042132639,"[광역집객·관광형] 인구·인프라로 본 기대소비 대비 실제 ×1.15 (분기 약 17억 원 웃돎, 추세 보합). 유사 원형 동 대비 교육(×0.45) 비중이 낮아 해당 업종 공급 여지. 수요는 검증됐지만 경쟁 치열 — 차별화 콘셉트 없으면 비추천.",,32781.99333333333,8960.583333333334,0.1686643121332628,0.3208098111738369,0.3751848163905736,0.2416294016475061,179781904.0,0.5070754716981132,3.0,211.0,127.07255425519504,37.62421500596216
노원구,11350600,공릉2동,알뜰안정형,3,-,대단지·생활근린형,근린주거형,지하철 및 시내버스 대중교통 이용 원활,안정적인 주거 배후수요를 갖춘 생활 밀착형 상권,외부 유입 한계 및 자체 배후수요 의존도 높음,다인 가구 및 일반 중장년·가족 단위 거주,#역세권 #집객시설밀집 #의료허브 #대학가,,#외부유입한계 #경쟁과열가능,"편의점, 베이커리, 중소형 마트, 근린의원(내과/치과)","고가 사치재, 외지인 유입 중심 대형 매장","[데이터] 의류·잡화 편집숍 / 의원(내과·소아과·치과)·약국  [현장키워드] 편의점, 베이커리, 중소형 마트, 근린의원(내과/치과)","의류·신발(×0.40), 의료비(×0.66)","여가·문화(×2.31), 교육(×1.99)",공릉2동 일대 안정적인 주거 배후지를 중심으로 형성된 근린 생활 상권,초과달성,안정(초과),④ 검증·포화형,,,1.808509375281172,3773425538.894578,0.0174955302447753,"[근린주거형] 인구·인프라로 본 기대소비 대비 실제 ×1.81 (분기 약 38억 원 웃돎, 추세 보합). 유사 원형 동 대비 의류·신발(×0.40), 의료비(×0.66) 비중이 낮아 해당 업종 공급 여지. 여가·문화(×2.31), 교육(×1.99)은 이미 강세라 신규 진입 시 차별화 필요. 수요는 검증됐지만 경쟁 치열 — 차별화 콘셉트 없으면 비추천.",,37499.96083333334,1394.6666666666667,0.0248823458428864,0.296850488717268,0.4063179971162668,0.15157923712151,298785366.0,0.3679245283018867,1.0,271.0,127.09431289674852,37.63162374762954
노원구,11350611,하계1동,알뜰안정형,3,-,대단지·생활근린형,근린주거형,지하철 및 시내버스 대중교통 이용 원활,안정적인 주거 배후수요를 갖춘 생활 밀착형 상권,외부 유입 한계 및 자체 배후수요 의존도 높음,다인 가구 및 일반 중장년·가족 단위 거주,#역세권공백 #의료허브 #대학가,,#외부유입한계 #경쟁과열가능,"편의점, 베이커리, 중소형 마트, 근린의원(내과/치과)","고가 사치재, 외지인 유입 중심 대형 매장","[데이터] 생활용품·무인점포·세탁 / 주점·이자카야·노래방  [현장키워드] 편의점, 베이커리, 중소형 마트, 근린의원(내과/치과)","생활용품(×0.07), 유흥(×0.11)",식료품(×1.54),하계1동 일대 안정적인 주거 배후지를 중심으로 형성된 근린 생활 상권,초과달성,안정(초과),④ 검증·포화형,,,2.0227942567507853,3676575609.828933,0.0258641469347725,"[근린주거형] 인구·인프라로 본 기대소비 대비 실제 ×2.02 (분기 약 37억 원 웃돎, 추세 보합). 유사 원형 동 대비 생활용품(×0.07), 유흥(×0.11) 비중이 낮아 해당 업종 공급 여지. 식료품(×1.54)은 이미 강세라 신규 진입 시 차별화 필요. 수요는 검증됐지만 경쟁 치열 — 차별화 콘셉트 없으면 비추천.",,23857.485,693.5,0.0380434782608695,0.2741503368034292,0.2881724931965669,0.1777194892191752,319439476.0,0.2570754716981132,0.0,133.0,127.07507206853384,37.63851207605814
노원구,11350612,하계2동,알뜰안정형,3,-,대단지·생활근린형,학원가·에듀형,지하철 및 시내버스 대중교통 이용 원활,안정적인 주거 배후수요를 갖춘 생활 밀착형 상권,외부 유입 한계 및 자체 배후수요 의존도 높음,다인 가구 및 일반 중장년·가족 단위 거주,#역세권,,#외부유입한계 #소비유출,"편의점, 베이커리, 중소형 마트, 근린의원(내과/치과)","고가 사치재, 외지인 유입 중심 대형 매장","[데이터] 의원(내과·소아과·치과)·약국  [현장키워드] 편의점, 베이커리, 중소형 마트, 근린의원(내과/치과)",의료비(×0.06),"생활용품(×2.63), 의류·신발(×2.26)",하계2동 일대 안정적인 주거 배후지를 중심으로 형성된 근린 생활 상권,저평가,떠오르는 잠재상권,① 선점형 기회,67.7,51.0,0.5964214406697396,-476528985.8988966,0.0503398278850115,"[학원가·에듀형] 인구·인프라로 본 기대소비 대비 실제 ×0.60 (분기 약 5억 원 밑돎, 추세 개선). 유사 원형 동 대비 의료비(×0.06) 비중이 낮아 해당 업종 공급 여지. 생활용품(×2.63), 의류·신발(×2.26)은 이미 강세라 신규 진입 시 차별화 필요. 기대보다 덜 쓰지만 격차가 줄어드는 중 — 임대료 오르기 전 진입 적기.",,18543.5875,0.0,0.0,0.2373979160799774,0.292175635523275,0.1002399031583581,430000223.0,0.1179245283018868,1.0,67.0,127.06496276368706,37.63504928301639
노원구,11350619,중계본동,알뜰안정형,3,"중계그린, 중계주공5단지, 중계무지개, 중계건영3차",강북학원가·청정에듀형,학원가·에듀형,"7호선 중계역, 은행사거리(동북선 경전철 예정)","강북의 대치동이라 불리는 '은행사거리 학원가' 독점 배후, 유흥업소 전무한 청정 환경, 대규모 아파트 벨트","현재 지하철역이 멀어 버스 의존(동북선 개통 대기), 객단가 제한(가성비 선호 성향), 밤 10시 픽업 교통체증","초·중·고 학부모 및 수험생, 안정적 은퇴 시니어",#역세권공백 #교통호재,#야간소비 #주말나들이 #학원가·학군,#경쟁과열가능,"대형 스터디카페, 가성비 분식/토스트/버거, 안경점, 서점/문구, 서민형 치과/한의원","룸살롱/나이트/모텔 등 유흥시설 절대불가, 초고가 명품/파인다이닝","[데이터] 생활용품·무인점포·세탁 / 의류·잡화 편집숍  [현장키워드] 대형 스터디카페, 가성비 분식/토스트/버거, 안경점, 서점/문구, 서민형 치과/한의원","생활용품(×0.14), 의류·신발(×0.40)",교육(×1.65),유흥가 없이 10대 수험생과 학부모의 학원 관련 소비가 안정적으로 뒷받침되는 강북 1위 에듀 상권,초과달성,성장하는 강세상권,③ 확장형,,,1.830432413784228,2886597390.352951,0.099466432565461,"[학원가·에듀형] 인구·인프라로 본 기대소비 대비 실제 ×1.83 (분기 약 29억 원 웃돎, 추세 개선). 유사 원형 동 대비 생활용품(×0.14), 의류·신발(×0.40) 비중이 낮아 해당 업종 공급 여지. 교육(×1.65)은 이미 강세라 신규 진입 시 차별화 필요. 이미 강하고 더 커지는 중 — 핵심가 대신 2선 입지·배후 골목 공략.",,19556.819166666664,757.8333333333334,0.0356336805555555,0.1972222222222222,0.2495751911639762,0.0790431180968564,302852523.0,0.5943396226415094,0.0,95.0,127.08601711008188,37.64863166312262
노원구,11350621,중계1동,알뜰안정형,3,"중계그린, 중계주공5단지, 중계무지개, 중계건영3차",강북학원가·청정에듀형,학원가·에듀형,"7호선 중계역, 은행사거리(동북선 경전철 예정)","강북의 대치동이라 불리는 '은행사거리 학원가' 독점 배후, 유흥업소 전무한 청정 환경, 대규모 아파트 벨트","현재 지하철역이 멀어 버스 의존(동북선 개통 대기), 객단가 제한(가성비 선호 성향), 밤 10시 픽업 교통체증","초·중·고 학부모 및 수험생, 안정적 은퇴 시니어",#역세권공백 #교통호재,#야간소비 #학원가·학군,#경쟁과열가능,"대형 스터디카페, 가성비 분식/토스트/버거, 안경점, 서점/문구, 서민형 치과/한의원","룸살롱/나이트/모텔 등 유흥시설 절대불가, 초고가 명품/파인다이닝","[데이터] 식자재마트·정육·반찬가게 / 의원(내과·소아과·치과)·약국  [현장키워드] 대형 스터디카페, 가성비 분식/토스트/버거, 안경점, 서점/문구, 서민형 치과/한의원","식료품(×0.58), 의료비(×0.71)","생활용품(×6.92), 교육(×1.91)",유흥가 없이 10대 수험생과 학부모의 학원 관련 소비가 안정적으로 뒷받침되는 강북 1위 에듀 상권,초과달성,성장하는 강세상권,③ 확장형,,,1.5235813457365053,1590308472.9238248,0.1080505349066971,"[학원가·에듀형] 인구·인프라로 본 기대소비 대비 실제 ×1.52 (분기 약 16억 원 웃돎, 추세 개선). 유사 원형 동 대비 식료품(×0.58), 의료비(×0.71) 비중이 낮아 해당 업종 공급 여지. 생활용품(×6.92), 교육(×1.91)은 이미 강세라 신규 진입 시 차별화 필요. 이미 강하고 더 커지는 중 — 핵심가 대신 2선 입지·배후 골목 공략.",,19217.57083333333,1176.5,0.0449882209894368,0.1774070978037844,0.2335948459500182,0.0753239465890788,588563712.0,0.1226415094339622,0.0,85.0,127.0737013104592,37.650144641816766
노원구,11350624,중계4동,알뜰안정형,3,"중계그린, 중계주공5단지, 중계무지개, 중계건영3차",강북학원가·청정에듀형,근린주거형,"7호선 중계역, 은행사거리(동북선 경전철 예정)","강북의 대치동이라 불리는 '은행사거리 학원가' 독점 배후, 유흥업소 전무한 청정 환경, 대규모 아파트 벨트","현재 지하철역이 멀어 버스 의존(동북선 개통 대기), 객단가 제한(가성비 선호 성향), 밤 10시 픽업 교통체증","초·중·고 학부모 및 수험생, 안정적 은퇴 시니어",#역세권공백 #교통호재,#야간소비 #학원가·학군,#경쟁과열가능,"대형 스터디카페, 가성비 분식/토스트/버거, 안경점, 서점/문구, 서민형 치과/한의원","룸살롱/나이트/모텔 등 유흥시설 절대불가, 초고가 명품/파인다이닝","[데이터] 의류·잡화 편집숍 / 피트니스·필라테스·키즈카페·공방  [현장키워드] 대형 스터디카페, 가성비 분식/토스트/버거, 안경점, 서점/문구, 서민형 치과/한의원","의류·신발(×0.36), 여가·문화(×0.72)",,유흥가 없이 10대 수험생과 학부모의 학원 관련 소비가 안정적으로 뒷받침되는 강북 1위 에듀 상권,초과달성,성장하는 강세상권,③ 확장형,,,1.72664268845058,2672449027.035743,0.0595246601930151,"[근린주거형] 인구·인프라로 본 기대소비 대비 실제 ×1.73 (분기 약 27억 원 웃돎, 추세 개선). 유사 원형 동 대비 의류·신발(×0.36), 여가·문화(×0.72) 비중이 낮아 해당 업종 공급 여지. 이미 강하고 더 커지는 중 — 핵심가 대신 2선 입지·배후 골목 공략.",,18215.69,1177.3333333333333,0.0625719368002511,0.2145024589306267,0.2672936377542348,0.1562098464676222,296200668.0,0.1273584905660377,0.0,81.0,127.0825162344982,37.65936486322478
노원구,11350625,중계2·3동,알뜰안정형,3,"중계그린, 중계주공5단지, 중계무지개, 중계건영3차",강북학원가·청정에듀형,근린주거형,"7호선 중계역, 은행사거리(동북선 경전철 예정)","강북의 대치동이라 불리는 '은행사거리 학원가' 독점 배후, 유흥업소 전무한 청정 환경, 대규모 아파트 벨트","현재 지하철역이 멀어 버스 의존(동북선 개통 대기), 객단가 제한(가성비 선호 성향), 밤 10시 픽업 교통체증","초·중·고 학부모 및 수험생, 안정적 은퇴 시니어",#역세권 #교통호재,#학원가·학군,#경쟁과열가능,"대형 스터디카페, 가성비 분식/토스트/버거, 안경점, 서점/문구, 서민형 치과/한의원","룸살롱/나이트/모텔 등 유흥시설 절대불가, 초고가 명품/파인다이닝","[데이터] 의원(내과·소아과·치과)·약국 / 음식점·카페·배달전문점  [현장키워드] 대형 스터디카페, 가성비 분식/토스트/버거, 안경점, 서점/문구, 서민형 치과/한의원","의료비(×0.41), 음식(×0.50)","식료품(×2.07), 생활용품(×1.63)",유흥가 없이 10대 수험생과 학부모의 학원 관련 소비가 안정적으로 뒷받침되는 강북 1위 에듀 상권,초과달성,안정(초과),④ 검증·포화형,,,2.797088690773249,6123225118.808235,-0.0235114151809962,"[근린주거형] 인구·인프라로 본 기대소비 대비 실제 ×2.80 (분기 약 61억 원 웃돎, 추세 보합). 유사 원형 동 대비 의료비(×0.41), 음식(×0.50) 비중이 낮아 해당 업종 공급 여지. 식료품(×2.07), 생활용품(×1.63)은 이미 강세라 신규 진입 시 차별화 필요. 수요는 검증됐지만 경쟁 치열 — 차별화 콘셉트 없으면 비추천.",,30947.11666666667,1117.5,0.0367362008491785,0.2300781490369823,0.2799802436615081,0.1741452090879157,319511608.0,0.0377358490566037,1.0,142.0,127.06589918224572,37.64343693097218
노원구,11350630,상계1동,알뜰안정형,3,"상계주공1~16단지, 노원센트럴푸르지오",대규모베드타운·중심환승형,근린주거형,"4·7호선 환승 노원역, 상계역, 당고개역","노원역 중심상업지의 거대한 유동인구, 롯데백화점 노원점, 상계주공 4만 세대 베드타운 배후","노원역 인근 유흥주점 밀집에 따른 야간 소음/환경 저하, 아파트 노후화(재건축 대기) 주차난","다양한 연령층(20대 청년, 서민 가족, 고령 독거노인)",#역세권 #집객시설밀집 #환승요충지 #주차난 #몰세권,#야간소비 #주말나들이 #고령층,#유흥가소음 #노후상권 #정비사업·공사,"저가 대용량 커피(메가/컴포즈), 가성비 고깃집, 생활용품 다이소형 매장, 정형외과/통증의학과","초고가 오마카세, 프리미엄 가구점","[데이터] 의류·잡화 편집숍 / 의원(내과·소아과·치과)·약국  [현장키워드] 저가 대용량 커피(메가/컴포즈), 가성비 고깃집, 생활용품 다이소형 매장, 정형외과/통증의학과","의류·신발(×0.36), 의료비(×0.67)","생활용품(×2.08), 음식(×1.51)",노원역 환승 상권의 막강한 유흥·쇼핑 트래픽과 방대한 주공아파트 서민 배후수요가 결합된 상권,기대수준,안정(초과),④ 검증·포화형,,,1.2670515511669482,1949627213.4018145,0.0240259840259034,"[근린주거형] 인구·인프라로 본 기대소비 대비 실제 ×1.27 (분기 약 19억 원 웃돎, 추세 보합). 유사 원형 동 대비 의류·신발(×0.36), 의료비(×0.67) 비중이 낮아 해당 업종 공급 여지. 생활용품(×2.08), 음식(×1.51)은 이미 강세라 신규 진입 시 차별화 필요. 수요는 검증됐지만 경쟁 치열 — 차별화 콘셉트 없으면 비추천.",,35067.94583333333,3614.5,0.0978986805668675,0.2428462833251886,0.2882186130445991,0.125728853369998,227647807.0,0.5424528301886793,1.0,190.0,127.06511826338296,37.683386860842326
노원구,11350640,상계2동,생활압박형,1,"상계주공1~16단지, 노원센트럴푸르지오",대규모베드타운·중심환승형,근린주거형,"4·7호선 환승 노원역, 상계역, 당고개역","노원역 중심상업지의 거대한 유동인구, 롯데백화점 노원점, 상계주공 4만 세대 베드타운 배후","노원역 인근 유흥주점 밀집에 따른 야간 소음/환경 저하, 아파트 노후화(재건축 대기) 주차난","다양한 연령층(20대 청년, 서민 가족, 고령 독거노인)",#다중역세권 #집객시설밀집 #환승요충지 #주차난 #몰세권,#야간소비 #주말나들이 #고령층,#유흥가소음 #노후상권 #정비사업·공사 #경쟁과열가능,"저가 대용량 커피(메가/컴포즈), 가성비 고깃집, 생활용품 다이소형 매장, 정형외과/통증의학과","초고가 오마카세, 프리미엄 가구점","[데이터] 식자재마트·정육·반찬가게 / 학원·스터디카페·키즈교육  [현장키워드] 저가 대용량 커피(메가/컴포즈), 가성비 고깃집, 생활용품 다이소형 매장, 정형외과/통증의학과","식료품(×0.33), 교육(×0.51)","여가·문화(×5.46), 유흥(×2.37)",노원역 환승 상권의 막강한 유흥·쇼핑 트래픽과 방대한 주공아파트 서민 배후수요가 결합된 상권,초과달성,안정(초과),④ 검증·포화형,,,2.5306292610778467,12448824207.05709,-0.020863365973852,"[근린주거형] 인구·인프라로 본 기대소비 대비 실제 ×2.53 (분기 약 124억 원 웃돎, 추세 보합). 유사 원형 동 대비 식료품(×0.33), 교육(×0.51) 비중이 낮아 해당 업종 공급 여지. 여가·문화(×5.46), 유흥(×2.37)은 이미 강세라 신규 진입 시 차별화 필요. 수요는 검증됐지만 경쟁 치열 — 차별화 콘셉트 없으면 비추천.",,18272.241666666665,1713.75,0.0906045537817325,0.2639623135304894,0.3050978657525157,0.1540970916731173,214606401.0,0.4575471698113207,2.0,182.0,127.0671007928886,37.65665367440116
노원구,11350665,상계3·4동,생활압박형,1,"상계주공1~16단지, 노원센트럴푸르지오",대규모베드타운·중심환승형,근린주거형,"4·7호선 환승 노원역, 상계역, 당고개역","노원역 중심상업지의 거대한 유동인구, 롯데백화점 노원점, 상계주공 4만 세대 베드타운 배후","노원역 인근 유흥주점 밀집에 따른 야간 소음/환경 저하, 아파트 노후화(재건축 대기) 주차난","다양한 연령층(20대 청년, 서민 가족, 고령 독거노인)",#역세권 #환승요충지 #주차난 #몰세권,#야간소비 #주말나들이 #고령층,#유흥가소음 #노후상권 #정비사업·공사 #소비유출,"저가 대용량 커피(메가/컴포즈), 가성비 고깃집, 생활용품 다이소형 매장, 정형외과/통증의학과","초고가 오마카세, 프리미엄 가구점","[데이터] 피트니스·필라테스·키즈카페·공방 / 의원(내과·소아과·치과)·약국  [현장키워드] 저가 대용량 커피(메가/컴포즈), 가성비 고깃집, 생활용품 다이소형 매장, 정형외과/통증의학과","여가·문화(×0.69), 의료비(×0.71)","생활용품(×4.97), 교육(×1.64)",노원역 환승 상권의 막강한 유흥·쇼핑 트래픽과 방대한 주공아파트 서민 배후수요가 결합된 상권,저평가,안정(저평가),② 유출보완형 기회,63.8,73.0,0.3530792734206234,-2788016630.3688765,-0.0475065987547209,"[근린주거형] 인구·인프라로 본 기대소비 대비 실제 ×0.35 (분기 약 28억 원 밑돎, 추세 보합). 유사 원형 동 대비 여가·문화(×0.69), 의료비(×0.71) 비중이 낮아 해당 업종 공급 여지. 생활용품(×4.97), 교육(×1.64)은 이미 강세라 신규 진입 시 차별화 필요. 수요 대비 소비가 꾸준히 밖으로 샘 — 빠진 필수업종을 채우는 근린형 진입.",,24441.425,505.0,0.0181890938193459,0.2185965295208992,0.2647909545095976,0.1903584889122622,197056774.0,0.5306603773584906,1.0,107.0,127.08422341168568,37.67577951652711
노원구,11350670,상계5동,생활압박형,1,"상계주공1~16단지, 노원센트럴푸르지오",대규모베드타운·중심환승형,근린주거형,"4·7호선 환승 노원역, 상계역, 당고개역","노원역 중심상업지의 거대한 유동인구, 롯데백화점 노원점, 상계주공 4만 세대 베드타운 배후","노원역 인근 유흥주점 밀집에 따른 야간 소음/환경 저하, 아파트 노후화(재건축 대기) 주차난","다양한 연령층(20대 청년, 서민 가족, 고령 독거노인)",#역세권 #환승요충지 #주차난 #몰세권,#가성비선호 #야간소비 #주말나들이 #고령층,#유흥가소음 #노후상권 #정비사업·공사,"저가 대용량 커피(메가/컴포즈), 가성비 고깃집, 생활용품 다이소형 매장, 정형외과/통증의학과","초고가 오마카세, 프리미엄 가구점","[데이터] 의원(내과·소아과·치과)·약국  [현장키워드] 저가 대용량 커피(메가/컴포즈), 가성비 고깃집, 생활용품 다이소형 매장, 정형외과/통증의학과",의료비(×0.37),"생활용품(×4.78), 유흥(×1.78)",노원역 환승 상권의 막강한 유흥·쇼핑 트래픽과 방대한 주공아파트 서민 배후수요가 결합된 상권,기대수준,안정(저평가),② 유출보완형 기회,59.6,99.0,0.7322552842822987,-934183634.7676468,0.0109526175836553,"[근린주거형] 인구·인프라로 본 기대소비 대비 실제 ×0.73 (분기 약 9억 원 밑돎, 추세 보합). 유사 원형 동 대비 의료비(×0.37) 비중이 낮아 해당 업종 공급 여지. 생활용품(×4.78), 유흥(×1.78)은 이미 강세라 신규 진입 시 차별화 필요. 수요 대비 소비가 꾸준히 밖으로 샘 — 빠진 필수업종을 채우는 근린형 진입.",,19732.443333333333,1123.8333333333333,0.0600983506680012,0.2383045389268462,0.2898243801652893,0.1846740702479339,146806589.0,0.5377358490566038,1.0,105.0,127.06999941345408,37.66601318533668
노원구,11350695,상계6·7동,알뜰안정형,3,"상계주공1~16단지, 노원센트럴푸르지오",대규모베드타운·중심환승형,근린주거형,"4·7호선 환승 노원역, 상계역, 당고개역","노원역 중심상업지의 거대한 유동인구, 롯데백화점 노원점, 상계주공 4만 세대 베드타운 배후","노원역 인근 유흥주점 밀집에 따른 야간 소음/환경 저하, 아파트 노후화(재건축 대기) 주차난","다양한 연령층(20대 청년, 서민 가족, 고령 독거노인)",#역세권공백 #집객시설밀집 #의료허브 #환승요충지 #주차난 #몰세권,#고령층,#유흥가소음 #노후상권 #정비사업·공사,"저가 대용량 커피(메가/컴포즈), 가성비 고깃집, 생활용품 다이소형 매장, 정형외과/통증의학과","초고가 오마카세, 프리미엄 가구점","[데이터] 식자재마트·정육·반찬가게 / 생활용품·무인점포·세탁  [현장키워드] 저가 대용량 커피(메가/컴포즈), 가성비 고깃집, 생활용품 다이소형 매장, 정형외과/통증의학과","식료품(×0.35), 생활용품(×0.43)","의료비(×3.49), 교육(×1.52)",노원역 환승 상권의 막강한 유흥·쇼핑 트래픽과 방대한 주공아파트 서민 배후수요가 결합된 상권,기대수준,안정(초과),④ 검증·포화형,,,1.077995701116536,1079476895.5065002,0.03946643764312,"[근린주거형] 인구·인프라로 본 기대소비 대비 실제 ×1.08 (분기 약 11억 원 웃돎, 추세 보합). 유사 원형 동 대비 식료품(×0.35), 생활용품(×0.43) 비중이 낮아 해당 업종 공급 여지. 의료비(×3.49), 교육(×1.52)은 이미 강세라 신규 진입 시 차별화 필요. 수요는 검증됐지만 경쟁 치열 — 차별화 콘셉트 없으면 비추천.",,27364.58333333333,5435.0,0.1581210191082802,0.2760509554140127,0.3375239640171066,0.1568020940864179,391339869.0,0.2735849056603773,0.0,253.0,127.06010209231592,37.64866573181639
노원구,11350700,상계8동,알뜰안정형,3,"상계주공1~16단지, 노원센트럴푸르지오",대규모베드타운·중심환승형,학원가·에듀형,"4·7호선 환승 노원역, 상계역, 당고개역","노원역 중심상업지의 거대한 유동인구, 롯데백화점 노원점, 상계주공 4만 세대 베드타운 배후","노원역 인근 유흥주점 밀집에 따른 야간 소음/환경 저하, 아파트 노후화(재건축 대기) 주차난","다양한 연령층(20대 청년, 서민 가족, 고령 독거노인)",#역세권 #환승요충지 #주차난 #몰세권,#고령층,#유흥가소음 #노후상권 #정비사업·공사 #소비유출 #소비위축추세,"저가 대용량 커피(메가/컴포즈), 가성비 고깃집, 생활용품 다이소형 매장, 정형외과/통증의학과","초고가 오마카세, 프리미엄 가구점","[데이터] 학원·스터디카페·키즈교육  [현장키워드] 저가 대용량 커피(메가/컴포즈), 가성비 고깃집, 생활용품 다이소형 매장, 정형외과/통증의학과",교육(×0.71),"의류·신발(×1.77), 여가·문화(×1.41)",노원역 환승 상권의 막강한 유흥·쇼핑 트래픽과 방대한 주공아파트 서민 배후수요가 결합된 상권,저평가,위축되는 약세상권,⑥ 주의(위축),,,0.54593528962006,-1423407883.599335,-0.0574415597389548,"[학원가·에듀형] 인구·인프라로 본 기대소비 대비 실제 ×0.55 (분기 약 14억 원 밑돎, 추세 악화). 유사 원형 동 대비 교육(×0.71) 비중이 낮아 해당 업종 공급 여지. 의류·신발(×1.77), 여가·문화(×1.41)은 이미 강세라 신규 진입 시 차별화 필요. 기대보다 약하고 더 약해지는 중 — 원인(재건축·공동화) 확인 전 진입 보류.",,18160.36333333333,541.0833333333334,0.0256774075430245,0.3250183083119736,0.4004940982706561,0.1251732088937688,334857306.0,0.1084905660377358,1.0,92.0,127.05350866498593,37.666526368099404
노원구,11350710,상계9동,생활압박형,1,"상계주공1~16단지, 노원센트럴푸르지오",대규모베드타운·중심환승형,근린주거형,"4·7호선 환승 노원역, 상계역, 당고개역","노원역 중심상업지의 거대한 유동인구, 롯데백화점 노원점, 상계주공 4만 세대 베드타운 배후","노원역 인근 유흥주점 밀집에 따른 야간 소음/환경 저하, 아파트 노후화(재건축 대기) 주차난","다양한 연령층(20대 청년, 서민 가족, 고령 독거노인)",#역세권공백 #환승요충지 #주차난 #몰세권,#고령층,#유흥가소음 #노후상권 #정비사업·공사 #소비유출,"저가 대용량 커피(메가/컴포즈), 가성비 고깃집, 생활용품 다이소형 매장, 정형외과/통증의학과","초고가 오마카세, 프리미엄 가구점","[데이터] 생활용품·무인점포·세탁 / 주점·이자카야·노래방  [현장키워드] 저가 대용량 커피(메가/컴포즈), 가성비 고깃집, 생활용품 다이소형 매장, 정형외과/통증의학과","생활용품(×0.07), 유흥(×0.64)","교육(×2.78), 의료비(×1.41)",노원역 환승 상권의 막강한 유흥·쇼핑 트래픽과 방대한 주공아파트 서민 배후수요가 결합된 상권,저평가,안정(저평가),② 유출보완형 기회,64.5,68.0,0.6572464160655194,-972456844.5056764,0.0430588560006909,"[근린주거형] 인구·인프라로 본 기대소비 대비 실제 ×0.66 (분기 약 10억 원 밑돎, 추세 보합). 유사 원형 동 대비 생활용품(×0.07), 유흥(×0.64) 비중이 낮아 해당 업종 공급 여지. 교육(×2.78), 의료비(×1.41)은 이미 강세라 신규 진입 시 차별화 필요. 수요 대비 소비가 꾸준히 밖으로 샘 — 빠진 필수업종을 채우는 근린형 진입.",,17841.274999999998,1075.3333333333333,0.0546175752644426,0.2570687550854353,0.3134028892455858,0.1260330199495528,354541080.0,0.1415094339622641,0.0,78.0,127.06218021049642,37.6676032920724
노원구,11350720,상계10동,알뜰안정형,3,"상계주공1~16단지, 노원센트럴푸르지오",대규모베드타운·중심환승형,근린주거형,"4·7호선 환승 노원역, 상계역, 당고개역","노원역 중심상업지의 거대한 유동인구, 롯데백화점 노원점, 상계주공 4만 세대 베드타운 배후","노원역 인근 유흥주점 밀집에 따른 야간 소음/환경 저하, 아파트 노후화(재건축 대기) 주차난","다양한 연령층(20대 청년, 서민 가족, 고령 독거노인)",#역세권공백 #환승요충지 #주차난 #몰세권,#야간소비 #주말나들이 #고령층,#유흥가소음 #노후상권 #정비사업·공사 #소비유출,"저가 대용량 커피(메가/컴포즈), 가성비 고깃집, 생활용품 다이소형 매장, 정형외과/통증의학과","초고가 오마카세, 프리미엄 가구점","[데이터] 음식점·카페·배달전문점  [현장키워드] 저가 대용량 커피(메가/컴포즈), 가성비 고깃집, 생활용품 다이소형 매장, 정형외과/통증의학과",음식(×0.53),"생활용품(×6.16), 교육(×2.89)",노원역 환승 상권의 막강한 유흥·쇼핑 트래픽과 방대한 주공아파트 서민 배후수요가 결합된 상권,저평가,안정(저평가),② 유출보완형 기회,60.8,90.0,0.5803734331521545,-746352757.9069027,0.0232554298301576,"[근린주거형] 인구·인프라로 본 기대소비 대비 실제 ×0.58 (분기 약 7억 원 밑돎, 추세 보합). 유사 원형 동 대비 음식(×0.53) 비중이 낮아 해당 업종 공급 여지. 생활용품(×6.16), 교육(×2.89)은 이미 강세라 신규 진입 시 차별화 필요. 수요 대비 소비가 꾸준히 밖으로 샘 — 빠진 필수업종을 채우는 근린형 진입.",,15363.124166666666,421.25,0.0227122745270567,0.2832160140783106,0.3471922599202458,0.1246375106229979,427110577.0,0.0636792452830188,0.0,64.0,127.05838836607508,37.65972164663479
도봉구,11320511,창1동,알뜰안정형,3,"창동주공3·17·19단지, 동아청솔, 북한산아이파크, 씨드큐브창동",환승역세권·창동아레나호재형,근린주거형,"1·4호선 창동역 환승, GTX-C 예정, 동부간선도로","창동역 1·4호선 더블역세권, 서울아레나·바이오메디컬 클러스터 개발호재, 이마트 창동점","창동역 포장마차 및 노후 상가 정비 과제, 주공아파트 주차난","서민 대단지 가족, 창동역 환승 직장인, 어르신",#역세권 #환승요충지 #주차난 #교통호재,#고령층,#노후상권,"가성비 외식/주점, 프랜차이즈 카페, 통증/정형외과, 생활잡화 다이소","고급 부티크, 파인다이닝","[데이터] 의류·잡화 편집숍 / 생활용품·무인점포·세탁  [현장키워드] 가성비 외식/주점, 프랜차이즈 카페, 통증/정형외과, 생활잡화 다이소","의류·신발(×0.60), 생활용품(×0.64)",의료비(×1.69),GTX-C와 서울아레나 개발의 중심지이자 탄탄한 창동주공 배후수요를 가진 동북권 핵심 거점,기대수준,안정(초과),④ 검증·포화형,,,1.1358609796373909,433659599.1667385,0.0094172556318282,"[근린주거형] 인구·인프라로 본 기대소비 대비 실제 ×1.14 (분기 약 4억 원 웃돎, 추세 보합). 유사 원형 동 대비 의류·신발(×0.60), 생활용품(×0.64) 비중이 낮아 해당 업종 공급 여지. 의료비(×1.69)은 이미 강세라 신규 진입 시 차별화 필요. 수요는 검증됐지만 경쟁 치열 — 차별화 콘셉트 없으면 비추천.",,21187.945,832.8333333333334,0.0330192647429965,0.254101118869353,0.3027935606060606,0.1652935606060606,259467213.0,0.4716981132075472,1.0,94.0,127.0435459008094,37.647087273938055
도봉구,11320512,창2동,생활압박형,1,"창동주공3·17·19단지, 동아청솔, 북한산아이파크, 씨드큐브창동",환승역세권·창동아레나호재형,가족·아파트단지형,"1·4호선 창동역 환승, GTX-C 예정, 동부간선도로","창동역 1·4호선 더블역세권, 서울아레나·바이오메디컬 클러스터 개발호재, 이마트 창동점","창동역 포장마차 및 노후 상가 정비 과제, 주공아파트 주차난","서민 대단지 가족, 창동역 환승 직장인, 어르신",#역세권공백 #환승요충지 #주차난 #교통호재,#가성비선호 #가족세대 #주말나들이 #고령층,#노후상권,"가성비 외식/주점, 프랜차이즈 카페, 통증/정형외과, 생활잡화 다이소","고급 부티크, 파인다이닝","[데이터] 생활용품·무인점포·세탁  [현장키워드] 가성비 외식/주점, 프랜차이즈 카페, 통증/정형외과, 생활잡화 다이소",생활용품(×0.28),의료비(×1.55),GTX-C와 서울아레나 개발의 중심지이자 탄탄한 창동주공 배후수요를 가진 동북권 핵심 거점,기대수준,안정(초과),④ 검증·포화형,,,1.1206202892406454,364590818.2095227,-0.0186192320349146,"[가족·아파트단지형] 인구·인프라로 본 기대소비 대비 실제 ×1.12 (분기 약 4억 원 웃돎, 추세 보합). 유사 원형 동 대비 생활용품(×0.28) 비중이 낮아 해당 업종 공급 여지. 의료비(×1.55)은 이미 강세라 신규 진입 시 차별화 필요. 수요는 검증됐지만 경쟁 치열 — 차별화 콘셉트 없으면 비추천.",,25056.48,974.75,0.0379809740167542,0.2668962090018458,0.3253489023073539,0.1408089734874235,155108707.0,0.8537735849056604,0.0,95.0,127.0367675730778,37.642512582863006
도봉구,11320513,창3동,생활압박형,1,"창동주공3·17·19단지, 동아청솔, 북한산아이파크, 씨드큐브창동",환승역세권·창동아레나호재형,근린주거형,"1·4호선 창동역 환승, GTX-C 예정, 동부간선도로","창동역 1·4호선 더블역세권, 서울아레나·바이오메디컬 클러스터 개발호재, 이마트 창동점","창동역 포장마차 및 노후 상가 정비 과제, 주공아파트 주차난","서민 대단지 가족, 창동역 환승 직장인, 어르신",#역세권공백 #환승요충지 #주차난 #교통호재,#가성비선호 #고령층,#노후상권,"가성비 외식/주점, 프랜차이즈 카페, 통증/정형외과, 생활잡화 다이소","고급 부티크, 파인다이닝","[데이터] 피트니스·필라테스·키즈카페·공방 / 학원·스터디카페·키즈교육  [현장키워드] 가성비 외식/주점, 프랜차이즈 카페, 통증/정형외과, 생활잡화 다이소","여가·문화(×0.69), 교육(×0.72)",유흥(×2.17),GTX-C와 서울아레나 개발의 중심지이자 탄탄한 창동주공 배후수요를 가진 동북권 핵심 거점,기대수준,안정(저평가),② 유출보완형 기회,45.6,157.0,0.7562735047405607,-448579511.97424126,0.0056016339828457,"[근린주거형] 인구·인프라로 본 기대소비 대비 실제 ×0.76 (분기 약 4억 원 밑돎, 추세 보합). 유사 원형 동 대비 여가·문화(×0.69), 교육(×0.72) 비중이 낮아 해당 업종 공급 여지. 유흥(×2.17)은 이미 강세라 신규 진입 시 차별화 필요. 수요 대비 소비가 꾸준히 밖으로 샘 — 빠진 필수업종을 채우는 근린형 진입.",,12635.152500000002,526.1666666666666,0.037301527007521,0.2271518650763503,0.2832929782082324,0.1896497175141243,134179521.0,0.6297169811320755,0.0,66.0,127.0417274267324,37.63729423171835
도봉구,11320514,창4동,알뜰안정형,3,"창동주공3·17·19단지, 동아청솔, 북한산아이파크, 씨드큐브창동",환승역세권·창동아레나호재형,근린주거형,"1·4호선 창동역 환승, GTX-C 예정, 동부간선도로","창동역 1·4호선 더블역세권, 서울아레나·바이오메디컬 클러스터 개발호재, 이마트 창동점","창동역 포장마차 및 노후 상가 정비 과제, 주공아파트 주차난","서민 대단지 가족, 창동역 환승 직장인, 어르신",#역세권공백 #환승요충지 #주차난 #교통호재,#고령층,#노후상권,"가성비 외식/주점, 프랜차이즈 카페, 통증/정형외과, 생활잡화 다이소","고급 부티크, 파인다이닝","[데이터] 의류·잡화 편집숍 / 의원(내과·소아과·치과)·약국  [현장키워드] 가성비 외식/주점, 프랜차이즈 카페, 통증/정형외과, 생활잡화 다이소","의류·신발(×0.70), 의료비(×0.71)","유흥(×3.09), 교육(×2.17)",GTX-C와 서울아레나 개발의 중심지이자 탄탄한 창동주공 배후수요를 가진 동북권 핵심 거점,기대수준,성장하는 강세상권,③ 확장형,,,1.0467074114692858,171768176.6311469,0.0590726048739779,"[근린주거형] 인구·인프라로 본 기대소비 대비 실제 ×1.05 (분기 약 2억 원 웃돎, 추세 개선). 유사 원형 동 대비 의류·신발(×0.70), 의료비(×0.71) 비중이 낮아 해당 업종 공급 여지. 유흥(×3.09), 교육(×2.17)은 이미 강세라 신규 진입 시 차별화 필요. 이미 강하고 더 커지는 중 — 핵심가 대신 2선 입지·배후 골목 공략.",,24255.836666666662,1672.5833333333333,0.0695505961479669,0.2581397126261082,0.2916026731974596,0.1137395707940724,445354697.0,0.160377358490566,0.0,130.0,127.0509150392998,37.65271546809183
도봉구,11320515,창5동,알뜰안정형,3,"창동주공3·17·19단지, 동아청솔, 북한산아이파크, 씨드큐브창동",환승역세권·창동아레나호재형,근린주거형,"1·4호선 창동역 환승, GTX-C 예정, 동부간선도로","창동역 1·4호선 더블역세권, 서울아레나·바이오메디컬 클러스터 개발호재, 이마트 창동점","창동역 포장마차 및 노후 상가 정비 과제, 주공아파트 주차난","서민 대단지 가족, 창동역 환승 직장인, 어르신",#다중역세권 #환승요충지 #주차난 #교통호재,#야간소비 #고령층,#노후상권,"가성비 외식/주점, 프랜차이즈 카페, 통증/정형외과, 생활잡화 다이소","고급 부티크, 파인다이닝","[데이터] 식자재마트·정육·반찬가게  [현장키워드] 가성비 외식/주점, 프랜차이즈 카페, 통증/정형외과, 생활잡화 다이소",식료품(×0.59),"교육(×2.83), 의류·신발(×1.89)",GTX-C와 서울아레나 개발의 중심지이자 탄탄한 창동주공 배후수요를 가진 동북권 핵심 거점,기대수준,안정(초과),④ 검증·포화형,,,1.19310010785721,1019062430.0500708,0.0366603693004712,"[근린주거형] 인구·인프라로 본 기대소비 대비 실제 ×1.19 (분기 약 10억 원 웃돎, 추세 보합). 유사 원형 동 대비 식료품(×0.59) 비중이 낮아 해당 업종 공급 여지. 교육(×2.83), 의류·신발(×1.89)은 이미 강세라 신규 진입 시 차별화 필요. 수요는 검증됐지만 경쟁 치열 — 차별화 콘셉트 없으면 비추천.",,21858.71083333333,4741.25,0.2086333947412493,0.2760006699045386,0.3156639765223771,0.1225077953044754,240547350.0,0.5542452830188679,2.0,119.0,127.04279145964306,37.655367583048815
도봉구,11320521,도봉1동,생활압박형,1,-,대단지·생활근린형,가족·아파트단지형,지하철 및 시내버스 대중교통 이용 원활,안정적인 주거 배후수요를 갖춘 생활 밀착형 상권,외부 유입 한계 및 자체 배후수요 의존도 높음,다인 가구 및 일반 중장년·가족 단위 거주,#역세권공백,#가성비선호 #가족세대 #주말나들이,#외부유입한계,"편의점, 베이커리, 중소형 마트, 근린의원(내과/치과)","고가 사치재, 외지인 유입 중심 대형 매장","[데이터] 학원·스터디카페·키즈교육 / 생활용품·무인점포·세탁  [현장키워드] 편의점, 베이커리, 중소형 마트, 근린의원(내과/치과)","교육(×0.19), 생활용품(×0.37)","여가·문화(×2.13), 유흥(×1.68)",도봉1동 일대 안정적인 주거 배후지를 중심으로 형성된 근린 생활 상권,기대수준,성장하는 강세상권,③ 확장형,,,1.487178801472222,1586224811.9764366,0.076643663002685,"[가족·아파트단지형] 인구·인프라로 본 기대소비 대비 실제 ×1.49 (분기 약 16억 원 웃돎, 추세 개선). 유사 원형 동 대비 교육(×0.19), 생활용품(×0.37) 비중이 낮아 해당 업종 공급 여지. 여가·문화(×2.13), 유흥(×1.68)은 이미 강세라 신규 진입 시 차별화 필요. 이미 강하고 더 커지는 중 — 핵심가 대신 2선 입지·배후 골목 공략.",,19707.85,1395.25,0.0716425361957064,0.2090863704443335,0.2463451776649746,0.2087213197969543,107137629.0,0.839622641509434,0.0,122.0,127.02680076230416,37.68532087610572
도봉구,11320522,도봉2동,생활압박형,1,-,대단지·생활근린형,근린주거형,지하철 및 시내버스 대중교통 이용 원활,안정적인 주거 배후수요를 갖춘 생활 밀착형 상권,외부 유입 한계 및 자체 배후수요 의존도 높음,다인 가구 및 일반 중장년·가족 단위 거주,#다중역세권,,#외부유입한계,"편의점, 베이커리, 중소형 마트, 근린의원(내과/치과)","고가 사치재, 외지인 유입 중심 대형 매장","[데이터] 의원(내과·소아과·치과)·약국 / 생활용품·무인점포·세탁  [현장키워드] 편의점, 베이커리, 중소형 마트, 근린의원(내과/치과)","의료비(×0.54), 생활용품(×0.61)","의류·신발(×3.79), 교육(×1.48)",도봉2동 일대 안정적인 주거 배후지를 중심으로 형성된 근린 생활 상권,기대수준,떠오르는 잠재상권,① 선점형 기회,71.7,33.0,0.7186949942430776,-1017208693.1780128,0.0572415184669528,"[근린주거형] 인구·인프라로 본 기대소비 대비 실제 ×0.72 (분기 약 10억 원 밑돎, 추세 개선). 유사 원형 동 대비 의료비(×0.54), 생활용품(×0.61) 비중이 낮아 해당 업종 공급 여지. 의류·신발(×3.79), 교육(×1.48)은 이미 강세라 신규 진입 시 차별화 필요. 기대보다 덜 쓰지만 격차가 줄어드는 중 — 임대료 오르기 전 진입 적기.",,24202.80833333333,859.0,0.0411696806464024,0.232397075798384,0.2747211586482437,0.1403025636757117,251620881.0,0.1768867924528301,3.0,127.0,127.04770365637532,37.681250862632965
도봉구,11320660,쌍문1동,생활압박형,1,-,대단지·생활근린형,가족·아파트단지형,지하철 및 시내버스 대중교통 이용 원활,안정적인 주거 배후수요를 갖춘 생활 밀착형 상권,외부 유입 한계 및 자체 배후수요 의존도 높음,다인 가구 및 일반 중장년·가족 단위 거주,#역세권공백 #대학가,#가성비선호 #가족세대,#외부유입한계 #소비유출,"편의점, 베이커리, 중소형 마트, 근린의원(내과/치과)","고가 사치재, 외지인 유입 중심 대형 매장","[데이터] 의류·잡화 편집숍 / 의원(내과·소아과·치과)·약국  [현장키워드] 편의점, 베이커리, 중소형 마트, 근린의원(내과/치과)","의류·신발(×0.71), 의료비(×0.72)","식료품(×1.53), 여가·문화(×1.36)",쌍문1동 일대 안정적인 주거 배후지를 중심으로 형성된 근린 생활 상권,저평가,안정(저평가),② 유출보완형 기회,64.3,70.0,0.5900048119450801,-1272554468.6519086,0.027963326345722,"[가족·아파트단지형] 인구·인프라로 본 기대소비 대비 실제 ×0.59 (분기 약 13억 원 밑돎, 추세 보합). 유사 원형 동 대비 의류·신발(×0.71), 의료비(×0.72) 비중이 낮아 해당 업종 공급 여지. 식료품(×1.53), 여가·문화(×1.36)은 이미 강세라 신규 진입 시 차별화 필요. 수요 대비 소비가 꾸준히 밖으로 샘 — 빠진 필수업종을 채우는 근린형 진입.",,18947.70833333333,747.5,0.0425698105838703,0.2442394063659441,0.3165868798989952,0.1492103740333526,142247864.0,0.9339622641509434,0.0,126.0,127.01951393584568,37.65306721503059
도봉구,11320670,쌍문2동,생활압박형,1,-,대단지·생활근린형,가족·아파트단지형,지하철 및 시내버스 대중교통 이용 원활,안정적인 주거 배후수요를 갖춘 생활 밀착형 상권,외부 유입 한계 및 자체 배후수요 의존도 높음,다인 가구 및 일반 중장년·가족 단위 거주,#역세권공백,#가성비선호 #가족세대,#외부유입한계,"편의점, 베이커리, 중소형 마트, 근린의원(내과/치과)","고가 사치재, 외지인 유입 중심 대형 매장","[현장키워드] 편의점, 베이커리, 중소형 마트, 근린의원(내과/치과)",,생활용품(×5.78),쌍문2동 일대 안정적인 주거 배후지를 중심으로 형성된 근린 생활 상권,기대수준,안정(초과),④ 검증·포화형,,,1.4391103344497458,1380922002.8412404,0.0131642574886309,"[가족·아파트단지형] 인구·인프라로 본 기대소비 대비 실제 ×1.44 (분기 약 14억 원 웃돎, 추세 보합). 생활용품(×5.78)은 이미 강세라 신규 진입 시 차별화 필요. 수요는 검증됐지만 경쟁 치열 — 차별화 콘셉트 없으면 비추천.",,17323.611666666668,879.9166666666666,0.0475286232895839,0.2493716838871823,0.301569638046152,0.1728599039475225,136819848.0,0.8089622641509434,0.0,87.0,127.03692209518748,37.65710846171442
도봉구,11320680,쌍문3동,생활압박형,1,-,대단지·생활근린형,가족·아파트단지형,지하철 및 시내버스 대중교통 이용 원활,안정적인 주거 배후수요를 갖춘 생활 밀착형 상권,외부 유입 한계 및 자체 배후수요 의존도 높음,다인 가구 및 일반 중장년·가족 단위 거주,#역세권 #의료허브,#가성비선호,#외부유입한계,"편의점, 베이커리, 중소형 마트, 근린의원(내과/치과)","고가 사치재, 외지인 유입 중심 대형 매장","[데이터] 학원·스터디카페·키즈교육  [현장키워드] 편의점, 베이커리, 중소형 마트, 근린의원(내과/치과)",교육(×0.28),"생활용품(×1.99), 의류·신발(×1.67)",쌍문3동 일대 안정적인 주거 배후지를 중심으로 형성된 근린 생활 상권,기대수준,안정(저평가),② 유출보완형 기회,41.8,169.0,0.8875356111793455,-390780506.5444384,0.0051346716999795,"[가족·아파트단지형] 인구·인프라로 본 기대소비 대비 실제 ×0.89 (분기 약 4억 원 밑돎, 추세 보합). 유사 원형 동 대비 교육(×0.28) 비중이 낮아 해당 업종 공급 여지. 생활용품(×1.99), 의류·신발(×1.67)은 이미 강세라 신규 진입 시 차별화 필요. 수요 대비 소비가 꾸준히 밖으로 샘 — 빠진 필수업종을 채우는 근린형 진입.",,15121.320833333331,989.1666666666666,0.0643200194540701,0.2879202383123594,0.3391948172142526,0.2122125999867786,148931274.0,0.7193396226415094,1.0,78.0,127.03058321327217,37.64765896613047
도봉구,11320681,쌍문4동,알뜰안정형,3,-,대단지·생활근린형,학원가·에듀형,지하철 및 시내버스 대중교통 이용 원활,안정적인 주거 배후수요를 갖춘 생활 밀착형 상권,외부 유입 한계 및 자체 배후수요 의존도 높음,다인 가구 및 일반 중장년·가족 단위 거주,#역세권공백,,#외부유입한계,"편의점, 베이커리, 중소형 마트, 근린의원(내과/치과)","고가 사치재, 외지인 유입 중심 대형 매장","[데이터] 음식점·카페·배달전문점 / 의원(내과·소아과·치과)·약국  [현장키워드] 편의점, 베이커리, 중소형 마트, 근린의원(내과/치과)","음식(×0.61), 의료비(×0.70)","생활용품(×7.57), 식료품(×1.81)",쌍문4동 일대 안정적인 주거 배후지를 중심으로 형성된 근린 생활 상권,기대수준,안정(초과),④ 검증·포화형,,,1.1080237192347162,176830952.52078652,-0.0483255513863726,"[학원가·에듀형] 인구·인프라로 본 기대소비 대비 실제 ×1.11 (분기 약 2억 원 웃돎, 추세 보합). 유사 원형 동 대비 음식(×0.61), 의료비(×0.70) 비중이 낮아 해당 업종 공급 여지. 생활용품(×7.57), 식료품(×1.81)은 이미 강세라 신규 진입 시 차별화 필요. 수요는 검증됐지만 경쟁 치열 — 차별화 콘셉트 없으면 비추천.",,17724.625,230.75,0.0146724987542218,0.2376944798183932,0.2687373004354136,0.1002142235123367,226052436.0,0.4221698113207547,0.0,64.0,127.03041641107438,37.65542548189623
도봉구,11320690,방학1동,생활압박형,1,-,대단지·생활근린형,근린주거형,지하철 및 시내버스 대중교통 이용 원활,안정적인 주거 배후수요를 갖춘 생활 밀착형 상권,외부 유입 한계 및 자체 배후수요 의존도 높음,다인 가구 및 일반 중장년·가족 단위 거주,#역세권,#야간소비 #주말나들이,#외부유입한계,"편의점, 베이커리, 중소형 마트, 근린의원(내과/치과)","고가 사치재, 외지인 유입 중심 대형 매장","[데이터] 의원(내과·소아과·치과)·약국  [현장키워드] 편의점, 베이커리, 중소형 마트, 근린의원(내과/치과)",의료비(×0.72),"생활용품(×2.04), 의류·신발(×1.55)",방학1동 일대 안정적인 주거 배후지를 중심으로 형성된 근린 생활 상권,기대수준,안정(초과),④ 검증·포화형,,,1.39259560080126,2664789203.569867,0.0331707309360916,"[근린주거형] 인구·인프라로 본 기대소비 대비 실제 ×1.39 (분기 약 27억 원 웃돎, 추세 보합). 유사 원형 동 대비 의료비(×0.72) 비중이 낮아 해당 업종 공급 여지. 생활용품(×2.04), 의류·신발(×1.55)은 이미 강세라 신규 진입 시 차별화 필요. 수요는 검증됐지만 경쟁 치열 — 차별화 콘셉트 없으면 비추천.",,27045.466666666664,4448.666666666667,0.1404937826635429,0.235754189944134,0.265525405208523,0.1671713713349117,194926966.0,0.5872641509433962,1.0,148.0,127.0434770512704,37.665043874150136
도봉구,11320700,방학2동,생활압박형,1,-,대단지·생활근린형,가족·아파트단지형,지하철 및 시내버스 대중교통 이용 원활,안정적인 주거 배후수요를 갖춘 생활 밀착형 상권,외부 유입 한계 및 자체 배후수요 의존도 높음,다인 가구 및 일반 중장년·가족 단위 거주,#역세권공백,#가성비선호 #가족세대 #야간소비 #주말나들이,#외부유입한계,"편의점, 베이커리, 중소형 마트, 근린의원(내과/치과)","고가 사치재, 외지인 유입 중심 대형 매장","[데이터] 피트니스·필라테스·키즈카페·공방 / 학원·스터디카페·키즈교육  [현장키워드] 편의점, 베이커리, 중소형 마트, 근린의원(내과/치과)","여가·문화(×0.40), 교육(×0.53)","식료품(×1.71), 생활용품(×1.39)",방학2동 일대 안정적인 주거 배후지를 중심으로 형성된 근린 생활 상권,기대수준,성장하는 강세상권,③ 확장형,,,1.2834601330442343,553331034.7906797,0.0785124156157688,"[가족·아파트단지형] 인구·인프라로 본 기대소비 대비 실제 ×1.28 (분기 약 6억 원 웃돎, 추세 개선). 유사 원형 동 대비 여가·문화(×0.40), 교육(×0.53) 비중이 낮아 해당 업종 공급 여지. 식료품(×1.71), 생활용품(×1.39)은 이미 강세라 신규 진입 시 차별화 필요. 이미 강하고 더 커지는 중 — 핵심가 대신 2선 입지·배후 골목 공략.",,17728.75,473.9166666666667,0.0228756406797949,0.2215268411114108,0.2725499196694974,0.1974185219187514,115891080.0,0.9316037735849056,0.0,64.0,127.03268894171384,37.66918285777328
도봉구,11320710,방학3동,알뜰안정형,3,-,대단지·생활근린형,근린주거형,지하철 및 시내버스 대중교통 이용 원활,안정적인 주거 배후수요를 갖춘 생활 밀착형 상권,외부 유입 한계 및 자체 배후수요 의존도 높음,다인 가구 및 일반 중장년·가족 단위 거주,#역세권공백,#주말나들이,#외부유입한계,"편의점, 베이커리, 중소형 마트, 근린의원(내과/치과)","고가 사치재, 외지인 유입 중심 대형 매장","[데이터] 생활용품·무인점포·세탁 / 의류·잡화 편집숍  [현장키워드] 편의점, 베이커리, 중소형 마트, 근린의원(내과/치과)","생활용품(×0.17), 의류·신발(×0.56)","교육(×1.70), 음식(×1.64)",방학3동 일대 안정적인 주거 배후지를 중심으로 형성된 근린 생활 상권,기대수준,안정(저평가),② 유출보완형 기회,58.6,102.0,0.7019766772709443,-830596656.962178,-0.0167778282267826,"[근린주거형] 인구·인프라로 본 기대소비 대비 실제 ×0.70 (분기 약 8억 원 밑돎, 추세 보합). 유사 원형 동 대비 생활용품(×0.17), 의류·신발(×0.56) 비중이 낮아 해당 업종 공급 여지. 교육(×1.70), 음식(×1.64)은 이미 강세라 신규 진입 시 차별화 필요. 수요 대비 소비가 꾸준히 밖으로 샘 — 빠진 필수업종을 채우는 근린형 진입.",,23551.68333333333,1064.3333333333333,0.0417992867277677,0.214250105456916,0.2702284830785088,0.0854878886789211,252092055.0,0.3349056603773584,0.0,112.0,127.02356270788486,37.66319351247468
동대문구,11230536,용신동,알뜰안정형,3,-,1인청년·원룸배달형,청년1인·원룸형,"지하철역 접근 용이, 버스 환승망 발달","2030 청년 1인가구 밀집으로 배달음식, 간편식, 코인세탁 등 편의수요 최상","원룸촌 특유의 주차난, 잦은 이사로 인한 단골 고객 유지 어려움",2030 청년 직장인 및 취준생 1인가구,#다중역세권 #집객시설밀집 #의료허브 #환승요충지 #주차난,#2030청년가구,#소비위축추세,"배달 전문점, 코인빨래방, 무인 프린트/카페, 1인 피트니스, 가성비 주점","대형 가족형 식당, 대형 키즈카페","[데이터] 주점·이자카야·노래방 / 피트니스·필라테스·키즈카페·공방  [현장키워드] 배달 전문점, 코인빨래방, 무인 프린트/카페, 1인 피트니스, 가성비 주점","유흥(×0.52), 여가·문화(×0.61)","의류·신발(×5.22), 생활용품(×2.40)",청년 1인가구의 실속형 소비와 배달·포장 수요가 지배적인 역동적 소형 상권,기대수준,위축되는 약세상권,⑥ 주의(위축),,,0.7694028211264826,-4210151339.411772,-0.052706263723857,"[청년1인·원룸형] 인구·인프라로 본 기대소비 대비 실제 ×0.77 (분기 약 42억 원 밑돎, 추세 악화). 유사 원형 동 대비 유흥(×0.52), 여가·문화(×0.61) 비중이 낮아 해당 업종 공급 여지. 의류·신발(×5.22), 생활용품(×2.40)은 이미 강세라 신규 진입 시 차별화 필요. 기대보다 약하고 더 약해지는 중 — 원인(재건축·공동화) 확인 전 진입 보류.",,30034.93833333333,18153.416666666668,0.4852458161722538,0.3651008810802356,0.3839192267438281,0.3101385212091362,263764070.0,0.080188679245283,5.0,231.0,127.03245552682628,37.57556132503958
동대문구,11230545,제기동,알뜰안정형,3,-,1인청년·원룸배달형,근린주거형,"지하철역 접근 용이, 버스 환승망 발달","2030 청년 1인가구 밀집으로 배달음식, 간편식, 코인세탁 등 편의수요 최상","원룸촌 특유의 주차난, 잦은 이사로 인한 단골 고객 유지 어려움",2030 청년 직장인 및 취준생 1인가구,#역세권 #집객시설밀집 #환승요충지 #주차난,,,"배달 전문점, 코인빨래방, 무인 프린트/카페, 1인 피트니스, 가성비 주점","대형 가족형 식당, 대형 키즈카페","[데이터] 학원·스터디카페·키즈교육 / 주점·이자카야·노래방  [현장키워드] 배달 전문점, 코인빨래방, 무인 프린트/카페, 1인 피트니스, 가성비 주점","교육(×0.16), 유흥(×0.30)","식료품(×1.83), 의류·신발(×1.67)",청년 1인가구의 실속형 소비와 배달·포장 수요가 지배적인 역동적 소형 상권,기대수준,떠오르는 잠재상권,① 선점형 기회,75.0,17.0,0.6959148232676127,-4701172558.804571,0.0903744634065828,"[근린주거형] 인구·인프라로 본 기대소비 대비 실제 ×0.70 (분기 약 47억 원 밑돎, 추세 개선). 유사 원형 동 대비 교육(×0.16), 유흥(×0.30) 비중이 낮아 해당 업종 공급 여지. 식료품(×1.83), 의류·신발(×1.67)은 이미 강세라 신규 진입 시 차별화 필요. 기대보다 덜 쓰지만 격차가 줄어드는 중 — 임대료 오르기 전 진입 적기.",,23889.229166666668,5703.75,0.1605696367912202,0.3192666144064106,0.3795525275464715,0.2723664732105307,199334932.0,0.4669811320754717,1.0,288.0,127.03722548288243,37.58374995175625
동대문구,11230560,전농1동,알뜰안정형,3,-,1인청년·원룸배달형,근린주거형,"지하철역 접근 용이, 버스 환승망 발달","2030 청년 1인가구 밀집으로 배달음식, 간편식, 코인세탁 등 편의수요 최상","원룸촌 특유의 주차난, 잦은 이사로 인한 단골 고객 유지 어려움",2030 청년 직장인 및 취준생 1인가구,#다중역세권 #환승요충지 #주차난,,,"배달 전문점, 코인빨래방, 무인 프린트/카페, 1인 피트니스, 가성비 주점","대형 가족형 식당, 대형 키즈카페","[데이터] 생활용품·무인점포·세탁 / 피트니스·필라테스·키즈카페·공방  [현장키워드] 배달 전문점, 코인빨래방, 무인 프린트/카페, 1인 피트니스, 가성비 주점","생활용품(×0.53), 여가·문화(×0.55)","의류·신발(×1.70), 의료비(×1.58)",청년 1인가구의 실속형 소비와 배달·포장 수요가 지배적인 역동적 소형 상권,기대수준,안정(초과),④ 검증·포화형,,,1.062573489713257,385999909.0252342,0.0303198931618701,"[근린주거형] 인구·인프라로 본 기대소비 대비 실제 ×1.06 (분기 약 4억 원 웃돎, 추세 보합). 유사 원형 동 대비 생활용품(×0.53), 여가·문화(×0.55) 비중이 낮아 해당 업종 공급 여지. 의류·신발(×1.70), 의료비(×1.58)은 이미 강세라 신규 진입 시 차별화 필요. 수요는 검증됐지만 경쟁 치열 — 차별화 콘셉트 없으면 비추천.",,25898.67583333333,405.3333333333333,0.0095929236615068,0.2896253153517924,0.3526907987267747,0.2170219853431046,298148257.0,0.2830188679245283,3.0,152.0,127.05095551957608,37.57922183565485
동대문구,11230570,전농2동,알뜰안정형,3,-,서민베드타운·생활근린형,근린주거형,마을버스 및 시내버스 연계망 중심,"오랜 정주기간을 가진 지역 토착민 단골 형성 용이, 가성비 상품 반응 우수","노후 주택가 골목길 주차 불편, 주민 평균 연령 상승에 따른 소비 단가 한계",지역 토착 다인가구 및 어르신/시니어층,#역세권공백 #대학가 #주차난,#고령층,#노후상권 #소비유출,"가성비 식료품/정육점, 내과/정형외과/약국, 생활밀착 철물/잡화, 국밥/백반집","초고가 프리미엄 사치재, 유행성 팝업스토어","[데이터] 생활용품·무인점포·세탁 / 주점·이자카야·노래방  [현장키워드] 가성비 식료품/정육점, 내과/정형외과/약국, 생활밀착 철물/잡화, 국밥/백반집","생활용품(×0.59), 유흥(×0.63)","교육(×2.58), 여가·문화(×1.67)",지역 주민들의 생필품과 가성비 외식을 책임지는 탄탄한 골목형 생활 상권,저평가,떠오르는 잠재상권,① 선점형 기회,67.2,55.0,0.5675669201751739,-1298925822.7233338,0.0616656043714611,"[근린주거형] 인구·인프라로 본 기대소비 대비 실제 ×0.57 (분기 약 13억 원 밑돎, 추세 개선). 유사 원형 동 대비 생활용품(×0.59), 유흥(×0.63) 비중이 낮아 해당 업종 공급 여지. 교육(×2.58), 여가·문화(×1.67)은 이미 강세라 신규 진입 시 차별화 필요. 기대보다 덜 쓰지만 격차가 줄어드는 중 — 임대료 오르기 전 진입 적기.",,17780.88,847.3333333333334,0.0397125988637629,0.2280828784671939,0.3040067245727094,0.1221384141216026,385704055.0,0.2594339622641509,0.0,102.0,127.06112292051264,37.58069463875391
동대문구,11230600,답십리1동,알뜰안정형,3,-,서민베드타운·생활근린형,근린주거형,마을버스 및 시내버스 연계망 중심,"오랜 정주기간을 가진 지역 토착민 단골 형성 용이, 가성비 상품 반응 우수","노후 주택가 골목길 주차 불편, 주민 평균 연령 상승에 따른 소비 단가 한계",지역 토착 다인가구 및 어르신/시니어층,#역세권공백 #주차난,#고령층,#노후상권 #소비위축추세,"가성비 식료품/정육점, 내과/정형외과/약국, 생활밀착 철물/잡화, 국밥/백반집","초고가 프리미엄 사치재, 유행성 팝업스토어","[데이터] 주점·이자카야·노래방  [현장키워드] 가성비 식료품/정육점, 내과/정형외과/약국, 생활밀착 철물/잡화, 국밥/백반집",유흥(×0.65),"생활용품(×3.14), 교육(×2.72)",지역 주민들의 생필품과 가성비 외식을 책임지는 탄탄한 골목형 생활 상권,기대수준,위축되는 약세상권,⑥ 주의(위축),,,0.7703837381862604,-1380874200.4224052,-0.0708202502061344,"[근린주거형] 인구·인프라로 본 기대소비 대비 실제 ×0.77 (분기 약 14억 원 밑돎, 추세 악화). 유사 원형 동 대비 유흥(×0.65) 비중이 낮아 해당 업종 공급 여지. 생활용품(×3.14), 교육(×2.72)은 이미 강세라 신규 진입 시 차별화 필요. 기대보다 약하고 더 약해지는 중 — 원인(재건축·공동화) 확인 전 진입 보류.",,24139.033333333336,1859.0,0.0628727455629805,0.3115973270101315,0.3495419013196604,0.169805833403379,481259336.0,0.1509433962264151,0.0,124.0,127.05187832254228,37.571274662047024
동대문구,11230610,답십리2동,알뜰안정형,3,-,서민베드타운·생활근린형,근린주거형,마을버스 및 시내버스 연계망 중심,"오랜 정주기간을 가진 지역 토착민 단골 형성 용이, 가성비 상품 반응 우수","노후 주택가 골목길 주차 불편, 주민 평균 연령 상승에 따른 소비 단가 한계",지역 토착 다인가구 및 어르신/시니어층,#역세권공백 #주차난,#주말나들이 #고령층,#노후상권,"가성비 식료품/정육점, 내과/정형외과/약국, 생활밀착 철물/잡화, 국밥/백반집","초고가 프리미엄 사치재, 유행성 팝업스토어","[현장키워드] 가성비 식료품/정육점, 내과/정형외과/약국, 생활밀착 철물/잡화, 국밥/백반집",,"생활용품(×1.55), 의료비(×1.53)",지역 주민들의 생필품과 가성비 외식을 책임지는 탄탄한 골목형 생활 상권,기대수준,안정(초과),④ 검증·포화형,,,1.3459671922259988,1367558997.8566842,-0.0388841654308049,"[근린주거형] 인구·인프라로 본 기대소비 대비 실제 ×1.35 (분기 약 14억 원 웃돎, 추세 보합). 생활용품(×1.55), 의료비(×1.53)은 이미 강세라 신규 진입 시 차별화 필요. 수요는 검증됐지만 경쟁 치열 — 차별화 콘셉트 없으면 비추천.",,23627.27666666667,3591.6666666666665,0.1716241307751119,0.2698510940401208,0.3072041654802099,0.1546377578001057,367194404.0,0.1485849056603773,0.0,108.0,127.06103558265632,37.570783745453
동대문구,11230650,장안1동,생활압박형,1,-,서민베드타운·생활근린형,근린주거형,마을버스 및 시내버스 연계망 중심,"오랜 정주기간을 가진 지역 토착민 단골 형성 용이, 가성비 상품 반응 우수","노후 주택가 골목길 주차 불편, 주민 평균 연령 상승에 따른 소비 단가 한계",지역 토착 다인가구 및 어르신/시니어층,#역세권 #집객시설밀집 #주차난,#고령층,#노후상권,"가성비 식료품/정육점, 내과/정형외과/약국, 생활밀착 철물/잡화, 국밥/백반집","초고가 프리미엄 사치재, 유행성 팝업스토어","[데이터] 학원·스터디카페·키즈교육 / 식자재마트·정육·반찬가게  [현장키워드] 가성비 식료품/정육점, 내과/정형외과/약국, 생활밀착 철물/잡화, 국밥/백반집","교육(×0.55), 식료품(×0.75)","의료비(×1.87), 생활용품(×1.41)",지역 주민들의 생필품과 가성비 외식을 책임지는 탄탄한 골목형 생활 상권,기대수준,안정(저평가),② 유출보완형 기회,66.5,59.0,0.7634132840536972,-3734525489.594394,-0.008163588497291,"[근린주거형] 인구·인프라로 본 기대소비 대비 실제 ×0.76 (분기 약 37억 원 밑돎, 추세 보합). 유사 원형 동 대비 교육(×0.55), 식료품(×0.75) 비중이 낮아 해당 업종 공급 여지. 의료비(×1.87), 생활용품(×1.41)은 이미 강세라 신규 진입 시 차별화 필요. 수요 대비 소비가 꾸준히 밖으로 샘 — 빠진 필수업종을 채우는 근린형 진입.",,32313.966666666664,10923.083333333334,0.26939313274717,0.2867898147401253,0.3300829749863727,0.1718669371933862,242312008.0,0.6438679245283019,1.0,192.0,127.06852502978792,37.566238618581984
동대문구,11230660,장안2동,알뜰안정형,3,-,서민베드타운·생활근린형,근린주거형,마을버스 및 시내버스 연계망 중심,"오랜 정주기간을 가진 지역 토착민 단골 형성 용이, 가성비 상품 반응 우수","노후 주택가 골목길 주차 불편, 주민 평균 연령 상승에 따른 소비 단가 한계",지역 토착 다인가구 및 어르신/시니어층,#역세권공백 #집객시설밀집 #주차난,#야간소비 #고령층,#노후상권,"가성비 식료품/정육점, 내과/정형외과/약국, 생활밀착 철물/잡화, 국밥/백반집","초고가 프리미엄 사치재, 유행성 팝업스토어","[데이터] 피트니스·필라테스·키즈카페·공방  [현장키워드] 가성비 식료품/정육점, 내과/정형외과/약국, 생활밀착 철물/잡화, 국밥/백반집",여가·문화(×0.72),"교육(×2.33), 유흥(×1.73)",지역 주민들의 생필품과 가성비 외식을 책임지는 탄탄한 골목형 생활 상권,기대수준,안정(초과),④ 검증·포화형,,,1.4437516200206308,3164045345.6134844,0.036805651597852,"[근린주거형] 인구·인프라로 본 기대소비 대비 실제 ×1.44 (분기 약 32억 원 웃돎, 추세 보합). 유사 원형 동 대비 여가·문화(×0.72) 비중이 낮아 해당 업종 공급 여지. 교육(×2.33), 유흥(×1.73)은 이미 강세라 신규 진입 시 차별화 필요. 수요는 검증됐지만 경쟁 치열 — 차별화 콘셉트 없으면 비추천.",,28488.5175,4998.916666666667,0.1643192488262911,0.2548492710649864,0.2823215476984656,0.1359649766511007,269839336.0,0.6202830188679245,0.0,168.0,127.07207692830464,37.575642892297
동대문구,11230705,청량리동,알뜰안정형,3,-,1인청년·원룸배달형,근린주거형,"지하철역 접근 용이, 버스 환승망 발달","2030 청년 1인가구 밀집으로 배달음식, 간편식, 코인세탁 등 편의수요 최상","원룸촌 특유의 주차난, 잦은 이사로 인한 단골 고객 유지 어려움",2030 청년 직장인 및 취준생 1인가구,#역세권공백 #의료허브 #환승요충지 #주차난,,,"배달 전문점, 코인빨래방, 무인 프린트/카페, 1인 피트니스, 가성비 주점","대형 가족형 식당, 대형 키즈카페","[데이터] 학원·스터디카페·키즈교육 / 식자재마트·정육·반찬가게  [현장키워드] 배달 전문점, 코인빨래방, 무인 프린트/카페, 1인 피트니스, 가성비 주점","교육(×0.39), 식료품(×0.71)","의류·신발(×2.19), 의료비(×1.62)",청년 1인가구의 실속형 소비와 배달·포장 수요가 지배적인 역동적 소형 상권,기대수준,안정(저평가),② 유출보완형 기회,41.6,170.0,0.947795823264597,-264530517.9011116,-0.0046465586240169,"[근린주거형] 인구·인프라로 본 기대소비 대비 실제 ×0.95 (분기 약 3억 원 밑돎, 추세 보합). 유사 원형 동 대비 교육(×0.39), 식료품(×0.71) 비중이 낮아 해당 업종 공급 여지. 의류·신발(×2.19), 의료비(×1.62)은 이미 강세라 신규 진입 시 차별화 필요. 수요 대비 소비가 꾸준히 밖으로 샘 — 빠진 필수업종을 채우는 근린형 진입.",,19700.44,2228.1666666666665,0.1250535102739726,0.2327696917808219,0.2705346169602622,0.2095212003277345,259040718.0,0.1320754716981132,0.0,154.0,127.04521030083602,37.58883777323814
동대문구,11230710,회기동,영앤레버리지형,0,-,1인청년·원룸배달형,청년1인·원룸형,"지하철역 접근 용이, 버스 환승망 발달","2030 청년 1인가구 밀집으로 배달음식, 간편식, 코인세탁 등 편의수요 최상","원룸촌 특유의 주차난, 잦은 이사로 인한 단골 고객 유지 어려움",2030 청년 직장인 및 취준생 1인가구,#역세권공백 #의료허브 #대학가 #환승요충지 #주차난,#2030청년가구,#소비위축추세 #경쟁과열가능,"배달 전문점, 코인빨래방, 무인 프린트/카페, 1인 피트니스, 가성비 주점","대형 가족형 식당, 대형 키즈카페","[데이터] 생활용품·무인점포·세탁 / 식자재마트·정육·반찬가게  [현장키워드] 배달 전문점, 코인빨래방, 무인 프린트/카페, 1인 피트니스, 가성비 주점","생활용품(×0.06), 식료품(×0.33)",의료비(×3.53),청년 1인가구의 실속형 소비와 배달·포장 수요가 지배적인 역동적 소형 상권,초과달성,식어가는 강세상권,⑤ 경고(둔화),,,1.7697658628452009,4560300216.279906,-0.0523344860195547,"[청년1인·원룸형] 인구·인프라로 본 기대소비 대비 실제 ×1.77 (분기 약 46억 원 웃돎, 추세 악화). 유사 원형 동 대비 생활용품(×0.06), 식료품(×0.33) 비중이 낮아 해당 업종 공급 여지. 의료비(×3.53)은 이미 강세라 신규 진입 시 차별화 필요. 강세였으나 식는 중 — 신규 진입 보수적, 업종 전환 수요 관찰.",,12769.1375,53.083333333333336,0.0049452147774653,0.4736740036846698,0.6343792633015006,0.4627254812793694,195644398.0,0.1957547169811321,0.0,84.0,127.05150891260784,37.593718569706766
동대문구,11230720,휘경1동,알뜰안정형,3,-,1인청년·원룸배달형,청년1인·원룸형,"지하철역 접근 용이, 버스 환승망 발달","2030 청년 1인가구 밀집으로 배달음식, 간편식, 코인세탁 등 편의수요 최상","원룸촌 특유의 주차난, 잦은 이사로 인한 단골 고객 유지 어려움",2030 청년 직장인 및 취준생 1인가구,#다중역세권 #환승요충지 #주차난,#2030청년가구,,"배달 전문점, 코인빨래방, 무인 프린트/카페, 1인 피트니스, 가성비 주점","대형 가족형 식당, 대형 키즈카페","[데이터] 의류·잡화 편집숍  [현장키워드] 배달 전문점, 코인빨래방, 무인 프린트/카페, 1인 피트니스, 가성비 주점",의류·신발(×0.52),"생활용품(×6.57), 교육(×1.90)",청년 1인가구의 실속형 소비와 배달·포장 수요가 지배적인 역동적 소형 상권,기대수준,안정(초과),④ 검증·포화형,,,1.0969069239361884,335907330.17286444,-0.0179673884478747,"[청년1인·원룸형] 인구·인프라로 본 기대소비 대비 실제 ×1.10 (분기 약 3억 원 웃돎, 추세 보합). 유사 원형 동 대비 의류·신발(×0.52) 비중이 낮아 해당 업종 공급 여지. 생활용품(×6.57), 교육(×1.90)은 이미 강세라 신규 진입 시 차별화 필요. 수요는 검증됐지만 경쟁 치열 — 차별화 콘셉트 없으면 비추천.",,13956.541666666666,706.3333333333334,0.0539027982326951,0.4164948453608247,0.4738052110909851,0.2710359481677581,269364510.0,0.0825471698113207,3.0,82.0,127.06260410145012,37.59195627228879
동대문구,11230730,휘경2동,알뜰안정형,3,-,1인청년·원룸배달형,청년1인·원룸형,"지하철역 접근 용이, 버스 환승망 발달","2030 청년 1인가구 밀집으로 배달음식, 간편식, 코인세탁 등 편의수요 최상","원룸촌 특유의 주차난, 잦은 이사로 인한 단골 고객 유지 어려움",2030 청년 직장인 및 취준생 1인가구,#역세권공백 #의료허브 #환승요충지 #주차난,#2030청년가구,#소비위축추세,"배달 전문점, 코인빨래방, 무인 프린트/카페, 1인 피트니스, 가성비 주점","대형 가족형 식당, 대형 키즈카페","[데이터] 생활용품·무인점포·세탁 / 주점·이자카야·노래방  [현장키워드] 배달 전문점, 코인빨래방, 무인 프린트/카페, 1인 피트니스, 가성비 주점","생활용품(×0.29), 유흥(×0.60)","여가·문화(×2.47), 교육(×2.15)",청년 1인가구의 실속형 소비와 배달·포장 수요가 지배적인 역동적 소형 상권,기대수준,위축되는 약세상권,⑥ 주의(위축),,,0.7537981769438467,-714158471.5218711,-0.0954155685581544,"[청년1인·원룸형] 인구·인프라로 본 기대소비 대비 실제 ×0.75 (분기 약 7억 원 밑돎, 추세 악화). 유사 원형 동 대비 생활용품(×0.29), 유흥(×0.60) 비중이 낮아 해당 업종 공급 여지. 여가·문화(×2.47), 교육(×2.15)은 이미 강세라 신규 진입 시 차별화 필요. 기대보다 약하고 더 약해지는 중 — 원인(재건축·공동화) 확인 전 진입 보류.",,21973.0,968.9166666666666,0.0454093881943869,0.3667936087424455,0.4021114939482286,0.2484146125982861,240740232.0,0.375,0.0,84.0,127.06582643327616,37.58663866455317
동대문구,11230740,이문1동,영앤레버리지형,0,-,1인청년·원룸배달형,청년1인·원룸형,"지하철역 접근 용이, 버스 환승망 발달","2030 청년 1인가구 밀집으로 배달음식, 간편식, 코인세탁 등 편의수요 최상","원룸촌 특유의 주차난, 잦은 이사로 인한 단골 고객 유지 어려움",2030 청년 직장인 및 취준생 1인가구,#역세권 #대학가 #환승요충지 #주차난,#2030청년가구,#소비유출 #소비위축추세,"배달 전문점, 코인빨래방, 무인 프린트/카페, 1인 피트니스, 가성비 주점","대형 가족형 식당, 대형 키즈카페","[데이터] 생활용품·무인점포·세탁 / 의원(내과·소아과·치과)·약국  [현장키워드] 배달 전문점, 코인빨래방, 무인 프린트/카페, 1인 피트니스, 가성비 주점","생활용품(×0.25), 의료비(×0.67)",음식(×1.51),청년 1인가구의 실속형 소비와 배달·포장 수요가 지배적인 역동적 소형 상권,저평가,위축되는 약세상권,⑥ 주의(위축),,,0.6177574841536837,-2308988972.603846,-0.072949745334049,"[청년1인·원룸형] 인구·인프라로 본 기대소비 대비 실제 ×0.62 (분기 약 23억 원 밑돎, 추세 악화). 유사 원형 동 대비 생활용품(×0.25), 의료비(×0.67) 비중이 낮아 해당 업종 공급 여지. 음식(×1.51)은 이미 강세라 신규 진입 시 차별화 필요. 기대보다 약하고 더 약해지는 중 — 원인(재건축·공동화) 확인 전 진입 보류.",,27081.75,1149.8333333333333,0.0624012638230647,0.4061724215752652,0.5057379978556963,0.3995238851606242,241674717.0,0.1886792452830188,1.0,147.0,127.06044581582486,37.59737235630449
동대문구,11230750,이문2동,알뜰안정형,3,-,서민베드타운·생활근린형,근린주거형,마을버스 및 시내버스 연계망 중심,"오랜 정주기간을 가진 지역 토착민 단골 형성 용이, 가성비 상품 반응 우수","노후 주택가 골목길 주차 불편, 주민 평균 연령 상승에 따른 소비 단가 한계",지역 토착 다인가구 및 어르신/시니어층,#역세권 #주차난,#고령층,#노후상권 #소비위축추세,"가성비 식료품/정육점, 내과/정형외과/약국, 생활밀착 철물/잡화, 국밥/백반집","초고가 프리미엄 사치재, 유행성 팝업스토어","[데이터] 생활용품·무인점포·세탁 / 피트니스·필라테스·키즈카페·공방  [현장키워드] 가성비 식료품/정육점, 내과/정형외과/약국, 생활밀착 철물/잡화, 국밥/백반집","생활용품(×0.25), 여가·문화(×0.58)","교육(×2.54), 식료품(×1.37)",지역 주민들의 생필품과 가성비 외식을 책임지는 탄탄한 골목형 생활 상권,기대수준,위축되는 약세상권,⑥ 주의(위축),,,0.8184286062907529,-337695871.9048171,-0.0648673223316036,"[근린주거형] 인구·인프라로 본 기대소비 대비 실제 ×0.82 (분기 약 3억 원 밑돎, 추세 악화). 유사 원형 동 대비 생활용품(×0.25), 여가·문화(×0.58) 비중이 낮아 해당 업종 공급 여지. 교육(×2.54), 식료품(×1.37)은 이미 강세라 신규 진입 시 차별화 필요. 기대보다 약하고 더 약해지는 중 — 원인(재건축·공동화) 확인 전 진입 보류.",,18347.175,240.5,0.0132060871808099,0.2560742842403921,0.3267872044506258,0.146502364394993,392500480.0,0.1533018867924528,1.0,71.0,127.06751673938784,37.60284654638693
동작구,11590510,노량진1동,알뜰안정형,3,-,1인청년·원룸배달형,청년1인·원룸형,"지하철역 접근 용이, 버스 환승망 발달","2030 청년 1인가구 밀집으로 배달음식, 간편식, 코인세탁 등 편의수요 최상","원룸촌 특유의 주차난, 잦은 이사로 인한 단골 고객 유지 어려움",2030 청년 직장인 및 취준생 1인가구,#다중역세권 #집객시설밀집 #환승요충지 #주차난,#2030청년가구,#소비위축추세,"배달 전문점, 코인빨래방, 무인 프린트/카페, 1인 피트니스, 가성비 주점","대형 가족형 식당, 대형 키즈카페","[데이터] 의원(내과·소아과·치과)·약국  [현장키워드] 배달 전문점, 코인빨래방, 무인 프린트/카페, 1인 피트니스, 가성비 주점",의료비(×0.40),"교육(×5.88), 유흥(×1.69)",청년 1인가구의 실속형 소비와 배달·포장 수요가 지배적인 역동적 소형 상권,기대수준,위축되는 약세상권,⑥ 주의(위축),,,0.909170381450548,-725256335.883481,-0.0581871519842703,"[청년1인·원룸형] 인구·인프라로 본 기대소비 대비 실제 ×0.91 (분기 약 7억 원 밑돎, 추세 악화). 유사 원형 동 대비 의료비(×0.40) 비중이 낮아 해당 업종 공급 여지. 교육(×5.88), 유흥(×1.69)은 이미 강세라 신규 진입 시 차별화 필요. 기대보다 약하고 더 약해지는 중 — 원인(재건축·공동화) 확인 전 진입 보류.",,31122.93833333333,2992.583333333333,0.0885174191532573,0.3590376503671301,0.4152412602222005,0.200206235949565,439684906.0,0.0990566037735849,3.0,180.0,126.94895432734992,37.512232518146575
동작구,11590520,노량진2동,알뜰안정형,3,-,1인청년·원룸배달형,청년1인·원룸형,"지하철역 접근 용이, 버스 환승망 발달","2030 청년 1인가구 밀집으로 배달음식, 간편식, 코인세탁 등 편의수요 최상","원룸촌 특유의 주차난, 잦은 이사로 인한 단골 고객 유지 어려움",2030 청년 직장인 및 취준생 1인가구,#역세권공백 #환승요충지 #주차난,#2030청년가구,#소비위축추세,"배달 전문점, 코인빨래방, 무인 프린트/카페, 1인 피트니스, 가성비 주점","대형 가족형 식당, 대형 키즈카페","[데이터] 의류·잡화 편집숍 / 피트니스·필라테스·키즈카페·공방  [현장키워드] 배달 전문점, 코인빨래방, 무인 프린트/카페, 1인 피트니스, 가성비 주점","의류·신발(×0.22), 여가·문화(×0.28)","교육(×2.67), 식료품(×2.23)",청년 1인가구의 실속형 소비와 배달·포장 수요가 지배적인 역동적 소형 상권,기대수준,식어가는 강세상권,⑤ 경고(둔화),,,1.458691996535306,1934401616.2565465,-0.0546021507731469,"[청년1인·원룸형] 인구·인프라로 본 기대소비 대비 실제 ×1.46 (분기 약 19억 원 웃돎, 추세 악화). 유사 원형 동 대비 의류·신발(×0.22), 여가·문화(×0.28) 비중이 낮아 해당 업종 공급 여지. 교육(×2.67), 식료품(×2.23)은 이미 강세라 신규 진입 시 차별화 필요. 강세였으나 식는 중 — 신규 진입 보수적, 업종 전환 수요 관찰.",,12868.713333333331,3684.0,0.4173460367350948,0.3759944995580002,0.3795626438671489,0.2855919105557382,450906395.0,0.3325471698113207,0.0,72.0,126.93781424178611,37.51095676265954
동작구,11590530,상도1동,알뜰안정형,3,-,1인청년·원룸배달형,근린주거형,"지하철역 접근 용이, 버스 환승망 발달","2030 청년 1인가구 밀집으로 배달음식, 간편식, 코인세탁 등 편의수요 최상","원룸촌 특유의 주차난, 잦은 이사로 인한 단골 고객 유지 어려움",2030 청년 직장인 및 취준생 1인가구,#다중역세권 #집객시설밀집 #대학가 #환승요충지 #주차난,#2030청년가구,,"배달 전문점, 코인빨래방, 무인 프린트/카페, 1인 피트니스, 가성비 주점","대형 가족형 식당, 대형 키즈카페","[데이터] 의류·잡화 편집숍 / 생활용품·무인점포·세탁  [현장키워드] 배달 전문점, 코인빨래방, 무인 프린트/카페, 1인 피트니스, 가성비 주점","의류·신발(×0.47), 생활용품(×0.70)",교육(×1.51),청년 1인가구의 실속형 소비와 배달·포장 수요가 지배적인 역동적 소형 상권,기대수준,안정(초과),④ 검증·포화형,,,1.0736029733463892,545496800.1769943,-0.0232224507097144,"[근린주거형] 인구·인프라로 본 기대소비 대비 실제 ×1.07 (분기 약 5억 원 웃돎, 추세 보합). 유사 원형 동 대비 의류·신발(×0.47), 생활용품(×0.70) 비중이 낮아 해당 업종 공급 여지. 교육(×1.51)은 이미 강세라 신규 진입 시 차별화 필요. 수요는 검증됐지만 경쟁 치열 — 차별화 콘셉트 없으면 비추천.",,42686.7225,2944.583333333333,0.0796824397265203,0.3635300467794171,0.4378720412467776,0.225764471525662,306390343.0,0.5707547169811321,2.0,201.0,126.95332891920636,37.498385877158825
동작구,11590540,상도2동,알뜰안정형,3,-,1인청년·원룸배달형,근린주거형,"지하철역 접근 용이, 버스 환승망 발달","2030 청년 1인가구 밀집으로 배달음식, 간편식, 코인세탁 등 편의수요 최상","원룸촌 특유의 주차난, 잦은 이사로 인한 단골 고객 유지 어려움",2030 청년 직장인 및 취준생 1인가구,#역세권 #환승요충지 #주차난,,,"배달 전문점, 코인빨래방, 무인 프린트/카페, 1인 피트니스, 가성비 주점","대형 가족형 식당, 대형 키즈카페","[데이터] 생활용품·무인점포·세탁  [현장키워드] 배달 전문점, 코인빨래방, 무인 프린트/카페, 1인 피트니스, 가성비 주점",생활용품(×0.72),"교육(×2.17), 의류·신발(×1.83)",청년 1인가구의 실속형 소비와 배달·포장 수요가 지배적인 역동적 소형 상권,기대수준,안정(저평가),② 유출보완형 기회,57.3,105.0,0.8301416472275248,-925585749.8930815,0.0058912917640266,"[근린주거형] 인구·인프라로 본 기대소비 대비 실제 ×0.83 (분기 약 9억 원 밑돎, 추세 보합). 유사 원형 동 대비 생활용품(×0.72) 비중이 낮아 해당 업종 공급 여지. 교육(×2.17), 의류·신발(×1.83)은 이미 강세라 신규 진입 시 차별화 필요. 수요 대비 소비가 꾸준히 밖으로 샘 — 빠진 필수업종을 채우는 근린형 진입.",,22016.2775,899.75,0.0373652340865455,0.3052724856003544,0.3646927661764075,0.163368208910424,372760606.0,0.535377358490566,1.0,154.0,126.94182382625156,37.5037057161782
동작구,11590550,상도3동,생활압박형,1,-,1인청년·원룸배달형,가족·아파트단지형,"지하철역 접근 용이, 버스 환승망 발달","2030 청년 1인가구 밀집으로 배달음식, 간편식, 코인세탁 등 편의수요 최상","원룸촌 특유의 주차난, 잦은 이사로 인한 단골 고객 유지 어려움",2030 청년 직장인 및 취준생 1인가구,#역세권공백 #환승요충지 #주차난,#2030청년가구 #주말나들이,#소비위축추세,"배달 전문점, 코인빨래방, 무인 프린트/카페, 1인 피트니스, 가성비 주점","대형 가족형 식당, 대형 키즈카페","[데이터] 학원·스터디카페·키즈교육 / 생활용품·무인점포·세탁  [현장키워드] 배달 전문점, 코인빨래방, 무인 프린트/카페, 1인 피트니스, 가성비 주점","교육(×0.37), 생활용품(×0.42)","식료품(×1.83), 의류·신발(×1.70)",청년 1인가구의 실속형 소비와 배달·포장 수요가 지배적인 역동적 소형 상권,기대수준,식어가는 강세상권,⑤ 경고(둔화),,,1.4688859359490052,1554428491.5229354,-0.0517517805354402,"[가족·아파트단지형] 인구·인프라로 본 기대소비 대비 실제 ×1.47 (분기 약 16억 원 웃돎, 추세 악화). 유사 원형 동 대비 교육(×0.37), 생활용품(×0.42) 비중이 낮아 해당 업종 공급 여지. 식료품(×1.83), 의류·신발(×1.70)은 이미 강세라 신규 진입 시 차별화 필요. 강세였으나 식는 중 — 신규 진입 보수적, 업종 전환 수요 관찰.",,21216.929166666665,838.75,0.0416876363026337,0.331529944640161,0.3730697674418605,0.2077372093023256,189244163.0,0.8608490566037735,0.0,113.0,126.93292872734752,37.497565150649656
동작구,11590560,상도4동,알뜰안정형,3,-,1인청년·원룸배달형,가족·아파트단지형,"지하철역 접근 용이, 버스 환승망 발달","2030 청년 1인가구 밀집으로 배달음식, 간편식, 코인세탁 등 편의수요 최상","원룸촌 특유의 주차난, 잦은 이사로 인한 단골 고객 유지 어려움",2030 청년 직장인 및 취준생 1인가구,#역세권공백 #환승요충지 #주차난,#가성비선호 #주말나들이,#소비유출,"배달 전문점, 코인빨래방, 무인 프린트/카페, 1인 피트니스, 가성비 주점","대형 가족형 식당, 대형 키즈카페","[데이터] 생활용품·무인점포·세탁 / 의원(내과·소아과·치과)·약국  [현장키워드] 배달 전문점, 코인빨래방, 무인 프린트/카페, 1인 피트니스, 가성비 주점","생활용품(×0.54), 의료비(×0.57)",식료품(×1.41),청년 1인가구의 실속형 소비와 배달·포장 수요가 지배적인 역동적 소형 상권,저평가,안정(저평가),② 유출보완형 기회,69.6,46.0,0.6026588207784486,-1433836016.2799993,0.0146618344583346,"[가족·아파트단지형] 인구·인프라로 본 기대소비 대비 실제 ×0.60 (분기 약 14억 원 밑돎, 추세 보합). 유사 원형 동 대비 생활용품(×0.54), 의료비(×0.57) 비중이 낮아 해당 업종 공급 여지. 식료품(×1.41)은 이미 강세라 신규 진입 시 차별화 필요. 수요 대비 소비가 꾸준히 밖으로 샘 — 빠진 필수업종을 채우는 근린형 진입.",,24694.556666666667,849.5833333333334,0.0340468687746749,0.3154406171900467,0.3620392972908079,0.1872151746768578,174505848.0,0.8561320754716981,0.0,112.0,126.94067522441908,37.49742513371454
동작구,11590605,흑석동,알뜰안정형,3,-,1인청년·원룸배달형,근린주거형,"지하철역 접근 용이, 버스 환승망 발달","2030 청년 1인가구 밀집으로 배달음식, 간편식, 코인세탁 등 편의수요 최상","원룸촌 특유의 주차난, 잦은 이사로 인한 단골 고객 유지 어려움",2030 청년 직장인 및 취준생 1인가구,#역세권 #집객시설밀집 #의료허브 #대학가 #환승요충지 #주차난,,#경쟁과열가능,"배달 전문점, 코인빨래방, 무인 프린트/카페, 1인 피트니스, 가성비 주점","대형 가족형 식당, 대형 키즈카페","[데이터] 생활용품·무인점포·세탁 / 의류·잡화 편집숍  [현장키워드] 배달 전문점, 코인빨래방, 무인 프린트/카페, 1인 피트니스, 가성비 주점","생활용품(×0.34), 의류·신발(×0.38)",의료비(×3.48),청년 1인가구의 실속형 소비와 배달·포장 수요가 지배적인 역동적 소형 상권,초과달성,안정(초과),④ 검증·포화형,,,1.5962240882133676,3826468742.368368,0.0486814518953173,"[근린주거형] 인구·인프라로 본 기대소비 대비 실제 ×1.60 (분기 약 38억 원 웃돎, 추세 보합). 유사 원형 동 대비 생활용품(×0.34), 의류·신발(×0.38) 비중이 낮아 해당 업종 공급 여지. 의료비(×3.48)은 이미 강세라 신규 진입 시 차별화 필요. 수요는 검증됐지만 경쟁 치열 — 차별화 콘셉트 없으면 비추천.",,31722.884166666667,92.0,0.003042765907647,0.2863209282107867,0.4317242704763125,0.1705983535667382,684405949.0,0.3867924528301887,1.0,195.0,126.96223664344198,37.50542591563825
동작구,11590620,사당1동,영앤레버리지형,0,-,1인청년·원룸배달형,근린주거형,"지하철역 접근 용이, 버스 환승망 발달","2030 청년 1인가구 밀집으로 배달음식, 간편식, 코인세탁 등 편의수요 최상","원룸촌 특유의 주차난, 잦은 이사로 인한 단골 고객 유지 어려움",2030 청년 직장인 및 취준생 1인가구,#다중역세권 #환승요충지 #주차난,#2030청년가구 #야간소비,#소비위축추세,"배달 전문점, 코인빨래방, 무인 프린트/카페, 1인 피트니스, 가성비 주점","대형 가족형 식당, 대형 키즈카페","[데이터] 학원·스터디카페·키즈교육 / 식자재마트·정육·반찬가게  [현장키워드] 배달 전문점, 코인빨래방, 무인 프린트/카페, 1인 피트니스, 가성비 주점","교육(×0.43), 식료품(×0.59)",음식(×1.84),청년 1인가구의 실속형 소비와 배달·포장 수요가 지배적인 역동적 소형 상권,기대수준,위축되는 약세상권,⑥ 주의(위축),,,0.8741564215790922,-1385390417.1664467,-0.1079941894323746,"[근린주거형] 인구·인프라로 본 기대소비 대비 실제 ×0.87 (분기 약 14억 원 밑돎, 추세 악화). 유사 원형 동 대비 교육(×0.43), 식료품(×0.59) 비중이 낮아 해당 업종 공급 여지. 음식(×1.84)은 이미 강세라 신규 진입 시 차별화 필요. 기대보다 약하고 더 약해지는 중 — 원인(재건축·공동화) 확인 전 진입 보류.",,21553.3475,3470.083333333333,0.1718938211019406,0.4380102609859469,0.4504950495049505,0.3224132506708614,219552192.0,0.6132075471698113,2.0,126.0,126.97751253465732,37.47978714539723
동작구,11590630,사당2동,알뜰안정형,3,-,서민베드타운·생활근린형,근린주거형,마을버스 및 시내버스 연계망 중심,"오랜 정주기간을 가진 지역 토착민 단골 형성 용이, 가성비 상품 반응 우수","노후 주택가 골목길 주차 불편, 주민 평균 연령 상승에 따른 소비 단가 한계",지역 토착 다인가구 및 어르신/시니어층,#다중역세권 #집객시설밀집 #주차난,#야간소비 #고령층,#노후상권,"가성비 식료품/정육점, 내과/정형외과/약국, 생활밀착 철물/잡화, 국밥/백반집","초고가 프리미엄 사치재, 유행성 팝업스토어","[데이터] 생활용품·무인점포·세탁  [현장키워드] 가성비 식료품/정육점, 내과/정형외과/약국, 생활밀착 철물/잡화, 국밥/백반집",생활용품(×0.49),유흥(×2.25),지역 주민들의 생필품과 가성비 외식을 책임지는 탄탄한 골목형 생활 상권,기대수준,안정(저평가),② 유출보완형 기회,64.9,66.0,0.8503777784943773,-1544584472.9442215,0.0475897568417253,"[근린주거형] 인구·인프라로 본 기대소비 대비 실제 ×0.85 (분기 약 15억 원 밑돎, 추세 보합). 유사 원형 동 대비 생활용품(×0.49) 비중이 낮아 해당 업종 공급 여지. 유흥(×2.25)은 이미 강세라 신규 진입 시 차별화 필요. 수요 대비 소비가 꾸준히 밖으로 샘 — 빠진 필수업종을 채우는 근린형 진입.",,26943.47583333333,1627.6666666666667,0.0604029317520533,0.2819049022135464,0.3118826370088534,0.1433496743981854,411815224.0,0.3466981132075472,4.0,179.0,126.97482719240736,37.49719407571352
동작구,11590640,사당3동,알뜰안정형,3,-,서민베드타운·생활근린형,근린주거형,마을버스 및 시내버스 연계망 중심,"오랜 정주기간을 가진 지역 토착민 단골 형성 용이, 가성비 상품 반응 우수","노후 주택가 골목길 주차 불편, 주민 평균 연령 상승에 따른 소비 단가 한계",지역 토착 다인가구 및 어르신/시니어층,#역세권 #주차난,#고령층,#노후상권,"가성비 식료품/정육점, 내과/정형외과/약국, 생활밀착 철물/잡화, 국밥/백반집","초고가 프리미엄 사치재, 유행성 팝업스토어","[현장키워드] 가성비 식료품/정육점, 내과/정형외과/약국, 생활밀착 철물/잡화, 국밥/백반집",,"생활용품(×2.27), 교육(×1.67)",지역 주민들의 생필품과 가성비 외식을 책임지는 탄탄한 골목형 생활 상권,기대수준,안정(초과),④ 검증·포화형,,,1.0581269717296011,162395008.11767054,0.0233519471767302,"[근린주거형] 인구·인프라로 본 기대소비 대비 실제 ×1.06 (분기 약 2억 원 웃돎, 추세 보합). 생활용품(×2.27), 교육(×1.67)은 이미 강세라 신규 진입 시 차별화 필요. 수요는 검증됐지만 경쟁 치열 — 차별화 콘셉트 없으면 비추천.",,20499.55833333333,1118.1666666666667,0.0470320020265135,0.278434518280841,0.3433010276140846,0.1325339697073004,310164712.0,0.6108490566037735,1.0,88.0,126.97097424833213,37.48875075469879
동작구,11590650,사당4동,알뜰안정형,3,-,1인청년·원룸배달형,가족·아파트단지형,"지하철역 접근 용이, 버스 환승망 발달","2030 청년 1인가구 밀집으로 배달음식, 간편식, 코인세탁 등 편의수요 최상","원룸촌 특유의 주차난, 잦은 이사로 인한 단골 고객 유지 어려움",2030 청년 직장인 및 취준생 1인가구,#역세권공백 #환승요충지 #주차난,#2030청년가구 #주말나들이,,"배달 전문점, 코인빨래방, 무인 프린트/카페, 1인 피트니스, 가성비 주점","대형 가족형 식당, 대형 키즈카페","[데이터] 의원(내과·소아과·치과)·약국 / 음식점·카페·배달전문점  [현장키워드] 배달 전문점, 코인빨래방, 무인 프린트/카페, 1인 피트니스, 가성비 주점","의료비(×0.55), 음식(×0.59)",식료품(×1.95),청년 1인가구의 실속형 소비와 배달·포장 수요가 지배적인 역동적 소형 상권,기대수준,안정(저평가),② 유출보완형 기회,42.4,166.0,0.8179711933002318,-515506874.9673185,0.0006847960261324,"[가족·아파트단지형] 인구·인프라로 본 기대소비 대비 실제 ×0.82 (분기 약 5억 원 밑돎, 추세 보합). 유사 원형 동 대비 의료비(×0.55), 음식(×0.59) 비중이 낮아 해당 업종 공급 여지. 식료품(×1.95)은 이미 강세라 신규 진입 시 차별화 필요. 수요 대비 소비가 꾸준히 밖으로 샘 — 빠진 필수업종을 채우는 근린형 진입.",,13127.216666666667,925.0,0.0647738000145232,0.3391184372957664,0.3631352412595333,0.2323914520878955,225349572.0,0.7547169811320755,0.0,62.0,126.97076260910686,37.48054251560181
동작구,11590651,사당5동,알뜰안정형,3,-,1인청년·원룸배달형,근린주거형,"지하철역 접근 용이, 버스 환승망 발달","2030 청년 1인가구 밀집으로 배달음식, 간편식, 코인세탁 등 편의수요 최상","원룸촌 특유의 주차난, 잦은 이사로 인한 단골 고객 유지 어려움",2030 청년 직장인 및 취준생 1인가구,#역세권공백 #환승요충지 #주차난,,#소비유출,"배달 전문점, 코인빨래방, 무인 프린트/카페, 1인 피트니스, 가성비 주점","대형 가족형 식당, 대형 키즈카페","[데이터] 의원(내과·소아과·치과)·약국  [현장키워드] 배달 전문점, 코인빨래방, 무인 프린트/카페, 1인 피트니스, 가성비 주점",의료비(×0.44),"교육(×2.16), 음식(×1.41)",청년 1인가구의 실속형 소비와 배달·포장 수요가 지배적인 역동적 소형 상권,저평가,안정(저평가),② 유출보완형 기회,65.5,63.0,0.3699362299690463,-1544307284.2785988,0.040480329959335,"[근린주거형] 인구·인프라로 본 기대소비 대비 실제 ×0.37 (분기 약 15억 원 밑돎, 추세 보합). 유사 원형 동 대비 의료비(×0.44) 비중이 낮아 해당 업종 공급 여지. 교육(×2.16), 음식(×1.41)은 이미 강세라 신규 진입 시 차별화 필요. 수요 대비 소비가 꾸준히 밖으로 샘 — 빠진 필수업종을 채우는 근린형 진입.",,11515.506666666666,1610.9166666666667,0.1103555744439722,0.3183878736364924,0.3669082939986514,0.189388064733648,236865044.0,0.5023584905660378,0.0,61.0,126.96496015994484,37.48580282784391
동작구,11590660,대방동,알뜰안정형,3,-,1인청년·원룸배달형,근린주거형,"지하철역 접근 용이, 버스 환승망 발달","2030 청년 1인가구 밀집으로 배달음식, 간편식, 코인세탁 등 편의수요 최상","원룸촌 특유의 주차난, 잦은 이사로 인한 단골 고객 유지 어려움",2030 청년 직장인 및 취준생 1인가구,#다중역세권 #집객시설밀집 #환승요충지 #주차난,,#소비유출,"배달 전문점, 코인빨래방, 무인 프린트/카페, 1인 피트니스, 가성비 주점","대형 가족형 식당, 대형 키즈카페","[데이터] 생활용품·무인점포·세탁  [현장키워드] 배달 전문점, 코인빨래방, 무인 프린트/카페, 1인 피트니스, 가성비 주점",생활용품(×0.34),"교육(×2.37), 여가·문화(×1.65)",청년 1인가구의 실속형 소비와 배달·포장 수요가 지배적인 역동적 소형 상권,저평가,안정(저평가),② 유출보완형 기회,74.0,25.0,0.5929315850338022,-4524347986.322631,0.0006157698489931,"[근린주거형] 인구·인프라로 본 기대소비 대비 실제 ×0.59 (분기 약 45억 원 밑돎, 추세 보합). 유사 원형 동 대비 생활용품(×0.34) 비중이 낮아 해당 업종 공급 여지. 교육(×2.37), 여가·문화(×1.65)은 이미 강세라 신규 진입 시 차별화 필요. 수요 대비 소비가 꾸준히 밖으로 샘 — 빠진 필수업종을 채우는 근린형 진입.",,31386.80083333333,7501.25,0.2138966872543515,0.309685569904548,0.3564534808904903,0.2010471625273452,298699197.0,0.5613207547169812,2.0,199.0,126.92804576078878,37.506905705490965
동작구,11590670,신대방1동,알뜰안정형,3,-,서민베드타운·생활근린형,근린주거형,마을버스 및 시내버스 연계망 중심,"오랜 정주기간을 가진 지역 토착민 단골 형성 용이, 가성비 상품 반응 우수","노후 주택가 골목길 주차 불편, 주민 평균 연령 상승에 따른 소비 단가 한계",지역 토착 다인가구 및 어르신/시니어층,#역세권 #주차난,#고령층,#노후상권,"가성비 식료품/정육점, 내과/정형외과/약국, 생활밀착 철물/잡화, 국밥/백반집","초고가 프리미엄 사치재, 유행성 팝업스토어","[데이터] 의원(내과·소아과·치과)·약국 / 생활용품·무인점포·세탁  [현장키워드] 가성비 식료품/정육점, 내과/정형외과/약국, 생활밀착 철물/잡화, 국밥/백반집","의료비(×0.40), 생활용품(×0.63)",여가·문화(×1.50),지역 주민들의 생필품과 가성비 외식을 책임지는 탄탄한 골목형 생활 상권,기대수준,성장하는 강세상권,③ 확장형,,,1.066324190181969,201469089.11569977,0.052521111943962,"[근린주거형] 인구·인프라로 본 기대소비 대비 실제 ×1.07 (분기 약 2억 원 웃돎, 추세 개선). 유사 원형 동 대비 의료비(×0.40), 생활용품(×0.63) 비중이 낮아 해당 업종 공급 여지. 여가·문화(×1.50)은 이미 강세라 신규 진입 시 차별화 필요. 이미 강하고 더 커지는 중 — 핵심가 대신 2선 입지·배후 골목 공략.",,23181.909166666665,3080.333333333333,0.1465080319560175,0.2757495060561807,0.305054850505485,0.1445910948591094,364550843.0,0.2523584905660377,1.0,83.0,126.91067114142444,37.48998196011976
동작구,11590680,신대방2동,알뜰안정형,3,-,1인청년·원룸배달형,청년1인·원룸형,"지하철역 접근 용이, 버스 환승망 발달","2030 청년 1인가구 밀집으로 배달음식, 간편식, 코인세탁 등 편의수요 최상","원룸촌 특유의 주차난, 잦은 이사로 인한 단골 고객 유지 어려움",2030 청년 직장인 및 취준생 1인가구,#역세권공백 #의료허브 #환승요충지 #주차난,#2030청년가구,#소비위축추세 #경쟁과열가능,"배달 전문점, 코인빨래방, 무인 프린트/카페, 1인 피트니스, 가성비 주점","대형 가족형 식당, 대형 키즈카페","[데이터] 의류·잡화 편집숍 / 주점·이자카야·노래방  [현장키워드] 배달 전문점, 코인빨래방, 무인 프린트/카페, 1인 피트니스, 가성비 주점","의류·신발(×0.16), 유흥(×0.28)","생활용품(×10.47), 의료비(×2.56)",청년 1인가구의 실속형 소비와 배달·포장 수요가 지배적인 역동적 소형 상권,초과달성,식어가는 강세상권,⑤ 경고(둔화),,,15.117646692000775,94335086944.15378,-0.1062617666909963,"[청년1인·원룸형] 인구·인프라로 본 기대소비 대비 실제 ×15.12 (분기 약 943억 원 웃돎, 추세 악화). 유사 원형 동 대비 의류·신발(×0.16), 유흥(×0.28) 비중이 낮아 해당 업종 공급 여지. 생활용품(×10.47), 의료비(×2.56)은 이미 강세라 신규 진입 시 차별화 필요. 강세였으나 식는 중 — 신규 진입 보수적, 업종 전환 수요 관찰. ※ 배율 극단(×5↑): 대형점·본사 매출 주소 집계 가능성, 현장 확인 필요","배율 극단(×5↑): 대형점·본사 매출 주소 집계 가능성, 현장 확인 필요",17428.915833333333,10229.583333333334,0.5008816787162758,0.3328337153941104,0.3757686554761509,0.2112315107196277,251765063.0,0.4033018867924528,0.0,109.0,126.92169112647883,37.49455788435132
마포구,11440555,아현동,자산안정형,2,"마포래미안푸르지오(마래푸), 마포자이, 공덕자이, 래미안공덕",직주근접·신흥학군형,고자산·아파트형,"공덕역(5·6호선·경의중앙·공항철도 4개 환승), 애오개역, 대흥역","광화문(CBD)·여의도(YBD) 직주근접 3040 맞벌이 대거 거주, 대흥역 일대 마포 신흥 학원가 급팽창","가파른 구릉지/언덕 지형으로 도보 이동 피로감, 공덕오거리 출퇴근 정체",3040 대기업/금융사 고소득 맞벌이 부부 및 초·중생 자녀,#다중역세권 #환승요충지 #언덕지형,#초고자산 #학원가·학군 #3040맞벌이,#교통정체 #소비위축추세,"대흥역 학원가 타겟 스터디카페/간편식, 샐러드/포케, 프리미엄 유기농 반찬, 키즈 수영/체육","고전적 유흥주점, 노년층 대상 건강보조식품점","[현장키워드] 대흥역 학원가 타겟 스터디카페/간편식, 샐러드/포케, 프리미엄 유기농 반찬, 키즈 수영/체육",,,광화문·여의도 배후지의 고소득 맞벌이 파워와 대흥동 학원가 성장이 맞물려 급성장한 마포 대장 상권,데이터점검,데이터점검,데이터점검,,,16.40539645807259,578085646933.5034,-2.22473961185604,데이터 집계 이상으로 해석 제외 (현장·원자료 확인 필요),"배율 극단(×5↑): 대형점·본사 매출 주소 집계 가능성, 현장 확인 필요",23929.521666666667,4966.416666666667,0.2065290277042527,0.3081348155990824,0.3564214711729622,0.1300608349900596,921140791.0,0.0849056603773584,2.0,145.0,126.95272977223212,37.55183308979032
마포구,11440565,공덕동,알뜰안정형,3,"마포래미안푸르지오(마래푸), 마포자이, 공덕자이, 래미안공덕",직주근접·신흥학군형,청년1인·원룸형,"공덕역(5·6호선·경의중앙·공항철도 4개 환승), 애오개역, 대흥역","광화문(CBD)·여의도(YBD) 직주근접 3040 맞벌이 대거 거주, 대흥역 일대 마포 신흥 학원가 급팽창","가파른 구릉지/언덕 지형으로 도보 이동 피로감, 공덕오거리 출퇴근 정체",3040 대기업/금융사 고소득 맞벌이 부부 및 초·중생 자녀,#다중역세권 #집객시설밀집 #환승요충지 #언덕지형,#2030청년가구 #학원가·학군 #3040맞벌이,#교통정체 #소비유출,"대흥역 학원가 타겟 스터디카페/간편식, 샐러드/포케, 프리미엄 유기농 반찬, 키즈 수영/체육","고전적 유흥주점, 노년층 대상 건강보조식품점","[현장키워드] 대흥역 학원가 타겟 스터디카페/간편식, 샐러드/포케, 프리미엄 유기농 반찬, 키즈 수영/체육",,"생활용품(×3.22), 교육(×2.12)",광화문·여의도 배후지의 고소득 맞벌이 파워와 대흥동 학원가 성장이 맞물려 급성장한 마포 대장 상권,저평가,안정(저평가),② 유출보완형 기회,82.7,7.0,0.3855498374822634,-9229685388.172104,0.0167597506073469,"[청년1인·원룸형] 인구·인프라로 본 기대소비 대비 실제 ×0.39 (분기 약 92억 원 밑돎, 추세 보합). 생활용품(×3.22), 교육(×2.12)은 이미 강세라 신규 진입 시 차별화 필요. 수요 대비 소비가 꾸준히 밖으로 샘 — 빠진 필수업종을 채우는 근린형 진입.",,31847.295833333334,10290.75,0.2549277988250151,0.335913907648383,0.3703066870916309,0.2013164723168787,396354330.0,0.4245283018867924,4.0,172.0,126.95794822293418,37.549321278274334
마포구,11440585,도화동,알뜰안정형,3,-,대단지·생활근린형,근린주거형,지하철 및 시내버스 대중교통 이용 원활,안정적인 주거 배후수요를 갖춘 생활 밀착형 상권,외부 유입 한계 및 자체 배후수요 의존도 높음,다인 가구 및 일반 중장년·가족 단위 거주,#역세권,#야간소비,#외부유입한계 #소비위축추세,"편의점, 베이커리, 중소형 마트, 근린의원(내과/치과)","고가 사치재, 외지인 유입 중심 대형 매장","[데이터] 식자재마트·정육·반찬가게 / 학원·스터디카페·키즈교육  [현장키워드] 편의점, 베이커리, 중소형 마트, 근린의원(내과/치과)","식료품(×0.33), 교육(×0.39)","유흥(×2.19), 여가·문화(×1.94)",도화동 일대 안정적인 주거 배후지를 중심으로 형성된 근린 생활 상권,기대수준,위축되는 약세상권,⑥ 주의(위축),,,0.8815607746661821,-1177192418.2366734,-0.0751643509216168,"[근린주거형] 인구·인프라로 본 기대소비 대비 실제 ×0.88 (분기 약 12억 원 밑돎, 추세 악화). 유사 원형 동 대비 식료품(×0.33), 교육(×0.39) 비중이 낮아 해당 업종 공급 여지. 유흥(×2.19), 여가·문화(×1.94)은 이미 강세라 신규 진입 시 차별화 필요. 기대보다 약하고 더 약해지는 중 — 원인(재건축·공동화) 확인 전 진입 보류.",,18142.5725,12321.916666666666,0.6434965513867827,0.2972655676759771,0.3430161380077907,0.1788875904284919,517528938.0,0.2971698113207547,1.0,144.0,126.94910605233989,37.53864095643596
마포구,11440590,용강동,알뜰안정형,3,-,대단지·생활근린형,직주혼합형,지하철 및 시내버스 대중교통 이용 원활,안정적인 주거 배후수요를 갖춘 생활 밀착형 상권,외부 유입 한계 및 자체 배후수요 의존도 높음,다인 가구 및 일반 중장년·가족 단위 거주,#역세권,#직장인밀집,#외부유입한계,"편의점, 베이커리, 중소형 마트, 근린의원(내과/치과)","고가 사치재, 외지인 유입 중심 대형 매장","[데이터] 의류·잡화 편집숍  [현장키워드] 편의점, 베이커리, 중소형 마트, 근린의원(내과/치과)",의류·신발(×0.60),"교육(×5.10), 생활용품(×2.48)",용강동 일대 안정적인 주거 배후지를 중심으로 형성된 근린 생활 상권,기대수준,안정(초과),④ 검증·포화형,,,1.2419524471158214,1476058182.5739918,0.0114140668394134,"[직주혼합형] 인구·인프라로 본 기대소비 대비 실제 ×1.24 (분기 약 15억 원 웃돎, 추세 보합). 유사 원형 동 대비 의류·신발(×0.60) 비중이 낮아 해당 업종 공급 여지. 교육(×5.10), 생활용품(×2.48)은 이미 강세라 신규 진입 시 차별화 필요. 수요는 검증됐지만 경쟁 치열 — 차별화 콘셉트 없으면 비추천.",,16705.22333333333,13085.833333333334,0.7136221442790786,0.2551426675514266,0.3259545561021316,0.1666795502459592,497352990.0,0.3561320754716981,1.0,90.0,126.94221311320156,37.54152999419625
마포구,11440600,대흥동,영앤레버리지형,0,-,대단지·생활근린형,학원가·에듀형,지하철 및 시내버스 대중교통 이용 원활,안정적인 주거 배후수요를 갖춘 생활 밀착형 상권,외부 유입 한계 및 자체 배후수요 의존도 높음,다인 가구 및 일반 중장년·가족 단위 거주,#다중역세권 #집객시설밀집 #대학가,#2030청년가구,#외부유입한계 #소비유출,"편의점, 베이커리, 중소형 마트, 근린의원(내과/치과)","고가 사치재, 외지인 유입 중심 대형 매장","[데이터] 의류·잡화 편집숍 / 식자재마트·정육·반찬가게  [현장키워드] 편의점, 베이커리, 중소형 마트, 근린의원(내과/치과)","의류·신발(×0.64), 식료품(×0.69)","유흥(×1.94), 생활용품(×1.90)",대흥동 일대 안정적인 주거 배후지를 중심으로 형성된 근린 생활 상권,저평가,안정(저평가),② 유출보완형 기회,50.6,136.0,0.4626898623865028,-6929538953.351797,-0.0473466573280299,"[학원가·에듀형] 인구·인프라로 본 기대소비 대비 실제 ×0.46 (분기 약 69억 원 밑돎, 추세 보합). 유사 원형 동 대비 의류·신발(×0.64), 식료품(×0.69) 비중이 낮아 해당 업종 공급 여지. 유흥(×1.94), 생활용품(×1.90)은 이미 강세라 신규 진입 시 차별화 필요. 수요 대비 소비가 꾸준히 밖으로 샘 — 빠진 필수업종을 채우는 근린형 진입.",,15719.775,3334.333333333333,0.2313336503838576,0.4219716013316122,0.4660550458715596,0.3548232415902141,290729719.0,0.0424528301886792,3.0,209.0,126.94152597994784,37.552053322483815
마포구,11440610,염리동,알뜰안정형,3,"마포래미안푸르지오(마래푸), 마포자이, 공덕자이, 래미안공덕",직주근접·신흥학군형,근린주거형,"공덕역(5·6호선·경의중앙·공항철도 4개 환승), 애오개역, 대흥역","광화문(CBD)·여의도(YBD) 직주근접 3040 맞벌이 대거 거주, 대흥역 일대 마포 신흥 학원가 급팽창","가파른 구릉지/언덕 지형으로 도보 이동 피로감, 공덕오거리 출퇴근 정체",3040 대기업/금융사 고소득 맞벌이 부부 및 초·중생 자녀,#역세권공백 #환승요충지 #언덕지형,#학원가·학군 #3040맞벌이,#교통정체 #경쟁과열가능,"대흥역 학원가 타겟 스터디카페/간편식, 샐러드/포케, 프리미엄 유기농 반찬, 키즈 수영/체육","고전적 유흥주점, 노년층 대상 건강보조식품점","[데이터] 음식점·카페·배달전문점 / 학원·스터디카페·키즈교육  [현장키워드] 대흥역 학원가 타겟 스터디카페/간편식, 샐러드/포케, 프리미엄 유기농 반찬, 키즈 수영/체육","음식(×0.08), 교육(×0.10)",여가·문화(×15.94),광화문·여의도 배후지의 고소득 맞벌이 파워와 대흥동 학원가 성장이 맞물려 급성장한 마포 대장 상권,초과달성,성장하는 강세상권,③ 확장형,,,20.64960776704445,54598463320.62662,0.1052569525289469,"[근린주거형] 인구·인프라로 본 기대소비 대비 실제 ×20.65 (분기 약 546억 원 웃돎, 추세 개선). 유사 원형 동 대비 음식(×0.08), 교육(×0.10) 비중이 낮아 해당 업종 공급 여지. 여가·문화(×15.94)은 이미 강세라 신규 진입 시 차별화 필요. 이미 강하고 더 커지는 중 — 핵심가 대신 2선 입지·배후 골목 공략. ※ 배율 극단(×5↑): 대형점·본사 매출 주소 집계 가능성, 현장 확인 필요","배율 극단(×5↑): 대형점·본사 매출 주소 집계 가능성, 현장 확인 필요",14236.524166666668,2040.4166666666667,0.1342783659309767,0.308511274597763,0.4019958706125258,0.195922229869236,314172668.0,0.1462264150943396,0.0,52.0,126.94758200437364,37.54987575053771
마포구,11440630,신수동,알뜰안정형,3,-,대단지·생활근린형,근린주거형,지하철 및 시내버스 대중교통 이용 원활,안정적인 주거 배후수요를 갖춘 생활 밀착형 상권,외부 유입 한계 및 자체 배후수요 의존도 높음,다인 가구 및 일반 중장년·가족 단위 거주,#역세권공백,,#외부유입한계,"편의점, 베이커리, 중소형 마트, 근린의원(내과/치과)","고가 사치재, 외지인 유입 중심 대형 매장","[데이터] 의류·잡화 편집숍 / 주점·이자카야·노래방  [현장키워드] 편의점, 베이커리, 중소형 마트, 근린의원(내과/치과)","의류·신발(×0.50), 유흥(×0.58)","의료비(×2.22), 생활용품(×2.08)",신수동 일대 안정적인 주거 배후지를 중심으로 형성된 근린 생활 상권,기대수준,안정(저평가),② 유출보완형 기회,58.1,103.0,0.812711877084649,-669545921.8480539,0.0146869286561118,"[근린주거형] 인구·인프라로 본 기대소비 대비 실제 ×0.81 (분기 약 7억 원 밑돎, 추세 보합). 유사 원형 동 대비 의류·신발(×0.50), 유흥(×0.58) 비중이 낮아 해당 업종 공급 여지. 의료비(×2.22), 생활용품(×2.08)은 이미 강세라 신규 진입 시 차별화 필요. 수요 대비 소비가 꾸준히 밖으로 샘 — 빠진 필수업종을 채우는 근린형 진입.",,17583.114166666666,2817.833333333333,0.1594847137802776,0.3019141794429829,0.3515579071134627,0.1670664315108759,385870186.0,0.5141509433962265,0.0,76.0,126.9347980470556,37.54565270960968
마포구,11440655,서강동,알뜰안정형,3,-,대단지·생활근린형,근린주거형,지하철 및 시내버스 대중교통 이용 원활,안정적인 주거 배후수요를 갖춘 생활 밀착형 상권,외부 유입 한계 및 자체 배후수요 의존도 높음,다인 가구 및 일반 중장년·가족 단위 거주,#다중역세권 #대학가,#2030청년가구,#외부유입한계,"편의점, 베이커리, 중소형 마트, 근린의원(내과/치과)","고가 사치재, 외지인 유입 중심 대형 매장","[데이터] 의원(내과·소아과·치과)·약국 / 생활용품·무인점포·세탁  [현장키워드] 편의점, 베이커리, 중소형 마트, 근린의원(내과/치과)","의료비(×0.18), 생활용품(×0.44)","의류·신발(×2.91), 여가·문화(×2.62)",서강동 일대 안정적인 주거 배후지를 중심으로 형성된 근린 생활 상권,기대수준,안정(초과),④ 검증·포화형,,,1.0323675118274624,191778782.5484581,-0.0412711553589256,"[근린주거형] 인구·인프라로 본 기대소비 대비 실제 ×1.03 (분기 약 2억 원 웃돎, 추세 보합). 유사 원형 동 대비 의료비(×0.18), 생활용품(×0.44) 비중이 낮아 해당 업종 공급 여지. 의류·신발(×2.91), 여가·문화(×2.62)은 이미 강세라 신규 진입 시 차별화 필요. 수요는 검증됐지만 경쟁 치열 — 차별화 콘셉트 없으면 비추천.",,25076.734166666665,3268.25,0.1312510180811207,0.3566541782049193,0.451918330715728,0.2072344626430334,361808135.0,0.6084905660377359,2.0,156.0,126.92602719784018,37.54672873951285
마포구,11440660,서교동,영앤레버리지형,0,"메세나폴리스, 합정마포한강푸르지오, 망원·연남 다세대/빌라",핫플레이스·문화소비형,광역집객·관광형,"2호선 합정역·홍대입구역, 망원역, 경의선숲길","홍대·연트럴파크·망리단길 등 전국 최고 핫플레이스, 2030 외지인 및 외국인 관광객 상시 유입","젠트리피케이션으로 인한 잦은 임차인 교체, 주택가 침범에 따른 심야 소음·쓰레기 민원, 주차 지옥","전국에서 찾아오는 102030 세대, 인바운드 외국인 관광객, 문화예술인",#다중역세권 #집객시설밀집 #주차난,#2030청년가구 #직장인밀집 #야간소비 #주말나들이 #관광·외국인,#소비유출 #소비위축추세,"개성 넘치는 독립 카페/디저트, 인스타그래머블 퓨전 식당, 소품샵/팝업스토어, 감성 주점","정형화된 프랜차이즈 식당, 전통적인 생필품/철물점","[데이터] 식자재마트·정육·반찬가게 / 의원(내과·소아과·치과)·약국  [현장키워드] 개성 넘치는 독립 카페/디저트, 인스타그래머블 퓨전 식당, 소품샵/팝업스토어, 감성 주점","식료품(×0.47), 의료비(×0.69)","유흥(×3.89), 의류·신발(×3.54)",트렌드 변화가 가장 빠르고 외지인 소비가 집중되는 서울 서북권 최대의 문화·식음 랜드마크,저평가,위축되는 약세상권,⑥ 주의(위축),,,0.5202116994204012,-56789415592.57642,-0.0728159512454591,"[광역집객·관광형] 인구·인프라로 본 기대소비 대비 실제 ×0.52 (분기 약 568억 원 밑돎, 추세 악화). 유사 원형 동 대비 식료품(×0.47), 의료비(×0.69) 비중이 낮아 해당 업종 공급 여지. 유흥(×3.89), 의류·신발(×3.54)은 이미 강세라 신규 진입 시 차별화 필요. 기대보다 약하고 더 약해지는 중 — 원인(재건축·공동화) 확인 전 진입 보류.",,25126.55,25232.33333333333,1.069226608977826,0.469359737072014,0.5128081586766241,0.3857383762948687,212792253.0,0.6886792452830188,7.0,358.0,126.92093784067974,37.55474432506864
마포구,11440680,합정동,알뜰안정형,3,"메세나폴리스, 합정마포한강푸르지오, 망원·연남 다세대/빌라",핫플레이스·문화소비형,가족·아파트단지형,"2호선 합정역·홍대입구역, 망원역, 경의선숲길","홍대·연트럴파크·망리단길 등 전국 최고 핫플레이스, 2030 외지인 및 외국인 관광객 상시 유입","젠트리피케이션으로 인한 잦은 임차인 교체, 주택가 침범에 따른 심야 소음·쓰레기 민원, 주차 지옥","전국에서 찾아오는 102030 세대, 인바운드 외국인 관광객, 문화예술인",#역세권공백 #주차난,#2030청년가구 #야간소비 #관광·외국인,#소비위축추세,"개성 넘치는 독립 카페/디저트, 인스타그래머블 퓨전 식당, 소품샵/팝업스토어, 감성 주점","정형화된 프랜차이즈 식당, 전통적인 생필품/철물점","[데이터] 학원·스터디카페·키즈교육 / 식자재마트·정육·반찬가게  [현장키워드] 개성 넘치는 독립 카페/디저트, 인스타그래머블 퓨전 식당, 소품샵/팝업스토어, 감성 주점","교육(×0.46), 식료품(×0.61)","생활용품(×1.97), 유흥(×1.89)",트렌드 변화가 가장 빠르고 외지인 소비가 집중되는 서울 서북권 최대의 문화·식음 랜드마크,기대수준,위축되는 약세상권,⑥ 주의(위축),,,0.97718875576292,-264707765.9954071,-0.0536246635334939,"[가족·아파트단지형] 인구·인프라로 본 기대소비 대비 실제 ×0.98 (분기 약 3억 원 밑돎, 추세 악화). 유사 원형 동 대비 교육(×0.46), 식료품(×0.61) 비중이 낮아 해당 업종 공급 여지. 생활용품(×1.97), 유흥(×1.89)은 이미 강세라 신규 진입 시 차별화 필요. 기대보다 약하고 더 약해지는 중 — 원인(재건축·공동화) 확인 전 진입 보류.",,16126.3975,4977.083333333333,0.2746781115879828,0.403740036787247,0.4307223293722391,0.2557481490698687,226954603.0,0.9386792452830188,0.0,109.0,126.90896236646482,37.54696008575363
마포구,11440690,망원1동,생활압박형,1,"메세나폴리스, 합정마포한강푸르지오, 망원·연남 다세대/빌라",핫플레이스·문화소비형,가족·아파트단지형,"2호선 합정역·홍대입구역, 망원역, 경의선숲길","홍대·연트럴파크·망리단길 등 전국 최고 핫플레이스, 2030 외지인 및 외국인 관광객 상시 유입","젠트리피케이션으로 인한 잦은 임차인 교체, 주택가 침범에 따른 심야 소음·쓰레기 민원, 주차 지옥","전국에서 찾아오는 102030 세대, 인바운드 외국인 관광객, 문화예술인",#역세권공백 #주차난,#2030청년가구 #주말나들이 #관광·외국인,#경쟁과열가능,"개성 넘치는 독립 카페/디저트, 인스타그래머블 퓨전 식당, 소품샵/팝업스토어, 감성 주점","정형화된 프랜차이즈 식당, 전통적인 생필품/철물점","[데이터] 학원·스터디카페·키즈교육 / 의원(내과·소아과·치과)·약국  [현장키워드] 개성 넘치는 독립 카페/디저트, 인스타그래머블 퓨전 식당, 소품샵/팝업스토어, 감성 주점","교육(×0.32), 의료비(×0.57)","의류·신발(×2.20), 음식(×1.59)",트렌드 변화가 가장 빠르고 외지인 소비가 집중되는 서울 서북권 최대의 문화·식음 랜드마크,초과달성,안정(초과),④ 검증·포화형,,,1.7415161014134235,3292899277.6672964,0.0209616406639361,"[가족·아파트단지형] 인구·인프라로 본 기대소비 대비 실제 ×1.74 (분기 약 33억 원 웃돎, 추세 보합). 유사 원형 동 대비 교육(×0.32), 의료비(×0.57) 비중이 낮아 해당 업종 공급 여지. 의류·신발(×2.20), 음식(×1.59)은 이미 강세라 신규 진입 시 차별화 필요. 수요는 검증됐지만 경쟁 치열 — 차별화 콘셉트 없으면 비추천.",,18072.25,2975.4166666666665,0.1784763197744243,0.3500600490835988,0.3895819285232637,0.2223943582827601,212810124.0,0.8962264150943396,0.0,95.0,126.8997534996997,37.55362001265407
마포구,11440700,망원2동,생활압박형,1,"메세나폴리스, 합정마포한강푸르지오, 망원·연남 다세대/빌라",핫플레이스·문화소비형,가족·아파트단지형,"2호선 합정역·홍대입구역, 망원역, 경의선숲길","홍대·연트럴파크·망리단길 등 전국 최고 핫플레이스, 2030 외지인 및 외국인 관광객 상시 유입","젠트리피케이션으로 인한 잦은 임차인 교체, 주택가 침범에 따른 심야 소음·쓰레기 민원, 주차 지옥","전국에서 찾아오는 102030 세대, 인바운드 외국인 관광객, 문화예술인",#역세권공백 #주차난,#주말나들이 #관광·외국인,,"개성 넘치는 독립 카페/디저트, 인스타그래머블 퓨전 식당, 소품샵/팝업스토어, 감성 주점","정형화된 프랜차이즈 식당, 전통적인 생필품/철물점","[데이터] 의원(내과·소아과·치과)·약국  [현장키워드] 개성 넘치는 독립 카페/디저트, 인스타그래머블 퓨전 식당, 소품샵/팝업스토어, 감성 주점",의료비(×0.44),"여가·문화(×1.83), 생활용품(×1.59)",트렌드 변화가 가장 빠르고 외지인 소비가 집중되는 서울 서북권 최대의 문화·식음 랜드마크,기대수준,안정(초과),④ 검증·포화형,,,1.1353991589348602,445788617.4083257,0.027437835169635,"[가족·아파트단지형] 인구·인프라로 본 기대소비 대비 실제 ×1.14 (분기 약 4억 원 웃돎, 추세 보합). 유사 원형 동 대비 의료비(×0.44) 비중이 낮아 해당 업종 공급 여지. 여가·문화(×1.83), 생활용품(×1.59)은 이미 강세라 신규 진입 시 차별화 필요. 수요는 검증됐지만 경쟁 치열 — 차별화 콘셉트 없으면 비추천.",,16230.366666666669,3936.4166666666665,0.220293575933471,0.3026176257185913,0.356502800248911,0.1564026135656503,204295370.0,0.8867924528301887,0.0,83.0,126.90017638433788,37.55899031399904
마포구,11440710,연남동,영앤레버리지형,0,"메세나폴리스, 합정마포한강푸르지오, 망원·연남 다세대/빌라",핫플레이스·문화소비형,가족·아파트단지형,"2호선 합정역·홍대입구역, 망원역, 경의선숲길","홍대·연트럴파크·망리단길 등 전국 최고 핫플레이스, 2030 외지인 및 외국인 관광객 상시 유입","젠트리피케이션으로 인한 잦은 임차인 교체, 주택가 침범에 따른 심야 소음·쓰레기 민원, 주차 지옥","전국에서 찾아오는 102030 세대, 인바운드 외국인 관광객, 문화예술인",#역세권공백 #주차난,#2030청년가구 #야간소비 #주말나들이 #관광·외국인,#소비위축추세 #경쟁과열가능,"개성 넘치는 독립 카페/디저트, 인스타그래머블 퓨전 식당, 소품샵/팝업스토어, 감성 주점","정형화된 프랜차이즈 식당, 전통적인 생필품/철물점","[데이터] 의원(내과·소아과·치과)·약국 / 학원·스터디카페·키즈교육  [현장키워드] 개성 넘치는 독립 카페/디저트, 인스타그래머블 퓨전 식당, 소품샵/팝업스토어, 감성 주점","의료비(×0.12), 교육(×0.25)","의류·신발(×2.83), 음식(×2.30)",트렌드 변화가 가장 빠르고 외지인 소비가 집중되는 서울 서북권 최대의 문화·식음 랜드마크,초과달성,식어가는 강세상권,⑤ 경고(둔화),,,3.051227529480269,5787029264.425709,-0.131097037164961,"[가족·아파트단지형] 인구·인프라로 본 기대소비 대비 실제 ×3.05 (분기 약 58억 원 웃돎, 추세 악화). 유사 원형 동 대비 의료비(×0.12), 교육(×0.25) 비중이 낮아 해당 업종 공급 여지. 의류·신발(×2.83), 음식(×2.30)은 이미 강세라 신규 진입 시 차별화 필요. 강세였으나 식는 중 — 신규 진입 보수적, 업종 전환 수요 관찰.",,15591.583333333334,2899.083333333333,0.2672158850866075,0.4087452471482889,0.4443853820598006,0.3015308970099667,208713210.0,0.8632075471698113,0.0,52.0,126.92154029818884,37.563015878489466
마포구,11440720,성산1동,생활압박형,1,-,대단지·생활근린형,가족·아파트단지형,지하철 및 시내버스 대중교통 이용 원활,안정적인 주거 배후수요를 갖춘 생활 밀착형 상권,외부 유입 한계 및 자체 배후수요 의존도 높음,다인 가구 및 일반 중장년·가족 단위 거주,#역세권공백,#가성비선호 #2030청년가구,#외부유입한계,"편의점, 베이커리, 중소형 마트, 근린의원(내과/치과)","고가 사치재, 외지인 유입 중심 대형 매장","[데이터] 의원(내과·소아과·치과)·약국 / 생활용품·무인점포·세탁  [현장키워드] 편의점, 베이커리, 중소형 마트, 근린의원(내과/치과)","의료비(×0.48), 생활용품(×0.54)",식료품(×1.71),성산1동 일대 안정적인 주거 배후지를 중심으로 형성된 근린 생활 상권,기대수준,안정(저평가),② 유출보완형 기회,52.4,126.0,0.91230949282676,-217570040.07088184,0.0231060291813923,"[가족·아파트단지형] 인구·인프라로 본 기대소비 대비 실제 ×0.91 (분기 약 2억 원 밑돎, 추세 보합). 유사 원형 동 대비 의료비(×0.48), 생활용품(×0.54) 비중이 낮아 해당 업종 공급 여지. 식료품(×1.71)은 이미 강세라 신규 진입 시 차별화 필요. 수요 대비 소비가 꾸준히 밖으로 샘 — 빠진 필수업종을 채우는 근린형 진입.",,17286.564166666667,5102.916666666667,0.3001132502831257,0.3393194197271207,0.3815881529850746,0.2162721548507462,188218762.0,0.9599056603773584,0.0,86.0,126.91184156004186,37.56199991897573
마포구,11440730,성산2동,알뜰안정형,3,-,대단지·생활근린형,청년1인·원룸형,지하철 및 시내버스 대중교통 이용 원활,안정적인 주거 배후수요를 갖춘 생활 밀착형 상권,외부 유입 한계 및 자체 배후수요 의존도 높음,다인 가구 및 일반 중장년·가족 단위 거주,#다중역세권,#2030청년가구,#외부유입한계,"편의점, 베이커리, 중소형 마트, 근린의원(내과/치과)","고가 사치재, 외지인 유입 중심 대형 매장","[데이터] 주점·이자카야·노래방 / 의원(내과·소아과·치과)·약국  [현장키워드] 편의점, 베이커리, 중소형 마트, 근린의원(내과/치과)","유흥(×0.29), 의료비(×0.31)","식료품(×2.74), 교육(×2.55)",성산2동 일대 안정적인 주거 배후지를 중심으로 형성된 근린 생활 상권,기대수준,안정(초과),④ 검증·포화형,,,1.4415806566111755,2632135132.2870035,-0.030700263296449,"[청년1인·원룸형] 인구·인프라로 본 기대소비 대비 실제 ×1.44 (분기 약 26억 원 웃돎, 추세 보합). 유사 원형 동 대비 유흥(×0.29), 의료비(×0.31) 비중이 낮아 해당 업종 공급 여지. 식료품(×2.74), 교육(×2.55)은 이미 강세라 신규 진입 시 차별화 필요. 수요는 검증됐지만 경쟁 치열 — 차별화 콘셉트 없으면 비추천.",,31878.066666666666,1573.3333333333333,0.0392090718011261,0.3428652982847653,0.3656056450867408,0.2237814685853388,254866913.0,0.4339622641509434,2.0,158.0,126.90196369221974,37.56832613063574
마포구,11440740,상암동,알뜰안정형,3,상암월드컵파크1~12단지,미디어오피스·계획도시형,학원가·에듀형,"6호선·공항철도 디지털미디어시티역, 월드컵경기장역","MBC·SBS·YTN 등 주요 방송사/IT 미디어 클러스터 직장인 배후, 한강·난지공원 쾌적성, 평지 구획","금요일 저녁 및 주말 오피스가 유령도시화(공동화 극심), 방송가 불황 시 외식 경기 동반 침체",방송/언론/IT 종사자 2040 직장인 및 상암DMC 패밀리 거주민,#다중역세권 #집객시설밀집 #한강변 #공원·숲세권,,#주말공동화 #소비유출 #소비위축추세,"방송 제작진 타겟 24시 식당, 단체 회식용 대형 고깃집, 카페/미팅룸, 샐러드 도시락","주말 장사 의존도가 높은 매장, 입시 전문 대형학원","[데이터] 의류·잡화 편집숍 / 식자재마트·정육·반찬가게  [현장키워드] 방송 제작진 타겟 24시 식당, 단체 회식용 대형 고깃집, 카페/미팅룸, 샐러드 도시락","의류·신발(×0.42), 식료품(×0.48)","여가·문화(×4.94), 유흥(×1.72)",미디어 기업 직장인들의 평일 소비가 절대적이며 주말 가족 공원 나들이가 보완하는 계획 상권,저평가,위축되는 약세상권,⑥ 주의(위축),,,0.498320270467756,-15383257234.282871,-0.0535631537168675,"[학원가·에듀형] 인구·인프라로 본 기대소비 대비 실제 ×0.50 (분기 약 154억 원 밑돎, 추세 악화). 유사 원형 동 대비 의류·신발(×0.42), 식료품(×0.48) 비중이 낮아 해당 업종 공급 여지. 여가·문화(×4.94), 유흥(×1.72)은 이미 강세라 신규 진입 시 차별화 필요. 기대보다 약하고 더 약해지는 중 — 원인(재건축·공동화) 확인 전 진입 보류.",,24650.55833333333,14240.583333333334,0.5457824826377183,0.2616478996696109,0.308921591170384,0.1700452211236299,476838167.0,0.4080188679245283,4.0,247.0,126.87989855888374,37.57072942215392
서대문구,11410520,천연동,알뜰안정형,3,-,서민베드타운·생활근린형,근린주거형,마을버스 및 시내버스 연계망 중심,"오랜 정주기간을 가진 지역 토착민 단골 형성 용이, 가성비 상품 반응 우수","노후 주택가 골목길 주차 불편, 주민 평균 연령 상승에 따른 소비 단가 한계",지역 토착 다인가구 및 어르신/시니어층,#역세권공백 #대학가 #주차난,#고령층,#노후상권 #소비유출,"가성비 식료품/정육점, 내과/정형외과/약국, 생활밀착 철물/잡화, 국밥/백반집","초고가 프리미엄 사치재, 유행성 팝업스토어","[데이터] 생활용품·무인점포·세탁 / 의원(내과·소아과·치과)·약국  [현장키워드] 가성비 식료품/정육점, 내과/정형외과/약국, 생활밀착 철물/잡화, 국밥/백반집","생활용품(×0.42), 의료비(×0.49)",식료품(×1.48),지역 주민들의 생필품과 가성비 외식을 책임지는 탄탄한 골목형 생활 상권,저평가,떠오르는 잠재상권,① 선점형 기회,64.2,71.0,0.662327126669684,-1331406830.1553588,0.0693690918800528,"[근린주거형] 인구·인프라로 본 기대소비 대비 실제 ×0.66 (분기 약 13억 원 밑돎, 추세 개선). 유사 원형 동 대비 생활용품(×0.42), 의료비(×0.49) 비중이 낮아 해당 업종 공급 여지. 식료품(×1.48)은 이미 강세라 신규 진입 시 차별화 필요. 기대보다 덜 쓰지만 격차가 줄어드는 중 — 임대료 오르기 전 진입 적기.",,15524.4,1048.4166666666667,0.0682903245301263,0.2560585000302169,0.321318767580297,0.1826532347746451,397400487.0,0.2452830188679245,0.0,127.0,126.95665672530488,37.57132315392149
서대문구,11410555,북아현동,알뜰안정형,3,-,중산층·아파트대단지형,근린주거형,주요 간선도로 및 지하철 연계 버스망 우수,"안정된 소득의 아파트 거주 가족 배후, 유흥가 없는 쾌적하고 안전한 생활환경","단지 내 상가 외 상권 확장 한계, 백화점/대형몰로의 원정 소비 발생",3040 맞벌이 부부 및 초중등 자녀 가족,#역세권공백 #몰세권,#3040맞벌이,#소비유출,"단과 학원, 베이커리, 소아과/이비인후과/치과, 반찬가게, 피트니스","유흥업소, 저가 무인매장","[데이터] 음식점·카페·배달전문점  [현장키워드] 단과 학원, 베이커리, 소아과/이비인후과/치과, 반찬가게, 피트니스",음식(×0.68),"생활용품(×4.39), 교육(×1.76)",가족 단위 주민들의 교육·의료·생필품 소비가 안정적으로 고정 매출을 보장하는 상권,저평가,안정(저평가),② 유출보완형 기회,51.2,132.0,0.329546078718409,-4820746458.052052,-0.0465811938727793,"[근린주거형] 인구·인프라로 본 기대소비 대비 실제 ×0.33 (분기 약 48억 원 밑돎, 추세 보합). 유사 원형 동 대비 음식(×0.68) 비중이 낮아 해당 업종 공급 여지. 생활용품(×4.39), 교육(×1.76)은 이미 강세라 신규 진입 시 차별화 필요. 수요 대비 소비가 꾸준히 밖으로 샘 — 빠진 필수업종을 채우는 근린형 진입.",,11270.454166666668,935.9166666666666,0.059606519057204,0.3058892279722096,0.3397441121343004,0.1765015076195909,602036398.0,0.2783018867924528,0.0,76.0,126.95502259620308,37.55929424518772
서대문구,11410565,충현동,알뜰안정형,3,-,1인청년·원룸배달형,근린주거형,"지하철역 접근 용이, 버스 환승망 발달","2030 청년 1인가구 밀집으로 배달음식, 간편식, 코인세탁 등 편의수요 최상","원룸촌 특유의 주차난, 잦은 이사로 인한 단골 고객 유지 어려움",2030 청년 직장인 및 취준생 1인가구,#다중역세권 #집객시설밀집 #대학가 #환승요충지 #주차난,,#소비유출,"배달 전문점, 코인빨래방, 무인 프린트/카페, 1인 피트니스, 가성비 주점","대형 가족형 식당, 대형 키즈카페","[데이터] 학원·스터디카페·키즈교육  [현장키워드] 배달 전문점, 코인빨래방, 무인 프린트/카페, 1인 피트니스, 가성비 주점",교육(×0.47),"여가·문화(×2.37), 음식(×1.50)",청년 1인가구의 실속형 소비와 배달·포장 수요가 지배적인 역동적 소형 상권,저평가,안정(저평가),② 유출보완형 기회,,,0.2403828690035733,-12574967327.028454,0.0172786374664321,"[근린주거형] 인구·인프라로 본 기대소비 대비 실제 ×0.24 (분기 약 126억 원 밑돎, 추세 보합). 유사 원형 동 대비 교육(×0.47) 비중이 낮아 해당 업종 공급 여지. 여가·문화(×2.37), 음식(×1.50)은 이미 강세라 신규 진입 시 차별화 필요. 수요 대비 소비가 꾸준히 밖으로 샘 — 빠진 필수업종을 채우는 근린형 진입. ※ 배율 극단(×0.25↓): 인접 거대상권 흡수·재건축 이주 가능성, 인접 동과 묶어 해석","배율 극단(×0.25↓): 인접 거대상권 흡수·재건축 이주 가능성, 인접 동과 묶어 해석",17453.66833333333,10555.916666666666,0.5661010059953256,0.3231378924906005,0.3797612279704377,0.2288408186469585,381899901.0,0.5660377358490566,3.0,184.0,126.95831351907644,37.5639445956383
서대문구,11410585,신촌동,영앤레버리지형,0,-,1인청년·원룸배달형,청년1인·원룸형,"지하철역 접근 용이, 버스 환승망 발달","2030 청년 1인가구 밀집으로 배달음식, 간편식, 코인세탁 등 편의수요 최상","원룸촌 특유의 주차난, 잦은 이사로 인한 단골 고객 유지 어려움",2030 청년 직장인 및 취준생 1인가구,#다중역세권 #집객시설밀집 #몰세권 #의료허브 #대학가 #환승요충지 #주차난,#가성비선호 #2030청년가구 #야간소비,,"배달 전문점, 코인빨래방, 무인 프린트/카페, 1인 피트니스, 가성비 주점","대형 가족형 식당, 대형 키즈카페","[데이터] 식자재마트·정육·반찬가게 / 생활용품·무인점포·세탁  [현장키워드] 배달 전문점, 코인빨래방, 무인 프린트/카페, 1인 피트니스, 가성비 주점","식료품(×0.32), 생활용품(×0.37)",의료비(×3.43),청년 1인가구의 실속형 소비와 배달·포장 수요가 지배적인 역동적 소형 상권,기대수준,성장하는 강세상권,③ 확장형,,,1.4544203960387572,10652359357.406624,0.2209958801333426,"[청년1인·원룸형] 인구·인프라로 본 기대소비 대비 실제 ×1.45 (분기 약 107억 원 웃돎, 추세 개선). 유사 원형 동 대비 식료품(×0.32), 생활용품(×0.37) 비중이 낮아 해당 업종 공급 여지. 의료비(×3.43)은 이미 강세라 신규 진입 시 차별화 필요. 이미 강하고 더 커지는 중 — 핵심가 대신 2선 입지·배후 골목 공략.",,24990.4025,1572.6666666666667,0.0809038986838837,0.6004966476285076,0.7281000295945546,0.4646655815329979,177165248.0,0.3042452830188679,2.0,368.0,126.94157317998902,37.564072647477865
서대문구,11410615,연희동,알뜰안정형,3,-,1인청년·원룸배달형,가족·아파트단지형,"지하철역 접근 용이, 버스 환승망 발달","2030 청년 1인가구 밀집으로 배달음식, 간편식, 코인세탁 등 편의수요 최상","원룸촌 특유의 주차난, 잦은 이사로 인한 단골 고객 유지 어려움",2030 청년 직장인 및 취준생 1인가구,#역세권공백 #집객시설밀집 #대학가 #환승요충지 #주차난,#2030청년가구,#소비위축추세 #경쟁과열가능,"배달 전문점, 코인빨래방, 무인 프린트/카페, 1인 피트니스, 가성비 주점","대형 가족형 식당, 대형 키즈카페","[데이터] 학원·스터디카페·키즈교육 / 식자재마트·정육·반찬가게  [현장키워드] 배달 전문점, 코인빨래방, 무인 프린트/카페, 1인 피트니스, 가성비 주점","교육(×0.12), 식료품(×0.13)",의료비(×5.23),청년 1인가구의 실속형 소비와 배달·포장 수요가 지배적인 역동적 소형 상권,초과달성,식어가는 강세상권,⑤ 경고(둔화),,,5.666403336759443,44723146908.25768,-0.069041373202941,"[가족·아파트단지형] 인구·인프라로 본 기대소비 대비 실제 ×5.67 (분기 약 447억 원 웃돎, 추세 악화). 유사 원형 동 대비 교육(×0.12), 식료품(×0.13) 비중이 낮아 해당 업종 공급 여지. 의료비(×5.23)은 이미 강세라 신규 진입 시 차별화 필요. 강세였으나 식는 중 — 신규 진입 보수적, 업종 전환 수요 관찰. ※ 배율 극단(×5↑): 대형점·본사 매출 주소 집계 가능성, 현장 확인 필요","배율 극단(×5↑): 대형점·본사 매출 주소 집계 가능성, 현장 확인 필요",34757.79583333333,13016.666666666666,0.2730103190606096,0.3771794567666943,0.4276348234748049,0.2743384294044269,207240534.0,0.7476415094339622,0.0,201.0,126.9327939053264,37.572230995998346
서대문구,11410620,홍제1동,알뜰안정형,3,-,서민베드타운·생활근린형,근린주거형,마을버스 및 시내버스 연계망 중심,"오랜 정주기간을 가진 지역 토착민 단골 형성 용이, 가성비 상품 반응 우수","노후 주택가 골목길 주차 불편, 주민 평균 연령 상승에 따른 소비 단가 한계",지역 토착 다인가구 및 어르신/시니어층,#역세권 #주차난,#고령층,#노후상권,"가성비 식료품/정육점, 내과/정형외과/약국, 생활밀착 철물/잡화, 국밥/백반집","초고가 프리미엄 사치재, 유행성 팝업스토어","[데이터] 의류·잡화 편집숍 / 학원·스터디카페·키즈교육  [현장키워드] 가성비 식료품/정육점, 내과/정형외과/약국, 생활밀착 철물/잡화, 국밥/백반집","의류·신발(×0.61), 교육(×0.68)","의료비(×2.04), 유흥(×1.56)",지역 주민들의 생필품과 가성비 외식을 책임지는 탄탄한 골목형 생활 상권,기대수준,떠오르는 잠재상권,① 선점형 기회,72.3,29.0,0.7051100248398467,-1520631612.4248347,0.0669701713591137,"[근린주거형] 인구·인프라로 본 기대소비 대비 실제 ×0.71 (분기 약 15억 원 밑돎, 추세 개선). 유사 원형 동 대비 의류·신발(×0.61), 교육(×0.68) 비중이 낮아 해당 업종 공급 여지. 의료비(×2.04), 유흥(×1.56)은 이미 강세라 신규 진입 시 차별화 필요. 기대보다 덜 쓰지만 격차가 줄어드는 중 — 임대료 오르기 전 진입 적기.",,21059.974166666667,2691.083333333333,0.0734294041450777,0.2714944948186528,0.3069497164815596,0.1540151834668916,217602474.0,0.6745283018867925,1.0,135.0,126.94432054000058,37.58340031222398
서대문구,11410640,홍제3동,생활압박형,1,-,서민베드타운·생활근린형,근린주거형,마을버스 및 시내버스 연계망 중심,"오랜 정주기간을 가진 지역 토착민 단골 형성 용이, 가성비 상품 반응 우수","노후 주택가 골목길 주차 불편, 주민 평균 연령 상승에 따른 소비 단가 한계",지역 토착 다인가구 및 어르신/시니어층,#역세권 #주차난,#가성비선호 #야간소비 #고령층,#노후상권,"가성비 식료품/정육점, 내과/정형외과/약국, 생활밀착 철물/잡화, 국밥/백반집","초고가 프리미엄 사치재, 유행성 팝업스토어","[데이터] 주점·이자카야·노래방 / 피트니스·필라테스·키즈카페·공방  [현장키워드] 가성비 식료품/정육점, 내과/정형외과/약국, 생활밀착 철물/잡화, 국밥/백반집","유흥(×0.59), 여가·문화(×0.67)",의료비(×1.58),지역 주민들의 생필품과 가성비 외식을 책임지는 탄탄한 골목형 생활 상권,기대수준,안정(초과),④ 검증·포화형,,,1.1640412148538295,606992310.6227851,0.0185852816014347,"[근린주거형] 인구·인프라로 본 기대소비 대비 실제 ×1.16 (분기 약 6억 원 웃돎, 추세 보합). 유사 원형 동 대비 유흥(×0.59), 여가·문화(×0.67) 비중이 낮아 해당 업종 공급 여지. 의료비(×1.58)은 이미 강세라 신규 진입 시 차별화 필요. 수요는 검증됐지만 경쟁 치열 — 차별화 콘셉트 없으면 비추천.",,16109.840000000002,721.0833333333334,0.0464760826493065,0.2631191621851118,0.2947087649649525,0.1691067551640717,167360192.0,0.5094339622641509,1.0,129.0,126.95173035658188,37.59239548091941
서대문구,11410655,홍제2동,알뜰안정형,3,-,서민베드타운·생활근린형,근린주거형,마을버스 및 시내버스 연계망 중심,"오랜 정주기간을 가진 지역 토착민 단골 형성 용이, 가성비 상품 반응 우수","노후 주택가 골목길 주차 불편, 주민 평균 연령 상승에 따른 소비 단가 한계",지역 토착 다인가구 및 어르신/시니어층,#역세권공백 #주차난,#야간소비 #주말나들이 #고령층,#노후상권 #소비위축추세,"가성비 식료품/정육점, 내과/정형외과/약국, 생활밀착 철물/잡화, 국밥/백반집","초고가 프리미엄 사치재, 유행성 팝업스토어","[데이터] 생활용품·무인점포·세탁 / 주점·이자카야·노래방  [현장키워드] 가성비 식료품/정육점, 내과/정형외과/약국, 생활밀착 철물/잡화, 국밥/백반집","생활용품(×0.30), 유흥(×0.51)","의류·신발(×3.69), 교육(×1.59)",지역 주민들의 생필품과 가성비 외식을 책임지는 탄탄한 골목형 생활 상권,기대수준,위축되는 약세상권,⑥ 주의(위축),,,0.882512395941472,-222403584.34339145,-0.1131669192710675,"[근린주거형] 인구·인프라로 본 기대소비 대비 실제 ×0.88 (분기 약 2억 원 밑돎, 추세 악화). 유사 원형 동 대비 생활용품(×0.30), 유흥(×0.51) 비중이 낮아 해당 업종 공급 여지. 의류·신발(×3.69), 교육(×1.59)은 이미 강세라 신규 진입 시 차별화 필요. 기대보다 약하고 더 약해지는 중 — 원인(재건축·공동화) 확인 전 진입 보류.",,12190.71,326.3333333333333,0.0253298953435461,0.2601243743364174,0.3017234201981517,0.1512047289984181,314983342.0,0.5471698113207547,0.0,56.0,126.95251672697694,37.584385976342816
서대문구,11410660,홍은1동,알뜰안정형,3,-,서민베드타운·생활근린형,근린주거형,마을버스 및 시내버스 연계망 중심,"오랜 정주기간을 가진 지역 토착민 단골 형성 용이, 가성비 상품 반응 우수","노후 주택가 골목길 주차 불편, 주민 평균 연령 상승에 따른 소비 단가 한계",지역 토착 다인가구 및 어르신/시니어층,#역세권공백 #주차난,#주말나들이 #고령층,#노후상권 #소비유출,"가성비 식료품/정육점, 내과/정형외과/약국, 생활밀착 철물/잡화, 국밥/백반집","초고가 프리미엄 사치재, 유행성 팝업스토어","[데이터] 주점·이자카야·노래방  [현장키워드] 가성비 식료품/정육점, 내과/정형외과/약국, 생활밀착 철물/잡화, 국밥/백반집",유흥(×0.43),"생활용품(×3.89), 교육(×1.93)",지역 주민들의 생필품과 가성비 외식을 책임지는 탄탄한 골목형 생활 상권,저평가,안정(저평가),② 유출보완형 기회,65.7,62.0,0.5278635183623009,-1232319535.8024025,0.002537391979108,"[근린주거형] 인구·인프라로 본 기대소비 대비 실제 ×0.53 (분기 약 12억 원 밑돎, 추세 보합). 유사 원형 동 대비 유흥(×0.43) 비중이 낮아 해당 업종 공급 여지. 생활용품(×3.89), 교육(×1.93)은 이미 강세라 신규 진입 시 차별화 필요. 수요 대비 소비가 꾸준히 밖으로 샘 — 빠진 필수업종을 채우는 근린형 진입.",,19781.916666666668,2911.9166666666665,0.1401751060565033,0.2535427385143063,0.2926977996849433,0.1531068651862391,233400398.0,0.4481132075471698,0.0,86.0,126.9468896728921,37.60054737302956
서대문구,11410685,홍은2동,생활압박형,1,-,서민베드타운·생활근린형,학원가·에듀형,마을버스 및 시내버스 연계망 중심,"오랜 정주기간을 가진 지역 토착민 단골 형성 용이, 가성비 상품 반응 우수","노후 주택가 골목길 주차 불편, 주민 평균 연령 상승에 따른 소비 단가 한계",지역 토착 다인가구 및 어르신/시니어층,#역세권공백 #의료허브 #대학가 #주차난,#가성비선호 #고령층,#노후상권,"가성비 식료품/정육점, 내과/정형외과/약국, 생활밀착 철물/잡화, 국밥/백반집","초고가 프리미엄 사치재, 유행성 팝업스토어","[데이터] 의류·잡화 편집숍  [현장키워드] 가성비 식료품/정육점, 내과/정형외과/약국, 생활밀착 철물/잡화, 국밥/백반집",의류·신발(×0.61),"유흥(×2.40), 음식(×1.37)",지역 주민들의 생필품과 가성비 외식을 책임지는 탄탄한 골목형 생활 상권,기대수준,안정(저평가),② 유출보완형 기회,53.7,119.0,0.8108193360228321,-857714513.3878498,-0.0283922017319091,"[학원가·에듀형] 인구·인프라로 본 기대소비 대비 실제 ×0.81 (분기 약 9억 원 밑돎, 추세 보합). 유사 원형 동 대비 의류·신발(×0.61) 비중이 낮아 해당 업종 공급 여지. 유흥(×2.40), 음식(×1.37)은 이미 강세라 신규 진입 시 차별화 필요. 수요 대비 소비가 꾸준히 밖으로 샘 — 빠진 필수업종을 채우는 근린형 진입.",,24942.066666666666,1664.5833333333333,0.0627960007016313,0.2847921417295211,0.3310784081019068,0.1685493314344489,154661428.0,0.9009433962264152,0.0,161.0,126.93213511532542,37.587169095847806
서대문구,11410690,남가좌1동,알뜰안정형,3,-,중산층·아파트대단지형,근린주거형,주요 간선도로 및 지하철 연계 버스망 우수,"안정된 소득의 아파트 거주 가족 배후, 유흥가 없는 쾌적하고 안전한 생활환경","단지 내 상가 외 상권 확장 한계, 백화점/대형몰로의 원정 소비 발생",3040 맞벌이 부부 및 초중등 자녀 가족,#역세권 #몰세권,#야간소비 #주말나들이 #3040맞벌이,,"단과 학원, 베이커리, 소아과/이비인후과/치과, 반찬가게, 피트니스","유흥업소, 저가 무인매장","[데이터] 음식점·카페·배달전문점  [현장키워드] 단과 학원, 베이커리, 소아과/이비인후과/치과, 반찬가게, 피트니스",음식(×0.66),의료비(×2.61),가족 단위 주민들의 교육·의료·생필품 소비가 안정적으로 고정 매출을 보장하는 상권,기대수준,안정(초과),④ 검증·포화형,,,1.2890079998985329,710974401.3499393,-0.0211353633407199,"[근린주거형] 인구·인프라로 본 기대소비 대비 실제 ×1.29 (분기 약 7억 원 웃돎, 추세 보합). 유사 원형 동 대비 음식(×0.66) 비중이 낮아 해당 업종 공급 여지. 의료비(×2.61)은 이미 강세라 신규 진입 시 차별화 필요. 수요는 검증됐지만 경쟁 치열 — 차별화 콘셉트 없으면 비추천.",,8677.240833333333,1058.9166666666667,0.0785675788969399,0.2271992334870351,0.236635843240863,0.1087239101717305,679160100.0,0.2169811320754717,1.0,94.0,126.9162786769141,37.5718149913034
서대문구,11410700,남가좌2동,알뜰안정형,3,-,1인청년·원룸배달형,근린주거형,"지하철역 접근 용이, 버스 환승망 발달","2030 청년 1인가구 밀집으로 배달음식, 간편식, 코인세탁 등 편의수요 최상","원룸촌 특유의 주차난, 잦은 이사로 인한 단골 고객 유지 어려움",2030 청년 직장인 및 취준생 1인가구,#역세권공백 #환승요충지 #주차난,,,"배달 전문점, 코인빨래방, 무인 프린트/카페, 1인 피트니스, 가성비 주점","대형 가족형 식당, 대형 키즈카페","[데이터] 생활용품·무인점포·세탁  [현장키워드] 배달 전문점, 코인빨래방, 무인 프린트/카페, 1인 피트니스, 가성비 주점",생활용품(×0.67),교육(×1.83),청년 1인가구의 실속형 소비와 배달·포장 수요가 지배적인 역동적 소형 상권,기대수준,성장하는 강세상권,③ 확장형,,,1.0241931775988902,127877881.65488625,0.057896886564487,"[근린주거형] 인구·인프라로 본 기대소비 대비 실제 ×1.02 (분기 약 1억 원 웃돎, 추세 개선). 유사 원형 동 대비 생활용품(×0.67) 비중이 낮아 해당 업종 공급 여지. 교육(×1.83)은 이미 강세라 신규 진입 시 차별화 필요. 이미 강하고 더 커지는 중 — 핵심가 대신 2선 입지·배후 골목 공략.",,25267.4175,963.0833333333334,0.0361723343534023,0.2807138190695595,0.3644257593021885,0.1996031590114337,227969844.0,0.4976415094339622,0.0,117.0,126.92134352287884,37.577927216905486
서대문구,11410710,북가좌1동,알뜰안정형,3,-,서민베드타운·생활근린형,근린주거형,마을버스 및 시내버스 연계망 중심,"오랜 정주기간을 가진 지역 토착민 단골 형성 용이, 가성비 상품 반응 우수","노후 주택가 골목길 주차 불편, 주민 평균 연령 상승에 따른 소비 단가 한계",지역 토착 다인가구 및 어르신/시니어층,#역세권공백 #주차난,#고령층,#노후상권,"가성비 식료품/정육점, 내과/정형외과/약국, 생활밀착 철물/잡화, 국밥/백반집","초고가 프리미엄 사치재, 유행성 팝업스토어","[데이터] 주점·이자카야·노래방 / 음식점·카페·배달전문점  [현장키워드] 가성비 식료품/정육점, 내과/정형외과/약국, 생활밀착 철물/잡화, 국밥/백반집","유흥(×0.19), 음식(×0.42)","교육(×3.11), 의료비(×2.37)",지역 주민들의 생필품과 가성비 외식을 책임지는 탄탄한 골목형 생활 상권,기대수준,안정(저평가),② 유출보완형 기회,41.2,172.0,0.9848917199987746,-31483274.81000209,0.0123479628218131,"[근린주거형] 인구·인프라로 본 기대소비 대비 실제 ×0.98 (분기 약 0억 원 밑돎, 추세 보합). 유사 원형 동 대비 유흥(×0.19), 음식(×0.42) 비중이 낮아 해당 업종 공급 여지. 교육(×3.11), 의료비(×2.37)은 이미 강세라 신규 진입 시 차별화 필요. 수요 대비 소비가 꾸준히 밖으로 샘 — 빠진 필수업종을 채우는 근린형 진입.",,13525.594166666668,418.9166666666667,0.0305756419746057,0.226555827592097,0.3012304086714515,0.1045979200234363,410754253.0,0.6061320754716981,0.0,60.0,126.90810135396327,37.57541288721553
서대문구,11410720,북가좌2동,생활압박형,1,-,서민베드타운·생활근린형,가족·아파트단지형,마을버스 및 시내버스 연계망 중심,"오랜 정주기간을 가진 지역 토착민 단골 형성 용이, 가성비 상품 반응 우수","노후 주택가 골목길 주차 불편, 주민 평균 연령 상승에 따른 소비 단가 한계",지역 토착 다인가구 및 어르신/시니어층,#역세권공백 #주차난,#가성비선호 #가족세대 #야간소비 #주말나들이 #고령층,#노후상권,"가성비 식료품/정육점, 내과/정형외과/약국, 생활밀착 철물/잡화, 국밥/백반집","초고가 프리미엄 사치재, 유행성 팝업스토어","[데이터] 의류·잡화 편집숍  [현장키워드] 가성비 식료품/정육점, 내과/정형외과/약국, 생활밀착 철물/잡화, 국밥/백반집",의류·신발(×0.51),"교육(×2.49), 생활용품(×2.07)",지역 주민들의 생필품과 가성비 외식을 책임지는 탄탄한 골목형 생활 상권,기대수준,안정(저평가),② 유출보완형 기회,57.1,107.0,0.7866079222269488,-1047108639.1346668,-0.0170553139330151,"[가족·아파트단지형] 인구·인프라로 본 기대소비 대비 실제 ×0.79 (분기 약 10억 원 밑돎, 추세 보합). 유사 원형 동 대비 의류·신발(×0.51) 비중이 낮아 해당 업종 공급 여지. 교육(×2.49), 생활용품(×2.07)은 이미 강세라 신규 진입 시 차별화 필요. 수요 대비 소비가 꾸준히 밖으로 샘 — 빠진 필수업종을 채우는 근린형 진입.",,29756.28083333333,1237.75,0.0349167019854595,0.2736282724219998,0.3180951732589012,0.1726363265028252,167757926.0,0.9481132075471698,0.0,115.0,126.9133360002854,37.58117419706544
서초구,11650510,서초1동,자산안정형,2,"서초그랑자이, 래미안리더스원, 아크로비스타, 삼풍아파트",법조·업무복합형,오피스·업무형,"2·3호선 교대역, 서초역, 남부터미널역 역세권","대법원·검찰청 법조타운의 전문직 고소득 배후, 강남역 인접, 재건축 고급 아파트 대거 입주","주말 법조타운 일대 상권 위축, 경부고속도로 변 소음, 도로변 혼잡","변호사/법조계 종사자, 예술의전당 방문객, 3040 전문직 직장인",#다중역세권 #집객시설밀집 #대학가,#직장인밀집 #신축입주,#교통정체 #주말공동화 #소비유출,"고급 한정식/일식, 법조인 미팅용 조용한 카페, 교대역 직장인 주점, 세무/법무 연계 오피스","10대 저가 문구/간식점, 저가 뷔페","[데이터] 피트니스·필라테스·키즈카페·공방  [현장키워드] 고급 한정식/일식, 법조인 미팅용 조용한 카페, 교대역 직장인 주점, 세무/법무 연계 오피스",여가·문화(×0.59),"교육(×6.68), 의료비(×3.12)",법원/검찰청의 고소득 직장인과 서초 신축 대단지가 떠받치는 견고한 평일·주말 복합 상권,저평가,안정(저평가),② 유출보완형 기회,89.9,2.0,0.4323651637926111,-13799057480.557695,0.0499611078597217,"[오피스·업무형] 인구·인프라로 본 기대소비 대비 실제 ×0.43 (분기 약 138억 원 밑돎, 추세 보합). 유사 원형 동 대비 여가·문화(×0.59) 비중이 낮아 해당 업종 공급 여지. 교육(×6.68), 의료비(×3.12)은 이미 강세라 신규 진입 시 차별화 필요. 수요 대비 소비가 꾸준히 밖으로 샘 — 빠진 필수업종을 채우는 근린형 진입.",,19019.29333333333,44491.66666666666,2.36459263669743,0.2943832489828322,0.3387397370674457,0.1806835239006699,517775264.0,0.5966981132075472,2.0,194.0,127.02010383171128,37.48693257364956
서초구,11650520,서초2동,자산안정형,2,"서초그랑자이, 래미안리더스원, 아크로비스타, 삼풍아파트",법조·업무복합형,오피스·업무형,"2·3호선 교대역, 서초역, 남부터미널역 역세권","대법원·검찰청 법조타운의 전문직 고소득 배후, 강남역 인접, 재건축 고급 아파트 대거 입주","주말 법조타운 일대 상권 위축, 경부고속도로 변 소음, 도로변 혼잡","변호사/법조계 종사자, 예술의전당 방문객, 3040 전문직 직장인",#다중역세권 #집객시설밀집,#2030청년가구 #직장인밀집 #신축입주,#교통정체 #주말공동화 #경쟁과열가능,"고급 한정식/일식, 법조인 미팅용 조용한 카페, 교대역 직장인 주점, 세무/법무 연계 오피스","10대 저가 문구/간식점, 저가 뷔페","[데이터] 의류·잡화 편집숍 / 피트니스·필라테스·키즈카페·공방  [현장키워드] 고급 한정식/일식, 법조인 미팅용 조용한 카페, 교대역 직장인 주점, 세무/법무 연계 오피스","의류·신발(×0.10), 여가·문화(×0.50)","생활용품(×9.46), 교육(×4.82)",법원/검찰청의 고소득 직장인과 서초 신축 대단지가 떠받치는 견고한 평일·주말 복합 상권,초과달성,안정(초과),④ 검증·포화형,,,2.231030295948586,98289683454.47914,-0.0110311749478993,"[오피스·업무형] 인구·인프라로 본 기대소비 대비 실제 ×2.23 (분기 약 983억 원 웃돎, 추세 보합). 유사 원형 동 대비 의류·신발(×0.10), 여가·문화(×0.50) 비중이 낮아 해당 업종 공급 여지. 생활용품(×9.46), 교육(×4.82)은 이미 강세라 신규 진입 시 차별화 필요. 수요는 검증됐지만 경쟁 치열 — 차별화 콘셉트 없으면 비추천.",,20048.4375,58251.833333333336,2.6887075823997404,0.3318314661471018,0.3466480320995446,0.2120201974662999,728752470.0,0.0683962264150943,2.0,217.0,127.0279063626298,37.48883211510916
서초구,11650530,서초3동,자산안정형,2,"서초그랑자이, 래미안리더스원, 아크로비스타, 삼풍아파트",법조·업무복합형,가족·아파트단지형,"2·3호선 교대역, 서초역, 남부터미널역 역세권","대법원·검찰청 법조타운의 전문직 고소득 배후, 강남역 인접, 재건축 고급 아파트 대거 입주","주말 법조타운 일대 상권 위축, 경부고속도로 변 소음, 도로변 혼잡","변호사/법조계 종사자, 예술의전당 방문객, 3040 전문직 직장인",#다중역세권 #집객시설밀집,#2030청년가구 #직장인밀집 #신축입주,#교통정체 #주말공동화 #경쟁과열가능,"고급 한정식/일식, 법조인 미팅용 조용한 카페, 교대역 직장인 주점, 세무/법무 연계 오피스","10대 저가 문구/간식점, 저가 뷔페","[데이터] 학원·스터디카페·키즈교육 / 의원(내과·소아과·치과)·약국  [현장키워드] 고급 한정식/일식, 법조인 미팅용 조용한 카페, 교대역 직장인 주점, 세무/법무 연계 오피스","교육(×0.08), 의료비(×0.12)","여가·문화(×15.25), 생활용품(×2.23)",법원/검찰청의 고소득 직장인과 서초 신축 대단지가 떠받치는 견고한 평일·주말 복합 상권,초과달성,성장하는 강세상권,③ 확장형,,,2.795517639504433,129535836170.0138,0.0661897350680261,"[가족·아파트단지형] 인구·인프라로 본 기대소비 대비 실제 ×2.80 (분기 약 1,295억 원 웃돎, 추세 개선). 유사 원형 동 대비 교육(×0.08), 의료비(×0.12) 비중이 낮아 해당 업종 공급 여지. 여가·문화(×15.25), 생활용품(×2.23)은 이미 강세라 신규 진입 시 차별화 필요. 이미 강하고 더 커지는 중 — 핵심가 대신 2선 입지·배후 골목 공략.",,29111.33333333333,55026.333333333336,1.627393132885569,0.3305504990270542,0.3181100372686501,0.1625026846061524,592793964.0,0.7240566037735849,2.0,332.0,127.0094524672592,37.4855193230316
서초구,11650531,서초4동,자산안정형,2,"서초그랑자이, 래미안리더스원, 아크로비스타, 삼풍아파트",법조·업무복합형,고자산·아파트형,"2·3호선 교대역, 서초역, 남부터미널역 역세권","대법원·검찰청 법조타운의 전문직 고소득 배후, 강남역 인접, 재건축 고급 아파트 대거 입주","주말 법조타운 일대 상권 위축, 경부고속도로 변 소음, 도로변 혼잡","변호사/법조계 종사자, 예술의전당 방문객, 3040 전문직 직장인",#역세권공백 #집객시설밀집,#초고자산 #직장인밀집 #신축입주,#교통정체 #주말공동화,"고급 한정식/일식, 법조인 미팅용 조용한 카페, 교대역 직장인 주점, 세무/법무 연계 오피스","10대 저가 문구/간식점, 저가 뷔페","[데이터] 식자재마트·정육·반찬가게 / 생활용품·무인점포·세탁  [현장키워드] 고급 한정식/일식, 법조인 미팅용 조용한 카페, 교대역 직장인 주점, 세무/법무 연계 오피스","식료품(×0.20), 생활용품(×0.50)","유흥(×4.96), 의료비(×2.79)",법원/검찰청의 고소득 직장인과 서초 신축 대단지가 떠받치는 견고한 평일·주말 복합 상권,기대수준,안정(저평가),② 유출보완형 기회,70.4,42.0,0.8906738670209169,-4317368300.942093,0.034337497586958,"[고자산·아파트형] 인구·인프라로 본 기대소비 대비 실제 ×0.89 (분기 약 43억 원 밑돎, 추세 보합). 유사 원형 동 대비 식료품(×0.20), 생활용품(×0.50) 비중이 낮아 해당 업종 공급 여지. 유흥(×4.96), 의료비(×2.79)은 이미 강세라 신규 진입 시 차별화 필요. 수요 대비 소비가 꾸준히 밖으로 샘 — 빠진 필수업종을 채우는 근린형 진입.",,23008.8125,37940.0,1.3304712526006406,0.2150523430533998,0.2488986784140969,0.0680743188122042,1515744780.0,0.1721698113207547,0.0,257.0,127.019813022298,37.498943048639326
서초구,11650540,잠원동,자산안정형,2,"아크로리버파크, 래미안원베일리, 메이플자이, 반포자이, 반포래미안퍼스티지",한강변·초고자산몰세권,고자산·아파트형,"3·7·9호선 고속터미널역 트리플 역세권, 올림픽대로·경부고속도로 직결","신세계백화점 강남점·센트럴시티의 완벽한 쇼핑인프라, 전국 최고가 한강뷰 아파트 밀집, 반포삼호가든 사거리 학원가","고속터미널 일대 365일 극심한 교통정체, 주말 쇼핑객과 주민 동선 혼재, 높은 상가 임대료","최고소득층 패밀리, 전문직/금융계 종사자, 명문고 재학생 가구",#다중역세권 #한강변 #몰세권,#초고자산 #학원가·학군,#교통정체 #고임대료,"고급 브런치카페, 하이엔드 웰니스/필라테스, 프리미엄 입시학원, 와인 전문샵","초저가 무인점포, 서민형 포차/유흥업소","[데이터] 식자재마트·정육·반찬가게 / 피트니스·필라테스·키즈카페·공방  [현장키워드] 고급 브런치카페, 하이엔드 웰니스/필라테스, 프리미엄 입시학원, 와인 전문샵","식료품(×0.30), 여가·문화(×0.68)","유흥(×5.51), 의료비(×2.38)",신세계 강남점과 한강 프리미엄을 등에 업은 전국 최고 구매력의 럭셔리 복합 상권,기대수준,떠오르는 잠재상권,① 선점형 기회,71.3,36.0,0.8945529927826812,-1106883725.3012085,0.0675810489246875,"[고자산·아파트형] 인구·인프라로 본 기대소비 대비 실제 ×0.89 (분기 약 11억 원 밑돎, 추세 개선). 유사 원형 동 대비 식료품(×0.30), 여가·문화(×0.68) 비중이 낮아 해당 업종 공급 여지. 유흥(×5.51), 의료비(×2.38)은 이미 강세라 신규 진입 시 차별화 필요. 기대보다 덜 쓰지만 격차가 줄어드는 중 — 임대료 오르기 전 진입 적기.",,26103.98166666667,13630.25,0.5555970149253732,0.2471268656716418,0.2628335409427653,0.1326834065429751,1005807544.0,0.3584905660377358,2.0,135.0,127.01273679325406,37.51708125203908
서초구,11650550,반포본동,자산안정형,2,"아크로리버파크, 래미안원베일리, 메이플자이, 반포자이, 반포래미안퍼스티지",한강변·초고자산몰세권,학원가·에듀형,"3·7·9호선 고속터미널역 트리플 역세권, 올림픽대로·경부고속도로 직결","신세계백화점 강남점·센트럴시티의 완벽한 쇼핑인프라, 전국 최고가 한강뷰 아파트 밀집, 반포삼호가든 사거리 학원가","고속터미널 일대 365일 극심한 교통정체, 주말 쇼핑객과 주민 동선 혼재, 높은 상가 임대료","최고소득층 패밀리, 전문직/금융계 종사자, 명문고 재학생 가구",#역세권 #한강변 #몰세권,#초고자산 #직장인밀집 #가족세대 #학원가·학군,#교통정체 #고임대료 #주말공동화 #소비유출,"고급 브런치카페, 하이엔드 웰니스/필라테스, 프리미엄 입시학원, 와인 전문샵","초저가 무인점포, 서민형 포차/유흥업소","[데이터] 식자재마트·정육·반찬가게 / 생활용품·무인점포·세탁  [현장키워드] 고급 브런치카페, 하이엔드 웰니스/필라테스, 프리미엄 입시학원, 와인 전문샵","식료품(×0.28), 생활용품(×0.37)","의류·신발(×4.56), 교육(×2.22)",신세계 강남점과 한강 프리미엄을 등에 업은 전국 최고 구매력의 럭셔리 복합 상권,저평가,안정(저평가),② 유출보완형 기회,,,0.2179862456944133,-1857694117.886793,0.0122786897977322,"[학원가·에듀형] 인구·인프라로 본 기대소비 대비 실제 ×0.22 (분기 약 19억 원 밑돎, 추세 보합). 유사 원형 동 대비 식료품(×0.28), 생활용품(×0.37) 비중이 낮아 해당 업종 공급 여지. 의류·신발(×4.56), 교육(×2.22)은 이미 강세라 신규 진입 시 차별화 필요. 수요 대비 소비가 꾸준히 밖으로 샘 — 빠진 필수업종을 채우는 근린형 진입. ※ 배율 극단(×0.25↓): 인접 거대상권 흡수·재건축 이주 가능성, 인접 동과 묶어 해석","배율 극단(×0.25↓): 인접 거대상권 흡수·재건축 이주 가능성, 인접 동과 묶어 해석",6712.232499999999,7130.416666666667,48.46153846153846,0.2307692307692307,0.2099421965317919,0.0731722543352601,2672553922.0,1.0,1.0,33.0,126.98755944235896,37.50421493946561
서초구,11650560,반포1동,자산안정형,2,"아크로리버파크, 래미안원베일리, 메이플자이, 반포자이, 반포래미안퍼스티지",한강변·초고자산몰세권,고자산·아파트형,"3·7·9호선 고속터미널역 트리플 역세권, 올림픽대로·경부고속도로 직결","신세계백화점 강남점·센트럴시티의 완벽한 쇼핑인프라, 전국 최고가 한강뷰 아파트 밀집, 반포삼호가든 사거리 학원가","고속터미널 일대 365일 극심한 교통정체, 주말 쇼핑객과 주민 동선 혼재, 높은 상가 임대료","최고소득층 패밀리, 전문직/금융계 종사자, 명문고 재학생 가구",#역세권 #한강변 #몰세권,#초고자산 #학원가·학군,#교통정체 #고임대료,"고급 브런치카페, 하이엔드 웰니스/필라테스, 프리미엄 입시학원, 와인 전문샵","초저가 무인점포, 서민형 포차/유흥업소","[데이터] 의류·잡화 편집숍 / 식자재마트·정육·반찬가게  [현장키워드] 고급 브런치카페, 하이엔드 웰니스/필라테스, 프리미엄 입시학원, 와인 전문샵","의류·신발(×0.27), 식료품(×0.52)","의료비(×2.26), 유흥(×1.69)",신세계 강남점과 한강 프리미엄을 등에 업은 전국 최고 구매력의 럭셔리 복합 상권,기대수준,떠오르는 잠재상권,① 선점형 기회,70.0,44.0,0.9472830394595524,-482919348.59004784,0.070799101185968,"[고자산·아파트형] 인구·인프라로 본 기대소비 대비 실제 ×0.95 (분기 약 5억 원 밑돎, 추세 개선). 유사 원형 동 대비 의류·신발(×0.27), 식료품(×0.52) 비중이 낮아 해당 업종 공급 여지. 의료비(×2.26), 유흥(×1.69)은 이미 강세라 신규 진입 시 차별화 필요. 기대보다 덜 쓰지만 격차가 줄어드는 중 — 임대료 오르기 전 진입 적기.",,28125.7775,7964.916666666667,0.2521636040308239,0.2661529342027267,0.3114869390488948,0.1786292699263228,783794215.0,0.4693396226415094,1.0,140.0,127.01676111796128,37.50552987327867
서초구,11650570,반포2동,자산안정형,2,"아크로리버파크, 래미안원베일리, 메이플자이, 반포자이, 반포래미안퍼스티지",한강변·초고자산몰세권,학원가·에듀형,"3·7·9호선 고속터미널역 트리플 역세권, 올림픽대로·경부고속도로 직결","신세계백화점 강남점·센트럴시티의 완벽한 쇼핑인프라, 전국 최고가 한강뷰 아파트 밀집, 반포삼호가든 사거리 학원가","고속터미널 일대 365일 극심한 교통정체, 주말 쇼핑객과 주민 동선 혼재, 높은 상가 임대료","최고소득층 패밀리, 전문직/금융계 종사자, 명문고 재학생 가구",#역세권 #한강변 #몰세권,#초고자산 #학원가·학군,#교통정체 #고임대료 #소비유출,"고급 브런치카페, 하이엔드 웰니스/필라테스, 프리미엄 입시학원, 와인 전문샵","초저가 무인점포, 서민형 포차/유흥업소","[데이터] 의류·잡화 편집숍 / 피트니스·필라테스·키즈카페·공방  [현장키워드] 고급 브런치카페, 하이엔드 웰니스/필라테스, 프리미엄 입시학원, 와인 전문샵","의류·신발(×0.32), 여가·문화(×0.69)",음식(×1.93),신세계 강남점과 한강 프리미엄을 등에 업은 전국 최고 구매력의 럭셔리 복합 상권,저평가,안정(저평가),② 유출보완형 기회,63.3,79.0,0.6281716893419118,-1161218564.2646472,-0.0049217622532273,"[학원가·에듀형] 인구·인프라로 본 기대소비 대비 실제 ×0.63 (분기 약 12억 원 밑돎, 추세 보합). 유사 원형 동 대비 의류·신발(×0.32), 여가·문화(×0.69) 비중이 낮아 해당 업종 공급 여지. 음식(×1.93)은 이미 강세라 신규 진입 시 차별화 필요. 수요 대비 소비가 꾸준히 밖으로 샘 — 빠진 필수업종을 채우는 근린형 진입.",,16143.938333333334,3285.75,0.1722836806448846,0.1875911156847611,0.2101718657399924,0.0641597974247077,2447858537.0,0.0613207547169811,1.0,74.0,126.99596231145485,37.50722488308
서초구,11650580,반포3동,자산안정형,2,"아크로리버파크, 래미안원베일리, 메이플자이, 반포자이, 반포래미안퍼스티지",한강변·초고자산몰세권,학원가·에듀형,"3·7·9호선 고속터미널역 트리플 역세권, 올림픽대로·경부고속도로 직결","신세계백화점 강남점·센트럴시티의 완벽한 쇼핑인프라, 전국 최고가 한강뷰 아파트 밀집, 반포삼호가든 사거리 학원가","고속터미널 일대 365일 극심한 교통정체, 주말 쇼핑객과 주민 동선 혼재, 높은 상가 임대료","최고소득층 패밀리, 전문직/금융계 종사자, 명문고 재학생 가구",#역세권공백 #한강변 #몰세권,#초고자산 #야간소비 #학원가·학군,#교통정체 #고임대료,"고급 브런치카페, 하이엔드 웰니스/필라테스, 프리미엄 입시학원, 와인 전문샵","초저가 무인점포, 서민형 포차/유흥업소","[데이터] 식자재마트·정육·반찬가게  [현장키워드] 고급 브런치카페, 하이엔드 웰니스/필라테스, 프리미엄 입시학원, 와인 전문샵",식료품(×0.32),"의류·신발(×6.99), 생활용품(×3.96)",신세계 강남점과 한강 프리미엄을 등에 업은 전국 최고 구매력의 럭셔리 복합 상권,기대수준,떠오르는 잠재상권,① 선점형 기회,71.6,34.0,0.7468146882355033,-1734588955.517846,0.071895387287518,"[학원가·에듀형] 인구·인프라로 본 기대소비 대비 실제 ×0.75 (분기 약 17억 원 밑돎, 추세 개선). 유사 원형 동 대비 식료품(×0.32) 비중이 낮아 해당 업종 공급 여지. 의류·신발(×6.99), 생활용품(×3.96)은 이미 강세라 신규 진입 시 차별화 필요. 기대보다 덜 쓰지만 격차가 줄어드는 중 — 임대료 오르기 전 진입 적기.",,16617.885,2856.1666666666665,0.1266360843398846,0.2152687176465637,0.2688477951635846,0.079397818871503,1852605615.0,0.115566037735849,0.0,109.0,127.00398140914186,37.51232457119947
서초구,11650581,반포4동,자산안정형,2,"아크로리버파크, 래미안원베일리, 메이플자이, 반포자이, 반포래미안퍼스티지",한강변·초고자산몰세권,오피스·업무형,"3·7·9호선 고속터미널역 트리플 역세권, 올림픽대로·경부고속도로 직결","신세계백화점 강남점·센트럴시티의 완벽한 쇼핑인프라, 전국 최고가 한강뷰 아파트 밀집, 반포삼호가든 사거리 학원가","고속터미널 일대 365일 극심한 교통정체, 주말 쇼핑객과 주민 동선 혼재, 높은 상가 임대료","최고소득층 패밀리, 전문직/금융계 종사자, 명문고 재학생 가구",#다중역세권 #의료허브 #한강변 #몰세권,#초고자산 #직장인밀집 #가족세대 #학원가·학군,#교통정체 #고임대료 #주말공동화 #경쟁과열가능,"고급 브런치카페, 하이엔드 웰니스/필라테스, 프리미엄 입시학원, 와인 전문샵","초저가 무인점포, 서민형 포차/유흥업소","[데이터] 피트니스·필라테스·키즈카페·공방 / 생활용품·무인점포·세탁  [현장키워드] 고급 브런치카페, 하이엔드 웰니스/필라테스, 프리미엄 입시학원, 와인 전문샵","여가·문화(×0.25), 생활용품(×0.60)","교육(×7.63), 의료비(×4.36)",신세계 강남점과 한강 프리미엄을 등에 업은 전국 최고 구매력의 럭셔리 복합 상권,초과달성,성장하는 강세상권,③ 확장형,,,2.2062954377629893,16339568997.51674,0.058506202905279,"[오피스·업무형] 인구·인프라로 본 기대소비 대비 실제 ×2.21 (분기 약 163억 원 웃돎, 추세 개선). 유사 원형 동 대비 여가·문화(×0.25), 생활용품(×0.60) 비중이 낮아 해당 업종 공급 여지. 교육(×7.63), 의료비(×4.36)은 이미 강세라 신규 진입 시 차별화 필요. 이미 강하고 더 커지는 중 — 핵심가 대신 2선 입지·배후 골목 공략.",,18914.5375,56022.25,2.703366894013208,0.238930388654325,0.2404783438850366,0.0867098784041804,790172163.0,0.8938679245283019,3.0,130.0,127.00335874152437,37.49954833655945
서초구,11650590,방배본동,자산안정형,2,"방배그랑자이, 디에이치방배, 방배롯데캐슬아르떼",신흥재건축·골목감성형,가족·아파트단지형,"2호선 방배역, 4·7호선 이수역, 서리풀터널 개통으로 강남역 직결","서리풀터널로 강남 업무지구 10분대 진입, 대규모 재건축 추진에 따른 부촌화, 방배카페골목 감성","재건축 공사로 인한 공사판 소음 및 먼지, 다세대·단독 구릉지 경사","전통 부유층, 재건축 입주 예정 3040 세대",#역세권공백 #언덕지형 #교통호재,#직장인밀집 #가족세대 #신축입주,#정비사업·공사 #경쟁과열가능,"감성 베이커리/로스터리 카페, 감각적인 비스트로, 필라테스, 수제 디저트",대형 프랜차이즈 저가형 점포,"[데이터] 식자재마트·정육·반찬가게  [현장키워드] 감성 베이커리/로스터리 카페, 감각적인 비스트로, 필라테스, 수제 디저트",식료품(×0.68),"교육(×2.98), 생활용품(×1.55)",서리풀터널 개통과 대단지 하이엔드 재건축으로 부촌 벨트가 급격히 확장 중인 성장 상권,초과달성,성장하는 강세상권,③ 확장형,,,3.2028133343774985,12542625867.054638,0.1266278177061001,"[가족·아파트단지형] 인구·인프라로 본 기대소비 대비 실제 ×3.20 (분기 약 125억 원 웃돎, 추세 개선). 유사 원형 동 대비 식료품(×0.68) 비중이 낮아 해당 업종 공급 여지. 교육(×2.98), 생활용품(×1.55)은 이미 강세라 신규 진입 시 차별화 필요. 이미 강하고 더 커지는 중 — 핵심가 대신 2선 입지·배후 골목 공략.",,16306.970833333333,20273.416666666668,1.0131366109504436,0.2290083819420616,0.2839868083547087,0.0974257969952363,740666457.0,0.7594339622641509,0.0,103.0,126.98773058570704,37.49505172455024
서초구,11650600,방배1동,자산안정형,2,"방배그랑자이, 디에이치방배, 방배롯데캐슬아르떼",신흥재건축·골목감성형,가족·아파트단지형,"2호선 방배역, 4·7호선 이수역, 서리풀터널 개통으로 강남역 직결","서리풀터널로 강남 업무지구 10분대 진입, 대규모 재건축 추진에 따른 부촌화, 방배카페골목 감성","재건축 공사로 인한 공사판 소음 및 먼지, 다세대·단독 구릉지 경사","전통 부유층, 재건축 입주 예정 3040 세대",#역세권 #언덕지형 #교통호재,#직장인밀집 #신축입주,#정비사업·공사 #주말공동화,"감성 베이커리/로스터리 카페, 감각적인 비스트로, 필라테스, 수제 디저트",대형 프랜차이즈 저가형 점포,"[현장키워드] 감성 베이커리/로스터리 카페, 감각적인 비스트로, 필라테스, 수제 디저트",,"의료비(×1.54), 교육(×1.39)",서리풀터널 개통과 대단지 하이엔드 재건축으로 부촌 벨트가 급격히 확장 중인 성장 상권,기대수준,안정(저평가),② 유출보완형 기회,65.8,61.0,0.8503786081510154,-1186440020.9176311,0.0339286252491701,"[가족·아파트단지형] 인구·인프라로 본 기대소비 대비 실제 ×0.85 (분기 약 12억 원 밑돎, 추세 보합). 의료비(×1.54), 교육(×1.39)은 이미 강세라 신규 진입 시 차별화 필요. 수요 대비 소비가 꾸준히 밖으로 샘 — 빠진 필수업종을 채우는 근린형 진입.",,14675.556666666664,17140.5,1.0414466897263184,0.2929182596031313,0.3377681238121097,0.166934564213956,432020432.0,0.8915094339622641,1.0,102.0,126.99625748803622,37.48487992592322
서초구,11650610,방배2동,자산안정형,2,"방배그랑자이, 디에이치방배, 방배롯데캐슬아르떼",신흥재건축·골목감성형,가족·아파트단지형,"2호선 방배역, 4·7호선 이수역, 서리풀터널 개통으로 강남역 직결","서리풀터널로 강남 업무지구 10분대 진입, 대규모 재건축 추진에 따른 부촌화, 방배카페골목 감성","재건축 공사로 인한 공사판 소음 및 먼지, 다세대·단독 구릉지 경사","전통 부유층, 재건축 입주 예정 3040 세대",#역세권 #언덕지형 #교통호재,#직장인밀집 #가족세대 #야간소비 #신축입주,#정비사업·공사 #경쟁과열가능,"감성 베이커리/로스터리 카페, 감각적인 비스트로, 필라테스, 수제 디저트",대형 프랜차이즈 저가형 점포,"[데이터] 의원(내과·소아과·치과)·약국 / 학원·스터디카페·키즈교육  [현장키워드] 감성 베이커리/로스터리 카페, 감각적인 비스트로, 필라테스, 수제 디저트","의료비(×0.07), 교육(×0.14)",여가·문화(×15.34),서리풀터널 개통과 대단지 하이엔드 재건축으로 부촌 벨트가 급격히 확장 중인 성장 상권,초과달성,안정(초과),④ 검증·포화형,,,9.542023202198315,72952836445.42323,0.0424566858342404,"[가족·아파트단지형] 인구·인프라로 본 기대소비 대비 실제 ×9.54 (분기 약 730억 원 웃돎, 추세 보합). 유사 원형 동 대비 의료비(×0.07), 교육(×0.14) 비중이 낮아 해당 업종 공급 여지. 여가·문화(×15.34)은 이미 강세라 신규 진입 시 차별화 필요. 수요는 검증됐지만 경쟁 치열 — 차별화 콘셉트 없으면 비추천. ※ 배율 극단(×5↑): 대형점·본사 매출 주소 집계 가능성, 현장 확인 필요","배율 극단(×5↑): 대형점·본사 매출 주소 집계 가능성, 현장 확인 필요",20681.82416666667,21185.25,0.8663520266518601,0.2754025541365907,0.3403784325093554,0.140935012913087,528513471.0,0.8066037735849056,1.0,114.0,126.99344382591028,37.4653999687126
서초구,11650620,방배3동,자산안정형,2,"방배그랑자이, 디에이치방배, 방배롯데캐슬아르떼",신흥재건축·골목감성형,가족·아파트단지형,"2호선 방배역, 4·7호선 이수역, 서리풀터널 개통으로 강남역 직결","서리풀터널로 강남 업무지구 10분대 진입, 대규모 재건축 추진에 따른 부촌화, 방배카페골목 감성","재건축 공사로 인한 공사판 소음 및 먼지, 다세대·단독 구릉지 경사","전통 부유층, 재건축 입주 예정 3040 세대",#역세권공백 #언덕지형 #교통호재,#직장인밀집 #가족세대 #신축입주,#정비사업·공사 #주말공동화,"감성 베이커리/로스터리 카페, 감각적인 비스트로, 필라테스, 수제 디저트",대형 프랜차이즈 저가형 점포,"[데이터] 식자재마트·정육·반찬가게 / 음식점·카페·배달전문점  [현장키워드] 감성 베이커리/로스터리 카페, 감각적인 비스트로, 필라테스, 수제 디저트","식료품(×0.34), 음식(×0.36)",의료비(×4.14),서리풀터널 개통과 대단지 하이엔드 재건축으로 부촌 벨트가 급격히 확장 중인 성장 상권,기대수준,성장하는 강세상권,③ 확장형,,,1.125557420358451,500919047.3212328,0.0692086689442004,"[가족·아파트단지형] 인구·인프라로 본 기대소비 대비 실제 ×1.13 (분기 약 5억 원 웃돎, 추세 개선). 유사 원형 동 대비 식료품(×0.34), 음식(×0.36) 비중이 낮아 해당 업종 공급 여지. 의료비(×4.14)은 이미 강세라 신규 진입 시 차별화 필요. 이미 강하고 더 커지는 중 — 핵심가 대신 2선 입지·배후 골목 공략.",,17766.52,12717.166666666666,0.8586659897188551,0.2331662118423557,0.3081028031650616,0.0889823958780592,685949227.0,0.9551886792452832,0.0,112.0,126.99791986162606,37.47437419914072
서초구,11650621,방배4동,자산안정형,2,"방배그랑자이, 디에이치방배, 방배롯데캐슬아르떼",신흥재건축·골목감성형,가족·아파트단지형,"2호선 방배역, 4·7호선 이수역, 서리풀터널 개통으로 강남역 직결","서리풀터널로 강남 업무지구 10분대 진입, 대규모 재건축 추진에 따른 부촌화, 방배카페골목 감성","재건축 공사로 인한 공사판 소음 및 먼지, 다세대·단독 구릉지 경사","전통 부유층, 재건축 입주 예정 3040 세대",#역세권 #언덕지형 #교통호재,#직장인밀집 #가족세대 #신축입주,#정비사업·공사 #소비유출,"감성 베이커리/로스터리 카페, 감각적인 비스트로, 필라테스, 수제 디저트",대형 프랜차이즈 저가형 점포,"[데이터] 식자재마트·정육·반찬가게 / 생활용품·무인점포·세탁  [현장키워드] 감성 베이커리/로스터리 카페, 감각적인 비스트로, 필라테스, 수제 디저트","식료품(×0.46), 생활용품(×0.64)","의료비(×2.07), 교육(×2.00)",서리풀터널 개통과 대단지 하이엔드 재건축으로 부촌 벨트가 급격히 확장 중인 성장 상권,저평가,떠오르는 잠재상권,① 선점형 기회,86.9,5.0,0.4616594907963182,-7474343098.812376,0.0676733047232732,"[가족·아파트단지형] 인구·인프라로 본 기대소비 대비 실제 ×0.46 (분기 약 75억 원 밑돎, 추세 개선). 유사 원형 동 대비 식료품(×0.46), 생활용품(×0.64) 비중이 낮아 해당 업종 공급 여지. 의료비(×2.07), 교육(×2.00)은 이미 강세라 신규 진입 시 차별화 필요. 기대보다 덜 쓰지만 격차가 줄어드는 중 — 임대료 오르기 전 진입 적기.",,20029.226666666666,15644.25,0.7074360551990859,0.2615364331546101,0.31005859375,0.15994091796875,576507140.0,0.9268867924528302,1.0,156.0,126.99097667124698,37.48983518493925
서초구,11650651,양재1동,자산안정형,2,"양재우성, 포레스트검단, 서초더샵포레",자연녹지·대형유통형,근린주거형,"3호선·신분당선 양재역, 코스트코·이마트·하나로마트 양재점 인접","코스트코/이마트 등 광역 대형유통 인프라, 양재천·시민의숲 쾌적성, R&D 혁신지구 배후","양재IC 주변 만성 교통체증, 주거지와 역 사이 거리 다소 멂","R&D 연구원, 친환경 라이프스타일 중산층 가족",#다중역세권 #집객시설밀집 #공원·숲세권,,#소비유출,"애견 동반 브런치 카페, 아웃도어/캠핑 용품, 가족형 대형 식당",야간 도심형 주점,"[데이터] 식자재마트·정육·반찬가게  [현장키워드] 애견 동반 브런치 카페, 아웃도어/캠핑 용품, 가족형 대형 식당",식료품(×0.58),"의료비(×1.56), 교육(×1.54)",양재천 숲세권과 코스트코 등 대형 유통시설이 어우러진 친환경 라이프스타일 상권,저평가,안정(저평가),② 유출보완형 기회,79.0,8.0,0.305932322011467,-25435635667.407707,-0.0136409452982939,"[근린주거형] 인구·인프라로 본 기대소비 대비 실제 ×0.31 (분기 약 254억 원 밑돎, 추세 보합). 유사 원형 동 대비 식료품(×0.58) 비중이 낮아 해당 업종 공급 여지. 의료비(×1.56), 교육(×1.54)은 이미 강세라 신규 진입 시 차별화 필요. 수요 대비 소비가 꾸준히 밖으로 샘 — 빠진 필수업종을 채우는 근린형 진입.",,35678.690833333334,21966.58333333333,0.5739099356683345,0.2537526804860615,0.3295199641094661,0.1583756729475101,571532117.0,0.660377358490566,2.0,263.0,127.0224956870398,37.46949760980856
서초구,11650652,양재2동,알뜰안정형,3,"양재우성, 포레스트검단, 서초더샵포레",자연녹지·대형유통형,가족·아파트단지형,"3호선·신분당선 양재역, 코스트코·이마트·하나로마트 양재점 인접","코스트코/이마트 등 광역 대형유통 인프라, 양재천·시민의숲 쾌적성, R&D 혁신지구 배후","양재IC 주변 만성 교통체증, 주거지와 역 사이 거리 다소 멂","R&D 연구원, 친환경 라이프스타일 중산층 가족",#역세권 #공원·숲세권,#2030청년가구 #직장인밀집,#주말공동화 #소비유출,"애견 동반 브런치 카페, 아웃도어/캠핑 용품, 가족형 대형 식당",야간 도심형 주점,"[데이터] 의류·잡화 편집숍 / 생활용품·무인점포·세탁  [현장키워드] 애견 동반 브런치 카페, 아웃도어/캠핑 용품, 가족형 대형 식당","의류·신발(×0.60), 생활용품(×0.70)","교육(×1.49), 음식(×1.39)",양재천 숲세권과 코스트코 등 대형 유통시설이 어우러진 친환경 라이프스타일 상권,저평가,안정(저평가),② 유출보완형 기회,74.9,19.0,0.3669090374655434,-17995524715.112602,-0.0290576664219011,"[가족·아파트단지형] 인구·인프라로 본 기대소비 대비 실제 ×0.37 (분기 약 180억 원 밑돎, 추세 보합). 유사 원형 동 대비 의류·신발(×0.60), 생활용품(×0.70) 비중이 낮아 해당 업종 공급 여지. 교육(×1.49), 음식(×1.39)은 이미 강세라 신규 진입 시 차별화 필요. 수요 대비 소비가 꾸준히 밖으로 샘 — 빠진 필수업종을 채우는 근린형 진입.",,20703.9,37456.833333333336,1.5939878054544596,0.3410691496904098,0.3487723214285714,0.232348400297619,302331031.0,0.9198113207547168,1.0,147.0,127.04574888856544,37.45114628839233
서초구,11650660,내곡동,자산안정형,2,"양재우성, 포레스트검단, 서초더샵포레",자연녹지·대형유통형,고자산·아파트형,"3호선·신분당선 양재역, 코스트코·이마트·하나로마트 양재점 인접","코스트코/이마트 등 광역 대형유통 인프라, 양재천·시민의숲 쾌적성, R&D 혁신지구 배후","양재IC 주변 만성 교통체증, 주거지와 역 사이 거리 다소 멂","R&D 연구원, 친환경 라이프스타일 중산층 가족",#역세권 #공원·숲세권,#초고자산,#소비유출,"애견 동반 브런치 카페, 아웃도어/캠핑 용품, 가족형 대형 식당",야간 도심형 주점,"[데이터] 의원(내과·소아과·치과)·약국 / 의류·잡화 편집숍  [현장키워드] 애견 동반 브런치 카페, 아웃도어/캠핑 용품, 가족형 대형 식당","의료비(×0.57), 의류·신발(×0.66)","생활용품(×4.83), 여가·문화(×2.07)",양재천 숲세권과 코스트코 등 대형 유통시설이 어우러진 친환경 라이프스타일 상권,저평가,안정(저평가),② 유출보완형 기회,60.8,93.0,0.595193763278443,-1838627438.403272,0.0291031436430418,"[고자산·아파트형] 인구·인프라로 본 기대소비 대비 실제 ×0.60 (분기 약 18억 원 밑돎, 추세 보합). 유사 원형 동 대비 의료비(×0.57), 의류·신발(×0.66) 비중이 낮아 해당 업종 공급 여지. 생활용품(×4.83), 여가·문화(×2.07)은 이미 강세라 신규 진입 시 차별화 필요. 수요 대비 소비가 꾸준히 밖으로 샘 — 빠진 필수업종을 채우는 근린형 진입.",,14573.1025,1186.9166666666667,0.0806470588235294,0.2311764705882353,0.3138436809322885,0.1275420266559507,892412998.0,0.3278301886792453,1.0,161.0,127.07062814160918,37.45585534760794
성동구,11200520,왕십리2동,알뜰안정형,3,-,대단지·생활근린형,근린주거형,지하철 및 시내버스 대중교통 이용 원활,안정적인 주거 배후수요를 갖춘 생활 밀착형 상권,외부 유입 한계 및 자체 배후수요 의존도 높음,다인 가구 및 일반 중장년·가족 단위 거주,#역세권,#주말나들이,#외부유입한계,"편의점, 베이커리, 중소형 마트, 근린의원(내과/치과)","고가 사치재, 외지인 유입 중심 대형 매장","[데이터] 식자재마트·정육·반찬가게  [현장키워드] 편의점, 베이커리, 중소형 마트, 근린의원(내과/치과)",식료품(×0.70),"생활용품(×8.61), 의료비(×1.83)",왕십리2동 일대 안정적인 주거 배후지를 중심으로 형성된 근린 생활 상권,기대수준,안정(초과),④ 검증·포화형,,,1.040684698624014,81974217.5218997,-0.0305692213942482,"[근린주거형] 인구·인프라로 본 기대소비 대비 실제 ×1.04 (분기 약 1억 원 웃돎, 추세 보합). 유사 원형 동 대비 식료품(×0.70) 비중이 낮아 해당 업종 공급 여지. 생활용품(×8.61), 의료비(×1.83)은 이미 강세라 신규 진입 시 차별화 필요. 수요는 검증됐지만 경쟁 치열 — 차별화 콘셉트 없으면 비추천.",,13572.784166666666,1140.25,0.0805684236884938,0.3101915612870915,0.3605348753162269,0.1746714853632092,474130064.0,0.1108490566037735,1.0,63.0,127.02772969813616,37.56145293830574
성동구,11200535,왕십리도선동,자산안정형,2,-,대단지·생활근린형,근린주거형,지하철 및 시내버스 대중교통 이용 원활,안정적인 주거 배후수요를 갖춘 생활 밀착형 상권,외부 유입 한계 및 자체 배후수요 의존도 높음,다인 가구 및 일반 중장년·가족 단위 거주,#역세권공백 #집객시설밀집,,#외부유입한계,"편의점, 베이커리, 중소형 마트, 근린의원(내과/치과)","고가 사치재, 외지인 유입 중심 대형 매장","[데이터] 생활용품·무인점포·세탁 / 식자재마트·정육·반찬가게  [현장키워드] 편의점, 베이커리, 중소형 마트, 근린의원(내과/치과)","생활용품(×0.50), 식료품(×0.69)","유흥(×1.84), 의료비(×1.69)",왕십리도선동 일대 안정적인 주거 배후지를 중심으로 형성된 근린 생활 상권,기대수준,안정(저평가),② 유출보완형 기회,53.6,120.0,0.9015823447519916,-917793566.42758,0.0030046823883737,"[근린주거형] 인구·인프라로 본 기대소비 대비 실제 ×0.90 (분기 약 9억 원 밑돎, 추세 보합). 유사 원형 동 대비 생활용품(×0.50), 식료품(×0.69) 비중이 낮아 해당 업종 공급 여지. 유흥(×1.84), 의료비(×1.69)은 이미 강세라 신규 진입 시 차별화 필요. 수요 대비 소비가 꾸준히 밖으로 샘 — 빠진 필수업종을 채우는 근린형 진입.",,20093.1875,2989.5,0.1147778923646919,0.3217600550017188,0.3587549369945458,0.1647272898250893,658527615.0,0.1061320754716981,0.0,189.0,127.02959934343136,37.56684945211883
성동구,11200540,마장동,알뜰안정형,3,-,대단지·생활근린형,청년1인·원룸형,지하철 및 시내버스 대중교통 이용 원활,안정적인 주거 배후수요를 갖춘 생활 밀착형 상권,외부 유입 한계 및 자체 배후수요 의존도 높음,다인 가구 및 일반 중장년·가족 단위 거주,#역세권,#2030청년가구,#외부유입한계,"편의점, 베이커리, 중소형 마트, 근린의원(내과/치과)","고가 사치재, 외지인 유입 중심 대형 매장","[데이터] 의류·잡화 편집숍 / 의원(내과·소아과·치과)·약국  [현장키워드] 편의점, 베이커리, 중소형 마트, 근린의원(내과/치과)","의류·신발(×0.14), 의료비(×0.26)",식료품(×2.66),마장동 일대 안정적인 주거 배후지를 중심으로 형성된 근린 생활 상권,기대수준,안정(저평가),② 유출보완형 기회,55.6,114.0,0.7671602126186128,-1487718031.6678514,-0.0208084539863324,"[청년1인·원룸형] 인구·인프라로 본 기대소비 대비 실제 ×0.77 (분기 약 15억 원 밑돎, 추세 보합). 유사 원형 동 대비 의류·신발(×0.14), 의료비(×0.26) 비중이 낮아 해당 업종 공급 여지. 식료품(×2.66)은 이미 강세라 신규 진입 시 차별화 필요. 수요 대비 소비가 꾸준히 밖으로 샘 — 빠진 필수업종을 채우는 근린형 진입.",,20818.47333333333,6571.25,0.3212098719614029,0.3351735015772871,0.3628832603313655,0.2018377451913921,313147656.0,0.2806603773584906,1.0,111.0,127.0406017762261,37.56741380833115
성동구,11200550,사근동,영앤레버리지형,0,-,대단지·생활근린형,청년1인·원룸형,지하철 및 시내버스 대중교통 이용 원활,안정적인 주거 배후수요를 갖춘 생활 밀착형 상권,외부 유입 한계 및 자체 배후수요 의존도 높음,다인 가구 및 일반 중장년·가족 단위 거주,#다중역세권 #의료허브 #대학가,#가성비선호 #2030청년가구,#외부유입한계 #소비위축추세,"편의점, 베이커리, 중소형 마트, 근린의원(내과/치과)","고가 사치재, 외지인 유입 중심 대형 매장","[데이터] 생활용품·무인점포·세탁 / 의류·잡화 편집숍  [현장키워드] 편의점, 베이커리, 중소형 마트, 근린의원(내과/치과)","생활용품(×0.11), 의류·신발(×0.29)","유흥(×3.63), 음식(×1.65)",사근동 일대 안정적인 주거 배후지를 중심으로 형성된 근린 생활 상권,기대수준,식어가는 강세상권,⑤ 경고(둔화),,,1.4879992556785653,1981231589.496836,-0.088188710791221,"[청년1인·원룸형] 인구·인프라로 본 기대소비 대비 실제 ×1.49 (분기 약 20억 원 웃돎, 추세 악화). 유사 원형 동 대비 생활용품(×0.11), 의류·신발(×0.29) 비중이 낮아 해당 업종 공급 여지. 유흥(×3.63), 음식(×1.65)은 이미 강세라 신규 진입 시 차별화 필요. 강세였으나 식는 중 — 신규 진입 보수적, 업종 전환 수요 관찰.",,13877.000833333334,381.25,0.036695710455764,0.546916890080429,0.6356605647793387,0.4354093940683979,170903029.0,0.1674528301886792,2.0,128.0,127.04539545602,37.55812278899823
성동구,11200560,행당1동,알뜰안정형,3,-,대단지·생활근린형,근린주거형,지하철 및 시내버스 대중교통 이용 원활,안정적인 주거 배후수요를 갖춘 생활 밀착형 상권,외부 유입 한계 및 자체 배후수요 의존도 높음,다인 가구 및 일반 중장년·가족 단위 거주,#다중역세권,#야간소비,#외부유입한계,"편의점, 베이커리, 중소형 마트, 근린의원(내과/치과)","고가 사치재, 외지인 유입 중심 대형 매장","[데이터] 식자재마트·정육·반찬가게 / 주점·이자카야·노래방  [현장키워드] 편의점, 베이커리, 중소형 마트, 근린의원(내과/치과)","식료품(×0.42), 유흥(×0.47)","생활용품(×2.62), 의류·신발(×2.17)",행당1동 일대 안정적인 주거 배후지를 중심으로 형성된 근린 생활 상권,기대수준,안정(초과),④ 검증·포화형,,,1.0841369618640464,601572198.2098885,-0.0133453302524404,"[근린주거형] 인구·인프라로 본 기대소비 대비 실제 ×1.08 (분기 약 6억 원 웃돎, 추세 보합). 유사 원형 동 대비 식료품(×0.42), 유흥(×0.47) 비중이 낮아 해당 업종 공급 여지. 생활용품(×2.62), 의류·신발(×2.17)은 이미 강세라 신규 진입 시 차별화 필요. 수요는 검증됐지만 경쟁 치열 — 차별화 콘셉트 없으면 비추천.",,12000.106666666668,1523.5,0.1253943796316677,0.3210800498936092,0.3819785339878526,0.1829819452533488,483661187.0,0.1839622641509433,4.0,130.0,127.0361719656748,37.55909004189771
성동구,11200570,행당2동,자산안정형,2,-,대단지·생활근린형,학원가·에듀형,지하철 및 시내버스 대중교통 이용 원활,안정적인 주거 배후수요를 갖춘 생활 밀착형 상권,외부 유입 한계 및 자체 배후수요 의존도 높음,다인 가구 및 일반 중장년·가족 단위 거주,#역세권,,#외부유입한계,"편의점, 베이커리, 중소형 마트, 근린의원(내과/치과)","고가 사치재, 외지인 유입 중심 대형 매장","[현장키워드] 편의점, 베이커리, 중소형 마트, 근린의원(내과/치과)",,,행당2동 일대 안정적인 주거 배후지를 중심으로 형성된 근린 생활 상권,기대수준,안정(저평가),② 유출보완형 기회,57.4,104.0,0.8488293586863265,-303228836.19504213,0.038234986590606,"[학원가·에듀형] 인구·인프라로 본 기대소비 대비 실제 ×0.85 (분기 약 3억 원 밑돎, 추세 보합). 수요 대비 소비가 꾸준히 밖으로 샘 — 빠진 필수업종을 채우는 근린형 진입.",,21629.02333333333,5.25,0.0001312852829197,0.2627893746444357,0.2857592517649175,0.1215095103197086,645518275.0,0.2264150943396226,1.0,79.0,127.02965190700264,37.5566771867754
성동구,11200580,응봉동,자산안정형,2,-,대단지·생활근린형,가족·아파트단지형,지하철 및 시내버스 대중교통 이용 원활,안정적인 주거 배후수요를 갖춘 생활 밀착형 상권,외부 유입 한계 및 자체 배후수요 의존도 높음,다인 가구 및 일반 중장년·가족 단위 거주,#역세권,#가족세대,#외부유입한계 #소비유출,"편의점, 베이커리, 중소형 마트, 근린의원(내과/치과)","고가 사치재, 외지인 유입 중심 대형 매장","[데이터] 피트니스·필라테스·키즈카페·공방 / 의원(내과·소아과·치과)·약국  [현장키워드] 편의점, 베이커리, 중소형 마트, 근린의원(내과/치과)","여가·문화(×0.50), 의료비(×0.64)","의류·신발(×2.51), 교육(×2.41)",응봉동 일대 안정적인 주거 배후지를 중심으로 형성된 근린 생활 상권,저평가,안정(저평가),② 유출보완형 기회,51.5,130.0,0.3478174171073439,-973798936.6401742,-0.0327533233062589,"[가족·아파트단지형] 인구·인프라로 본 기대소비 대비 실제 ×0.35 (분기 약 10억 원 밑돎, 추세 보합). 유사 원형 동 대비 여가·문화(×0.50), 의료비(×0.64) 비중이 낮아 해당 업종 공급 여지. 의류·신발(×2.51), 교육(×2.41)은 이미 강세라 신규 진입 시 차별화 필요. 수요 대비 소비가 꾸준히 밖으로 샘 — 빠진 필수업종을 채우는 근린형 진입.",,12809.8175,514.25,0.0362784471218206,0.2474564926372155,0.3032845271072418,0.1072892758211317,269799393.0,0.7004716981132075,1.0,56.0,127.0337236035604,37.55088267778024
성동구,11200590,금호1가동,알뜰안정형,3,"옥수파크힐스, 래미안옥수리버젠, e편한세상옥수파크힐스, 금호자이",한강변신흥부촌·맞벌이형,학원가·에듀형,"3호선 옥수역·금호역, 경의중앙선 환승, 동호대교로 압구정 5분 진입","압구정·강남 접근성 탁월, 한강 조망권, 대규모 재개발로 신축 아파트 타운화","극심한 언덕 및 급경사 지형(단지 내 엘리베이터 필수), 좁은 도로망",강남/도심 출퇴근 3040 전문직 맞벌이 부부,#역세권 #환승요충지 #언덕지형 #한강변,#야간소비 #주말나들이 #3040맞벌이 #신축입주,#소비유출,"베이커리 카페, 필라테스, 샐러드 도시락, 영유아 의원, 와인샵","대형 마트, 주차 공간이 필수인 매장","[데이터] 생활용품·무인점포·세탁 / 의류·잡화 편집숍  [현장키워드] 베이커리 카페, 필라테스, 샐러드 도시락, 영유아 의원, 와인샵","생활용품(×0.54), 의류·신발(×0.59)","유흥(×2.42), 의료비(×1.83)",동호대교만 건너면 압구정인 뛰어난 입지로 강남 생활권 젊은 고소득층이 장악한 언덕형 부촌 상권,저평가,안정(저평가),② 유출보완형 기회,62.1,85.0,0.5842296198570872,-1014807823.3296278,0.0411166427289373,"[학원가·에듀형] 인구·인프라로 본 기대소비 대비 실제 ×0.58 (분기 약 10억 원 밑돎, 추세 보합). 유사 원형 동 대비 생활용품(×0.54), 의류·신발(×0.59) 비중이 낮아 해당 업종 공급 여지. 유흥(×2.42), 의료비(×1.83)은 이미 강세라 신규 진입 시 차별화 필요. 수요 대비 소비가 꾸준히 밖으로 샘 — 빠진 필수업종을 채우는 근린형 진입.",,11910.059166666666,1588.25,0.1174237288135593,0.260271186440678,0.2915945222729419,0.1494947269006768,308385556.0,0.5849056603773585,1.0,88.0,127.02497673950828,37.55358784630584
성동구,11200615,금호2·3가동,알뜰안정형,3,"옥수파크힐스, 래미안옥수리버젠, e편한세상옥수파크힐스, 금호자이",한강변신흥부촌·맞벌이형,근린주거형,"3호선 옥수역·금호역, 경의중앙선 환승, 동호대교로 압구정 5분 진입","압구정·강남 접근성 탁월, 한강 조망권, 대규모 재개발로 신축 아파트 타운화","극심한 언덕 및 급경사 지형(단지 내 엘리베이터 필수), 좁은 도로망",강남/도심 출퇴근 3040 전문직 맞벌이 부부,#역세권공백 #환승요충지 #언덕지형 #한강변,#야간소비 #주말나들이 #3040맞벌이 #신축입주,,"베이커리 카페, 필라테스, 샐러드 도시락, 영유아 의원, 와인샵","대형 마트, 주차 공간이 필수인 매장","[데이터] 생활용품·무인점포·세탁  [현장키워드] 베이커리 카페, 필라테스, 샐러드 도시락, 영유아 의원, 와인샵",생활용품(×0.35),의류·신발(×2.78),동호대교만 건너면 압구정인 뛰어난 입지로 강남 생활권 젊은 고소득층이 장악한 언덕형 부촌 상권,기대수준,안정(저평가),② 유출보완형 기회,53.3,121.0,0.6757090249334313,-1339505893.5778384,-0.019033332996419,"[근린주거형] 인구·인프라로 본 기대소비 대비 실제 ×0.68 (분기 약 13억 원 밑돎, 추세 보합). 유사 원형 동 대비 생활용품(×0.35) 비중이 낮아 해당 업종 공급 여지. 의류·신발(×2.78)은 이미 강세라 신규 진입 시 차별화 필요. 수요 대비 소비가 꾸준히 밖으로 샘 — 빠진 필수업종을 채우는 근린형 진입.",,18276.4025,269.0,0.011118199216258,0.2844254078191925,0.3413754106306209,0.14352415315849,365230604.0,0.4622641509433962,0.0,135.0,127.01997401737138,37.5513993732278
성동구,11200620,금호4가동,자산안정형,2,"옥수파크힐스, 래미안옥수리버젠, e편한세상옥수파크힐스, 금호자이",한강변신흥부촌·맞벌이형,고자산·아파트형,"3호선 옥수역·금호역, 경의중앙선 환승, 동호대교로 압구정 5분 진입","압구정·강남 접근성 탁월, 한강 조망권, 대규모 재개발로 신축 아파트 타운화","극심한 언덕 및 급경사 지형(단지 내 엘리베이터 필수), 좁은 도로망",강남/도심 출퇴근 3040 전문직 맞벌이 부부,#역세권 #환승요충지 #언덕지형 #한강변,#초고자산 #야간소비 #3040맞벌이 #신축입주,,"베이커리 카페, 필라테스, 샐러드 도시락, 영유아 의원, 와인샵","대형 마트, 주차 공간이 필수인 매장","[현장키워드] 베이커리 카페, 필라테스, 샐러드 도시락, 영유아 의원, 와인샵",,"유흥(×1.88), 식료품(×1.58)",동호대교만 건너면 압구정인 뛰어난 입지로 강남 생활권 젊은 고소득층이 장악한 언덕형 부촌 상권,기대수준,안정(초과),④ 검증·포화형,,,1.00668137823636,20638629.59597826,-0.004002028499917,"[고자산·아파트형] 인구·인프라로 본 기대소비 대비 실제 ×1.01 (분기 약 0억 원 웃돎, 추세 보합). 유흥(×1.88), 식료품(×1.58)은 이미 강세라 신규 진입 시 차별화 필요. 수요는 검증됐지만 경쟁 치열 — 차별화 콘셉트 없으면 비추천.",,13168.445,512.9166666666666,0.035850657615613,0.2559043982463583,0.2859520880075269,0.1670239559962365,803074557.0,0.2712264150943396,1.0,84.0,127.02415926514722,37.54538892972044
성동구,11200645,옥수동,자산안정형,2,"옥수파크힐스, 래미안옥수리버젠, e편한세상옥수파크힐스, 금호자이",한강변신흥부촌·맞벌이형,고자산·아파트형,"3호선 옥수역·금호역, 경의중앙선 환승, 동호대교로 압구정 5분 진입","압구정·강남 접근성 탁월, 한강 조망권, 대규모 재개발로 신축 아파트 타운화","극심한 언덕 및 급경사 지형(단지 내 엘리베이터 필수), 좁은 도로망",강남/도심 출퇴근 3040 전문직 맞벌이 부부,#다중역세권 #환승요충지 #언덕지형 #한강변,#초고자산 #야간소비 #3040맞벌이 #신축입주,,"베이커리 카페, 필라테스, 샐러드 도시락, 영유아 의원, 와인샵","대형 마트, 주차 공간이 필수인 매장","[데이터] 생활용품·무인점포·세탁  [현장키워드] 베이커리 카페, 필라테스, 샐러드 도시락, 영유아 의원, 와인샵",생활용품(×0.19),"음식(×1.40), 교육(×1.39)",동호대교만 건너면 압구정인 뛰어난 입지로 강남 생활권 젊은 고소득층이 장악한 언덕형 부촌 상권,기대수준,안정(저평가),② 유출보완형 기회,64.3,69.0,0.7044463378369878,-1630012803.54785,0.0082501318017833,"[고자산·아파트형] 인구·인프라로 본 기대소비 대비 실제 ×0.70 (분기 약 16억 원 밑돎, 추세 보합). 유사 원형 동 대비 생활용품(×0.19) 비중이 낮아 해당 업종 공급 여지. 음식(×1.40), 교육(×1.39)은 이미 강세라 신규 진입 시 차별화 필요. 수요 대비 소비가 꾸준히 밖으로 샘 — 빠진 필수업종을 채우는 근린형 진입.",,20210.516666666663,3364.9166666666665,0.1258710972872948,0.2752470569707468,0.3143552982262659,0.1323182611892289,884172349.0,0.2476415094339622,2.0,129.0,127.02058221940472,37.540848569825286
성동구,11200650,성수1가1동,자산안정형,2,"트리마제, 아크로서울포레스트, 성수동 팝업거리/카페거리",팝업성지·트렌드문화형,청년1인·원룸형,"2호선 뚝섬역·성수역, 수인분당선 서울숲역, 강변북로/동부간선도로","대한민국 1위 글로벌 브랜드 팝업스토어 성지, 서울숲 쾌적성, 아크로/트리마제 초고자산가 배후, 무신사 등 패션IT 본사 집결","치솟는 임대료(젠트리피케이션), 주말 방문객 과밀로 주민 일상생활 침해, 주차공간 심각한 부족","전국 2030 MZ세대, 글로벌 외국인 관광객, 패션/스타트업 종사자, 초고자산가",#역세권 #주차난,#2030청년가구 #관광·외국인,#고임대료 #소비위축추세,"쇼룸/팝업스토어, 감각적인 스페셜티 커피, 트렌디 다이닝, 유니크 패션 셀렉트샵","전통적인 일반 식당, 낡은 스타일의 주점","[데이터] 의원(내과·소아과·치과)·약국  [현장키워드] 쇼룸/팝업스토어, 감각적인 스페셜티 커피, 트렌디 다이닝, 유니크 패션 셀렉트샵",의료비(×0.53),"의류·신발(×6.37), 교육(×1.69)","글로벌 패션·컬처 팝업과 서울숲의 여유, 하이엔드 부촌이 결합된 서울에서 가장 힙한 복합 상권",기대수준,위축되는 약세상권,⑥ 주의(위축),,,0.7239120680167591,-1327568579.573099,-0.1043120642930848,"[청년1인·원룸형] 인구·인프라로 본 기대소비 대비 실제 ×0.72 (분기 약 13억 원 밑돎, 추세 악화). 유사 원형 동 대비 의료비(×0.53) 비중이 낮아 해당 업종 공급 여지. 의류·신발(×6.37), 교육(×1.69)은 이미 강세라 신규 진입 시 차별화 필요. 기대보다 약하고 더 약해지는 중 — 원인(재건축·공동화) 확인 전 진입 보류.",,13980.865833333335,2722.083333333333,0.2159932441210861,0.3272054047031311,0.3645154358570303,0.183859322398109,736732428.0,0.3608490566037736,1.0,83.0,127.0422619717796,37.54078874107653
성동구,11200660,성수1가2동,알뜰안정형,3,"트리마제, 아크로서울포레스트, 성수동 팝업거리/카페거리",팝업성지·트렌드문화형,청년1인·원룸형,"2호선 뚝섬역·성수역, 수인분당선 서울숲역, 강변북로/동부간선도로","대한민국 1위 글로벌 브랜드 팝업스토어 성지, 서울숲 쾌적성, 아크로/트리마제 초고자산가 배후, 무신사 등 패션IT 본사 집결","치솟는 임대료(젠트리피케이션), 주말 방문객 과밀로 주민 일상생활 침해, 주차공간 심각한 부족","전국 2030 MZ세대, 글로벌 외국인 관광객, 패션/스타트업 종사자, 초고자산가",#역세권 #주차난,#2030청년가구 #직장인밀집 #관광·외국인,#고임대료 #주말공동화,"쇼룸/팝업스토어, 감각적인 스페셜티 커피, 트렌디 다이닝, 유니크 패션 셀렉트샵","전통적인 일반 식당, 낡은 스타일의 주점","[데이터] 의원(내과·소아과·치과)·약국 / 생활용품·무인점포·세탁  [현장키워드] 쇼룸/팝업스토어, 감각적인 스페셜티 커피, 트렌디 다이닝, 유니크 패션 셀렉트샵","의료비(×0.23), 생활용품(×0.32)",여가·문화(×8.97),"글로벌 패션·컬처 팝업과 서울숲의 여유, 하이엔드 부촌이 결합된 서울에서 가장 힙한 복합 상권",기대수준,떠오르는 잠재상권,① 선점형 기회,56.7,110.0,0.9643874966233692,325506295.6333599,0.2795298413808414,"[청년1인·원룸형] 인구·인프라로 본 기대소비 대비 실제 ×0.96 (분기 약 3억 원 웃돎, 추세 개선). 유사 원형 동 대비 의료비(×0.23), 생활용품(×0.32) 비중이 낮아 해당 업종 공급 여지. 여가·문화(×8.97)은 이미 강세라 신규 진입 시 차별화 필요. 기대보다 덜 쓰지만 격차가 줄어드는 중 — 임대료 오르기 전 진입 적기.",,13844.734166666669,6621.666666666667,0.7255279919544083,0.3416024136775059,0.3827823587260761,0.2127135184204554,465824238.0,0.240566037735849,1.0,79.0,127.0436472117351,37.5490143598074
성동구,11200670,성수2가1동,알뜰안정형,3,"트리마제, 아크로서울포레스트, 성수동 팝업거리/카페거리",팝업성지·트렌드문화형,근린주거형,"2호선 뚝섬역·성수역, 수인분당선 서울숲역, 강변북로/동부간선도로","대한민국 1위 글로벌 브랜드 팝업스토어 성지, 서울숲 쾌적성, 아크로/트리마제 초고자산가 배후, 무신사 등 패션IT 본사 집결","치솟는 임대료(젠트리피케이션), 주말 방문객 과밀로 주민 일상생활 침해, 주차공간 심각한 부족","전국 2030 MZ세대, 글로벌 외국인 관광객, 패션/스타트업 종사자, 초고자산가",#역세권공백 #주차난,#관광·외국인,#고임대료,"쇼룸/팝업스토어, 감각적인 스페셜티 커피, 트렌디 다이닝, 유니크 패션 셀렉트샵","전통적인 일반 식당, 낡은 스타일의 주점","[데이터] 학원·스터디카페·키즈교육 / 의원(내과·소아과·치과)·약국  [현장키워드] 쇼룸/팝업스토어, 감각적인 스페셜티 커피, 트렌디 다이닝, 유니크 패션 셀렉트샵","교육(×0.08), 의료비(×0.53)","의류·신발(×7.43), 생활용품(×2.46)","글로벌 패션·컬처 팝업과 서울숲의 여유, 하이엔드 부촌이 결합된 서울에서 가장 힙한 복합 상권",기대수준,성장하는 강세상권,③ 확장형,,,1.228514372100331,1436497262.2224646,0.0935749054634801,"[근린주거형] 인구·인프라로 본 기대소비 대비 실제 ×1.23 (분기 약 14억 원 웃돎, 추세 개선). 유사 원형 동 대비 교육(×0.08), 의료비(×0.53) 비중이 낮아 해당 업종 공급 여지. 의류·신발(×7.43), 생활용품(×2.46)은 이미 강세라 신규 진입 시 차별화 필요. 이미 강하고 더 커지는 중 — 핵심가 대신 2선 입지·배후 골목 공략.",,16258.331666666663,7684.25,0.5266776677667767,0.2912541254125412,0.3281438647772765,0.2256383046323949,579181643.0,0.3797169811320754,0.0,109.0,127.05530502567484,37.53635043227752
성동구,11200690,성수2가3동,알뜰안정형,3,"트리마제, 아크로서울포레스트, 성수동 팝업거리/카페거리",팝업성지·트렌드문화형,오피스·업무형,"2호선 뚝섬역·성수역, 수인분당선 서울숲역, 강변북로/동부간선도로","대한민국 1위 글로벌 브랜드 팝업스토어 성지, 서울숲 쾌적성, 아크로/트리마제 초고자산가 배후, 무신사 등 패션IT 본사 집결","치솟는 임대료(젠트리피케이션), 주말 방문객 과밀로 주민 일상생활 침해, 주차공간 심각한 부족","전국 2030 MZ세대, 글로벌 외국인 관광객, 패션/스타트업 종사자, 초고자산가",#역세권 #주차난,#2030청년가구 #직장인밀집 #관광·외국인,#고임대료 #주말공동화 #소비유출,"쇼룸/팝업스토어, 감각적인 스페셜티 커피, 트렌디 다이닝, 유니크 패션 셀렉트샵","전통적인 일반 식당, 낡은 스타일의 주점","[데이터] 피트니스·필라테스·키즈카페·공방  [현장키워드] 쇼룸/팝업스토어, 감각적인 스페셜티 커피, 트렌디 다이닝, 유니크 패션 셀렉트샵",여가·문화(×0.32),"의류·신발(×5.98), 식료품(×1.91)","글로벌 패션·컬처 팝업과 서울숲의 여유, 하이엔드 부촌이 결합된 서울에서 가장 힙한 복합 상권",저평가,떠오르는 잠재상권,① 선점형 기회,87.2,3.0,0.5835655275756946,-11727038800.300394,0.1026563410296961,"[오피스·업무형] 인구·인프라로 본 기대소비 대비 실제 ×0.58 (분기 약 117억 원 밑돎, 추세 개선). 유사 원형 동 대비 여가·문화(×0.32) 비중이 낮아 해당 업종 공급 여지. 의류·신발(×5.98), 식료품(×1.91)은 이미 강세라 신규 진입 시 차별화 필요. 기대보다 덜 쓰지만 격차가 줄어드는 중 — 임대료 오르기 전 진입 적기.",,10717.453333333331,32154.666666666668,3.1057778664803912,0.3455742939826364,0.3687785000485107,0.216925390511303,394279969.0,0.3372641509433962,1.0,104.0,127.05808421418728,37.54556632538986
성동구,11200720,송정동,알뜰안정형,3,-,대단지·생활근린형,근린주거형,지하철 및 시내버스 대중교통 이용 원활,안정적인 주거 배후수요를 갖춘 생활 밀착형 상권,외부 유입 한계 및 자체 배후수요 의존도 높음,다인 가구 및 일반 중장년·가족 단위 거주,#역세권공백,,#외부유입한계 #소비유출,"편의점, 베이커리, 중소형 마트, 근린의원(내과/치과)","고가 사치재, 외지인 유입 중심 대형 매장","[데이터] 학원·스터디카페·키즈교육 / 음식점·카페·배달전문점  [현장키워드] 편의점, 베이커리, 중소형 마트, 근린의원(내과/치과)","교육(×0.47), 음식(×0.74)","의류·신발(×2.71), 생활용품(×2.29)",송정동 일대 안정적인 주거 배후지를 중심으로 형성된 근린 생활 상권,저평가,안정(저평가),② 유출보완형 기회,47.6,148.0,0.6439278393625465,-478698942.08220303,-0.0005257102956371,"[근린주거형] 인구·인프라로 본 기대소비 대비 실제 ×0.64 (분기 약 5억 원 밑돎, 추세 보합). 유사 원형 동 대비 교육(×0.47), 음식(×0.74) 비중이 낮아 해당 업종 공급 여지. 의류·신발(×2.71), 생활용품(×2.29)은 이미 강세라 신규 진입 시 차별화 필요. 수요 대비 소비가 꾸준히 밖으로 샘 — 빠진 필수업종을 채우는 근린형 진입.",,10045.741666666669,739.6666666666666,0.0769626504784442,0.3076448194258668,0.3472109120521172,0.2625895765472313,229184261.0,0.2382075471698113,0.0,44.0,127.06697246477096,37.55150820919662
성동구,11200790,용답동,알뜰안정형,3,-,대단지·생활근린형,청년1인·원룸형,지하철 및 시내버스 대중교통 이용 원활,안정적인 주거 배후수요를 갖춘 생활 밀착형 상권,외부 유입 한계 및 자체 배후수요 의존도 높음,다인 가구 및 일반 중장년·가족 단위 거주,#다중역세권,#2030청년가구,#외부유입한계 #경쟁과열가능,"편의점, 베이커리, 중소형 마트, 근린의원(내과/치과)","고가 사치재, 외지인 유입 중심 대형 매장","[데이터] 생활용품·무인점포·세탁 / 학원·스터디카페·키즈교육  [현장키워드] 편의점, 베이커리, 중소형 마트, 근린의원(내과/치과)","생활용품(×0.13), 교육(×0.32)",의료비(×2.61),용답동 일대 안정적인 주거 배후지를 중심으로 형성된 근린 생활 상권,초과달성,성장하는 강세상권,③ 확장형,,,2.795677587642699,8271221165.660904,0.4049176523839229,"[청년1인·원룸형] 인구·인프라로 본 기대소비 대비 실제 ×2.80 (분기 약 83억 원 웃돎, 추세 개선). 유사 원형 동 대비 생활용품(×0.13), 교육(×0.32) 비중이 낮아 해당 업종 공급 여지. 의료비(×2.61)은 이미 강세라 신규 진입 시 차별화 필요. 이미 강하고 더 커지는 중 — 핵심가 대신 2선 입지·배후 골목 공략.",,14386.7,2851.1666666666665,0.2164450842577695,0.3844525362012024,0.3914949888641425,0.3058971325167037,255078831.0,0.025943396226415,2.0,82.0,127.0574720957508,37.55891941552393
성북구,11290525,성북동,알뜰안정형,3,-,1인청년·원룸배달형,가족·아파트단지형,"지하철역 접근 용이, 버스 환승망 발달","2030 청년 1인가구 밀집으로 배달음식, 간편식, 코인세탁 등 편의수요 최상","원룸촌 특유의 주차난, 잦은 이사로 인한 단골 고객 유지 어려움",2030 청년 직장인 및 취준생 1인가구,#역세권공백 #집객시설밀집 #환승요충지 #주차난,#직장인밀집,#소비유출,"배달 전문점, 코인빨래방, 무인 프린트/카페, 1인 피트니스, 가성비 주점","대형 가족형 식당, 대형 키즈카페","[데이터] 생활용품·무인점포·세탁  [현장키워드] 배달 전문점, 코인빨래방, 무인 프린트/카페, 1인 피트니스, 가성비 주점",생활용품(×0.38),"의류·신발(×2.37), 교육(×2.07)",청년 1인가구의 실속형 소비와 배달·포장 수요가 지배적인 역동적 소형 상권,저평가,안정(저평가),② 유출보완형 기회,75.2,16.0,0.3447499366615983,-6987004269.661356,-0.0055053596988179,"[가족·아파트단지형] 인구·인프라로 본 기대소비 대비 실제 ×0.34 (분기 약 70억 원 밑돎, 추세 보합). 유사 원형 동 대비 생활용품(×0.38) 비중이 낮아 해당 업종 공급 여지. 의류·신발(×2.37), 교육(×2.07)은 이미 강세라 신규 진입 시 차별화 필요. 수요 대비 소비가 꾸준히 밖으로 샘 — 빠진 필수업종을 채우는 근린형 진입.",,15048.3,18225.416666666668,1.2920944881889764,0.3161574803149606,0.3514,0.2135246666666666,313604379.0,0.714622641509434,0.0,166.0,126.99413438628186,37.5966849155429
성북구,11290555,삼선동,생활압박형,1,-,1인청년·원룸배달형,근린주거형,"지하철역 접근 용이, 버스 환승망 발달","2030 청년 1인가구 밀집으로 배달음식, 간편식, 코인세탁 등 편의수요 최상","원룸촌 특유의 주차난, 잦은 이사로 인한 단골 고객 유지 어려움",2030 청년 직장인 및 취준생 1인가구,#다중역세권 #대학가 #환승요충지 #주차난,#야간소비,#소비유출,"배달 전문점, 코인빨래방, 무인 프린트/카페, 1인 피트니스, 가성비 주점","대형 가족형 식당, 대형 키즈카페","[데이터] 피트니스·필라테스·키즈카페·공방 / 생활용품·무인점포·세탁  [현장키워드] 배달 전문점, 코인빨래방, 무인 프린트/카페, 1인 피트니스, 가성비 주점","여가·문화(×0.59), 생활용품(×0.68)",유흥(×1.55),청년 1인가구의 실속형 소비와 배달·포장 수요가 지배적인 역동적 소형 상권,저평가,떠오르는 잠재상권,① 선점형 기회,74.0,24.0,0.6435806384866469,-3774858915.894803,0.0554329412101294,"[근린주거형] 인구·인프라로 본 기대소비 대비 실제 ×0.64 (분기 약 38억 원 밑돎, 추세 개선). 유사 원형 동 대비 여가·문화(×0.59), 생활용품(×0.68) 비중이 낮아 해당 업종 공급 여지. 유흥(×1.55)은 이미 강세라 신규 진입 시 차별화 필요. 기대보다 덜 쓰지만 격차가 줄어드는 중 — 임대료 오르기 전 진입 적기.",,22157.61666666667,4442.0,0.2253559322033898,0.3271412429378531,0.3866469664788992,0.247475759534583,250711937.0,0.4834905660377358,2.0,163.0,127.01170699375596,37.58655732942989
성북구,11290575,동선동,영앤레버리지형,0,-,1인청년·원룸배달형,청년1인·원룸형,"지하철역 접근 용이, 버스 환승망 발달","2030 청년 1인가구 밀집으로 배달음식, 간편식, 코인세탁 등 편의수요 최상","원룸촌 특유의 주차난, 잦은 이사로 인한 단골 고객 유지 어려움",2030 청년 직장인 및 취준생 1인가구,#역세권 #대학가 #환승요충지 #주차난,#가성비선호 #2030청년가구 #야간소비,#소비위축추세,"배달 전문점, 코인빨래방, 무인 프린트/카페, 1인 피트니스, 가성비 주점","대형 가족형 식당, 대형 키즈카페","[데이터] 식자재마트·정육·반찬가게 / 생활용품·무인점포·세탁  [현장키워드] 배달 전문점, 코인빨래방, 무인 프린트/카페, 1인 피트니스, 가성비 주점","식료품(×0.55), 생활용품(×0.74)","의류·신발(×3.15), 유흥(×2.32)",청년 1인가구의 실속형 소비와 배달·포장 수요가 지배적인 역동적 소형 상권,기대수준,위축되는 약세상권,⑥ 주의(위축),,,0.985287720482284,-257266993.74051857,-0.0775153557246687,"[청년1인·원룸형] 인구·인프라로 본 기대소비 대비 실제 ×0.99 (분기 약 3억 원 밑돎, 추세 악화). 유사 원형 동 대비 식료품(×0.55), 생활용품(×0.74) 비중이 낮아 해당 업종 공급 여지. 의류·신발(×3.15), 유흥(×2.32)은 이미 강세라 신규 진입 시 차별화 필요. 기대보다 약하고 더 약해지는 중 — 원인(재건축·공동화) 확인 전 진입 보류.",,15580.065,2639.9166666666665,0.1362088535754824,0.472057154303265,0.4932294565015767,0.4020831014654052,181189828.0,0.4363207547169811,1.0,146.0,127.01851329837636,37.59364726779841
성북구,11290580,돈암1동,알뜰안정형,3,-,서민베드타운·생활근린형,학원가·에듀형,마을버스 및 시내버스 연계망 중심,"오랜 정주기간을 가진 지역 토착민 단골 형성 용이, 가성비 상품 반응 우수","노후 주택가 골목길 주차 불편, 주민 평균 연령 상승에 따른 소비 단가 한계",지역 토착 다인가구 및 어르신/시니어층,#역세권공백 #주차난,#고령층,#노후상권,"가성비 식료품/정육점, 내과/정형외과/약국, 생활밀착 철물/잡화, 국밥/백반집","초고가 프리미엄 사치재, 유행성 팝업스토어","[데이터] 생활용품·무인점포·세탁 / 피트니스·필라테스·키즈카페·공방  [현장키워드] 가성비 식료품/정육점, 내과/정형외과/약국, 생활밀착 철물/잡화, 국밥/백반집","생활용품(×0.33), 여가·문화(×0.58)","의료비(×1.55), 음식(×1.41)",지역 주민들의 생필품과 가성비 외식을 책임지는 탄탄한 골목형 생활 상권,기대수준,안정(저평가),② 유출보완형 기회,37.6,177.0,0.7923512272230279,-269848557.14312565,-0.030526275013675,"[학원가·에듀형] 인구·인프라로 본 기대소비 대비 실제 ×0.79 (분기 약 3억 원 밑돎, 추세 보합). 유사 원형 동 대비 생활용품(×0.33), 여가·문화(×0.58) 비중이 낮아 해당 업종 공급 여지. 의료비(×1.55), 음식(×1.41)은 이미 강세라 신규 진입 시 차별화 필요. 수요 대비 소비가 꾸준히 밖으로 샘 — 빠진 필수업종을 채우는 근린형 진입.",,13546.480833333331,176.41666666666666,0.0159887798036465,0.2600280504908835,0.3110033343437405,0.1371908153986056,335447080.0,0.3254716981132075,0.0,42.0,127.02440331435469,37.59975491807728
성북구,11290590,돈암2동,알뜰안정형,3,-,서민베드타운·생활근린형,학원가·에듀형,마을버스 및 시내버스 연계망 중심,"오랜 정주기간을 가진 지역 토착민 단골 형성 용이, 가성비 상품 반응 우수","노후 주택가 골목길 주차 불편, 주민 평균 연령 상승에 따른 소비 단가 한계",지역 토착 다인가구 및 어르신/시니어층,#역세권공백 #주차난,#주말나들이 #고령층,#노후상권 #소비유출,"가성비 식료품/정육점, 내과/정형외과/약국, 생활밀착 철물/잡화, 국밥/백반집","초고가 프리미엄 사치재, 유행성 팝업스토어","[데이터] 음식점·카페·배달전문점  [현장키워드] 가성비 식료품/정육점, 내과/정형외과/약국, 생활밀착 철물/잡화, 국밥/백반집",음식(×0.73),여가·문화(×3.02),지역 주민들의 생필품과 가성비 외식을 책임지는 탄탄한 골목형 생활 상권,저평가,떠오르는 잠재상권,① 선점형 기회,75.3,15.0,0.4353234487752028,-1172489183.817124,0.0559377690583214,"[학원가·에듀형] 인구·인프라로 본 기대소비 대비 실제 ×0.44 (분기 약 12억 원 밑돎, 추세 개선). 유사 원형 동 대비 음식(×0.73) 비중이 낮아 해당 업종 공급 여지. 여가·문화(×3.02)은 이미 강세라 신규 진입 시 차별화 필요. 기대보다 덜 쓰지만 격차가 줄어드는 중 — 임대료 오르기 전 진입 적기.",,17891.241666666665,539.4166666666666,0.023572618183371,0.2319682282102745,0.2888448408765554,0.0787870278603677,419147665.0,0.3962264150943396,0.0,88.0,127.01159540593008,37.59708092788348
성북구,11290600,안암동,영앤레버리지형,0,-,1인청년·원룸배달형,청년1인·원룸형,"지하철역 접근 용이, 버스 환승망 발달","2030 청년 1인가구 밀집으로 배달음식, 간편식, 코인세탁 등 편의수요 최상","원룸촌 특유의 주차난, 잦은 이사로 인한 단골 고객 유지 어려움",2030 청년 직장인 및 취준생 1인가구,#역세권 #집객시설밀집 #의료허브 #대학가 #환승요충지 #주차난,#2030청년가구,#소비유출,"배달 전문점, 코인빨래방, 무인 프린트/카페, 1인 피트니스, 가성비 주점","대형 가족형 식당, 대형 키즈카페","[데이터] 학원·스터디카페·키즈교육 / 의류·잡화 편집숍  [현장키워드] 배달 전문점, 코인빨래방, 무인 프린트/카페, 1인 피트니스, 가성비 주점","교육(×0.55), 의류·신발(×0.60)","음식(×1.61), 유흥(×1.47)",청년 1인가구의 실속형 소비와 배달·포장 수요가 지배적인 역동적 소형 상권,저평가,안정(저평가),② 유출보완형 기회,62.4,83.0,0.5376887190366688,-5675240647.82888,0.0354057208582843,"[청년1인·원룸형] 인구·인프라로 본 기대소비 대비 실제 ×0.54 (분기 약 57억 원 밑돎, 추세 보합). 유사 원형 동 대비 교육(×0.55), 의류·신발(×0.60) 비중이 낮아 해당 업종 공급 여지. 음식(×1.61), 유흥(×1.47)은 이미 강세라 신규 진입 시 차별화 필요. 수요 대비 소비가 꾸준히 밖으로 샘 — 빠진 필수업종을 채우는 근린형 진입.",,17348.328333333335,2077.083333333333,0.1288586993072836,0.5049431703544287,0.5991423670668954,0.4755431675242996,192016146.0,0.2688679245283019,1.0,167.0,127.02721861973257,37.58772606240176
성북구,11290610,보문동,생활압박형,1,-,1인청년·원룸배달형,청년1인·원룸형,"지하철역 접근 용이, 버스 환승망 발달","2030 청년 1인가구 밀집으로 배달음식, 간편식, 코인세탁 등 편의수요 최상","원룸촌 특유의 주차난, 잦은 이사로 인한 단골 고객 유지 어려움",2030 청년 직장인 및 취준생 1인가구,#다중역세권 #환승요충지 #주차난,#2030청년가구,,"배달 전문점, 코인빨래방, 무인 프린트/카페, 1인 피트니스, 가성비 주점","대형 가족형 식당, 대형 키즈카페","[데이터] 의원(내과·소아과·치과)·약국  [현장키워드] 배달 전문점, 코인빨래방, 무인 프린트/카페, 1인 피트니스, 가성비 주점",의료비(×0.61),"의류·신발(×1.72), 교육(×1.64)",청년 1인가구의 실속형 소비와 배달·포장 수요가 지배적인 역동적 소형 상권,기대수준,안정(저평가),② 유출보완형 기회,59.3,100.0,0.6965760739405674,-1331846201.8787043,0.02059862024487,"[청년1인·원룸형] 인구·인프라로 본 기대소비 대비 실제 ×0.70 (분기 약 13억 원 밑돎, 추세 보합). 유사 원형 동 대비 의료비(×0.61) 비중이 낮아 해당 업종 공급 여지. 의류·신발(×1.72), 교육(×1.64)은 이미 강세라 신규 진입 시 차별화 필요. 수요 대비 소비가 꾸준히 밖으로 샘 — 빠진 필수업종을 채우는 근린형 진입.",,13082.666666666666,3792.1666666666665,0.2946423041189223,0.3376277485289563,0.3825699466725107,0.2465899627438089,253619175.0,0.3537735849056603,2.0,77.0,127.01913329976148,37.58282624761276
성북구,11290620,정릉1동,알뜰안정형,3,-,서민베드타운·생활근린형,근린주거형,마을버스 및 시내버스 연계망 중심,"오랜 정주기간을 가진 지역 토착민 단골 형성 용이, 가성비 상품 반응 우수","노후 주택가 골목길 주차 불편, 주민 평균 연령 상승에 따른 소비 단가 한계",지역 토착 다인가구 및 어르신/시니어층,#역세권공백 #주차난,#야간소비 #주말나들이 #고령층,#노후상권,"가성비 식료품/정육점, 내과/정형외과/약국, 생활밀착 철물/잡화, 국밥/백반집","초고가 프리미엄 사치재, 유행성 팝업스토어","[데이터] 의류·잡화 편집숍 / 주점·이자카야·노래방  [현장키워드] 가성비 식료품/정육점, 내과/정형외과/약국, 생활밀착 철물/잡화, 국밥/백반집","의류·신발(×0.22), 유흥(×0.46)","교육(×2.38), 여가·문화(×1.48)",지역 주민들의 생필품과 가성비 외식을 책임지는 탄탄한 골목형 생활 상권,기대수준,안정(저평가),② 유출보완형 기회,49.2,144.0,0.7851675133624189,-443611077.9615204,0.0112629765204013,"[근린주거형] 인구·인프라로 본 기대소비 대비 실제 ×0.79 (분기 약 4억 원 밑돎, 추세 보합). 유사 원형 동 대비 의류·신발(×0.22), 유흥(×0.46) 비중이 낮아 해당 업종 공급 여지. 교육(×2.38), 여가·문화(×1.48)은 이미 강세라 신규 진입 시 차별화 필요. 수요 대비 소비가 꾸준히 밖으로 샘 — 빠진 필수업종을 채우는 근린형 진입.",,15544.843333333332,515.75,0.0275772614482291,0.2567674261222648,0.3232661472084487,0.129473243608732,282449873.0,0.3915094339622642,0.0,63.0,127.01698686701162,37.60327909170645
성북구,11290630,정릉2동,알뜰안정형,3,-,서민베드타운·생활근린형,가족·아파트단지형,마을버스 및 시내버스 연계망 중심,"오랜 정주기간을 가진 지역 토착민 단골 형성 용이, 가성비 상품 반응 우수","노후 주택가 골목길 주차 불편, 주민 평균 연령 상승에 따른 소비 단가 한계",지역 토착 다인가구 및 어르신/시니어층,#역세권 #주차난,#가성비선호 #가족세대 #고령층,#노후상권,"가성비 식료품/정육점, 내과/정형외과/약국, 생활밀착 철물/잡화, 국밥/백반집","초고가 프리미엄 사치재, 유행성 팝업스토어","[현장키워드] 가성비 식료품/정육점, 내과/정형외과/약국, 생활밀착 철물/잡화, 국밥/백반집",,식료품(×1.36),지역 주민들의 생필품과 가성비 외식을 책임지는 탄탄한 골목형 생활 상권,기대수준,안정(초과),④ 검증·포화형,,,1.067247299774178,238128684.7397213,0.0219706129970429,"[가족·아파트단지형] 인구·인프라로 본 기대소비 대비 실제 ×1.07 (분기 약 2억 원 웃돎, 추세 보합). 식료품(×1.36)은 이미 강세라 신규 진입 시 차별화 필요. 수요는 검증됐지만 경쟁 치열 — 차별화 콘셉트 없으면 비추천.",,20073.625,1117.5,0.0481563749444691,0.2670812972012439,0.30791015625,0.1210859375,172918375.0,0.8797169811320755,1.0,110.0,127.00850480334412,37.60367644346763
성북구,11290640,정릉3동,영앤레버리지형,0,-,1인청년·원룸배달형,가족·아파트단지형,"지하철역 접근 용이, 버스 환승망 발달","2030 청년 1인가구 밀집으로 배달음식, 간편식, 코인세탁 등 편의수요 최상","원룸촌 특유의 주차난, 잦은 이사로 인한 단골 고객 유지 어려움",2030 청년 직장인 및 취준생 1인가구,#역세권공백 #대학가 #환승요충지 #주차난,#가성비선호 #2030청년가구,#소비위축추세,"배달 전문점, 코인빨래방, 무인 프린트/카페, 1인 피트니스, 가성비 주점","대형 가족형 식당, 대형 키즈카페","[데이터] 의원(내과·소아과·치과)·약국 / 생활용품·무인점포·세탁  [현장키워드] 배달 전문점, 코인빨래방, 무인 프린트/카페, 1인 피트니스, 가성비 주점","의료비(×0.25), 생활용품(×0.65)","유흥(×1.65), 음식(×1.43)",청년 1인가구의 실속형 소비와 배달·포장 수요가 지배적인 역동적 소형 상권,기대수준,위축되는 약세상권,⑥ 주의(위축),,,0.7246056361394504,-863553397.8399463,-0.0521807081924642,"[가족·아파트단지형] 인구·인프라로 본 기대소비 대비 실제 ×0.72 (분기 약 9억 원 밑돎, 추세 악화). 유사 원형 동 대비 의료비(×0.25), 생활용품(×0.65) 비중이 낮아 해당 업종 공급 여지. 유흥(×1.65), 음식(×1.43)은 이미 강세라 신규 진입 시 차별화 필요. 기대보다 약하고 더 약해지는 중 — 원인(재건축·공동화) 확인 전 진입 보류.",,16033.3825,281.6666666666667,0.018816124280166,0.3461229409401366,0.448594674556213,0.2287401380670611,137578168.0,0.7429245283018868,0.0,124.0,126.9945862123328,37.61210087867798
성북구,11290650,정릉4동,알뜰안정형,3,-,서민베드타운·생활근린형,가족·아파트단지형,마을버스 및 시내버스 연계망 중심,"오랜 정주기간을 가진 지역 토착민 단골 형성 용이, 가성비 상품 반응 우수","노후 주택가 골목길 주차 불편, 주민 평균 연령 상승에 따른 소비 단가 한계",지역 토착 다인가구 및 어르신/시니어층,#역세권 #대학가 #주차난,#가족세대 #고령층,#노후상권,"가성비 식료품/정육점, 내과/정형외과/약국, 생활밀착 철물/잡화, 국밥/백반집","초고가 프리미엄 사치재, 유행성 팝업스토어","[데이터] 생활용품·무인점포·세탁  [현장키워드] 가성비 식료품/정육점, 내과/정형외과/약국, 생활밀착 철물/잡화, 국밥/백반집",생활용품(×0.24),,지역 주민들의 생필품과 가성비 외식을 책임지는 탄탄한 골목형 생활 상권,기대수준,안정(저평가),② 유출보완형 기회,40.5,173.0,0.9457530010503244,-213772327.3628621,-0.0472776377711687,"[가족·아파트단지형] 인구·인프라로 본 기대소비 대비 실제 ×0.95 (분기 약 2억 원 밑돎, 추세 보합). 유사 원형 동 대비 생활용품(×0.24) 비중이 낮아 해당 업종 공급 여지. 수요 대비 소비가 꾸준히 밖으로 샘 — 빠진 필수업종을 채우는 근린형 진입.",,23156.17583333333,952.0,0.0424840684743221,0.2462826440084968,0.2942205161015142,0.1409609724888035,191431798.0,0.8042452830188679,1.0,133.0,126.99490252916794,37.6239488858616
성북구,11290660,길음1동,알뜰안정형,3,-,중산층·아파트대단지형,근린주거형,주요 간선도로 및 지하철 연계 버스망 우수,"안정된 소득의 아파트 거주 가족 배후, 유흥가 없는 쾌적하고 안전한 생활환경","단지 내 상가 외 상권 확장 한계, 백화점/대형몰로의 원정 소비 발생",3040 맞벌이 부부 및 초중등 자녀 가족,#역세권 #몰세권,#야간소비 #3040맞벌이,#소비위축추세,"단과 학원, 베이커리, 소아과/이비인후과/치과, 반찬가게, 피트니스","유흥업소, 저가 무인매장","[데이터] 생활용품·무인점포·세탁 / 피트니스·필라테스·키즈카페·공방  [현장키워드] 단과 학원, 베이커리, 소아과/이비인후과/치과, 반찬가게, 피트니스","생활용품(×0.48), 여가·문화(×0.66)","교육(×3.02), 식료품(×1.45)",가족 단위 주민들의 교육·의료·생필품 소비가 안정적으로 고정 매출을 보장하는 상권,기대수준,위축되는 약세상권,⑥ 주의(위축),,,0.9248559285147794,-391600283.3307657,-0.0567609149890287,"[근린주거형] 인구·인프라로 본 기대소비 대비 실제 ×0.92 (분기 약 4억 원 밑돎, 추세 악화). 유사 원형 동 대비 생활용품(×0.48), 여가·문화(×0.66) 비중이 낮아 해당 업종 공급 여지. 교육(×3.02), 식료품(×1.45)은 이미 강세라 신규 진입 시 차별화 필요. 기대보다 약하고 더 약해지는 중 — 원인(재건축·공동화) 확인 전 진입 보류.",,27979.4625,3710.8333333333335,0.1084157277535065,0.2040699011266958,0.292838234241969,0.0812173570866423,555071069.0,0.3844339622641509,1.0,129.0,127.01974004643084,37.608225098062775
성북구,11290685,길음2동,알뜰안정형,3,-,중산층·아파트대단지형,근린주거형,주요 간선도로 및 지하철 연계 버스망 우수,"안정된 소득의 아파트 거주 가족 배후, 유흥가 없는 쾌적하고 안전한 생활환경","단지 내 상가 외 상권 확장 한계, 백화점/대형몰로의 원정 소비 발생",3040 맞벌이 부부 및 초중등 자녀 가족,#역세권공백 #몰세권,#야간소비 #주말나들이 #3040맞벌이,#경쟁과열가능,"단과 학원, 베이커리, 소아과/이비인후과/치과, 반찬가게, 피트니스","유흥업소, 저가 무인매장","[데이터] 식자재마트·정육·반찬가게 / 생활용품·무인점포·세탁  [현장키워드] 단과 학원, 베이커리, 소아과/이비인후과/치과, 반찬가게, 피트니스","식료품(×0.22), 생활용품(×0.42)","여가·문화(×8.60), 교육(×1.44)",가족 단위 주민들의 교육·의료·생필품 소비가 안정적으로 고정 매출을 보장하는 상권,초과달성,안정(초과),④ 검증·포화형,,,2.1634300594523754,3271197578.6465926,0.0095089976282702,"[근린주거형] 인구·인프라로 본 기대소비 대비 실제 ×2.16 (분기 약 33억 원 웃돎, 추세 보합). 유사 원형 동 대비 식료품(×0.22), 생활용품(×0.42) 비중이 낮아 해당 업종 공급 여지. 여가·문화(×8.60), 교육(×1.44)은 이미 강세라 신규 진입 시 차별화 필요. 수요는 검증됐지만 경쟁 치열 — 차별화 콘셉트 없으면 비추천.",,15452.858333333332,316.8333333333333,0.0139850456937136,0.2475306932521,0.2899988122104763,0.1369479748188621,503395171.0,0.0566037735849056,0.0,112.0,127.02715815844054,37.60828669338947
성북구,11290705,종암동,알뜰안정형,3,-,1인청년·원룸배달형,근린주거형,"지하철역 접근 용이, 버스 환승망 발달","2030 청년 1인가구 밀집으로 배달음식, 간편식, 코인세탁 등 편의수요 최상","원룸촌 특유의 주차난, 잦은 이사로 인한 단골 고객 유지 어려움",2030 청년 직장인 및 취준생 1인가구,#역세권공백 #집객시설밀집 #환승요충지 #주차난,,,"배달 전문점, 코인빨래방, 무인 프린트/카페, 1인 피트니스, 가성비 주점","대형 가족형 식당, 대형 키즈카페","[데이터] 의류·잡화 편집숍 / 생활용품·무인점포·세탁  [현장키워드] 배달 전문점, 코인빨래방, 무인 프린트/카페, 1인 피트니스, 가성비 주점","의류·신발(×0.48), 생활용품(×0.57)",교육(×1.56),청년 1인가구의 실속형 소비와 배달·포장 수요가 지배적인 역동적 소형 상권,기대수준,안정(저평가),② 유출보완형 기회,74.7,21.0,0.7955165237689651,-1711760416.301777,0.03710003136124,"[근린주거형] 인구·인프라로 본 기대소비 대비 실제 ×0.80 (분기 약 17억 원 밑돎, 추세 보합). 유사 원형 동 대비 의류·신발(×0.48), 생활용품(×0.57) 비중이 낮아 해당 업종 공급 여지. 교육(×1.56)은 이미 강세라 신규 진입 시 차별화 필요. 수요 대비 소비가 꾸준히 밖으로 샘 — 빠진 필수업종을 채우는 근린형 진입.",,34481.846666666665,15579.833333333334,0.477422439439014,0.2655652358691033,0.355016218721038,0.1844421918443002,262472736.0,0.4811320754716981,0.0,189.0,127.03386916402484,37.59743703440874
성북구,11290715,월곡1동,알뜰안정형,3,-,서민베드타운·생활근린형,근린주거형,마을버스 및 시내버스 연계망 중심,"오랜 정주기간을 가진 지역 토착민 단골 형성 용이, 가성비 상품 반응 우수","노후 주택가 골목길 주차 불편, 주민 평균 연령 상승에 따른 소비 단가 한계",지역 토착 다인가구 및 어르신/시니어층,#역세권공백 #주차난,#고령층,#노후상권 #소비유출 #소비위축추세,"가성비 식료품/정육점, 내과/정형외과/약국, 생활밀착 철물/잡화, 국밥/백반집","초고가 프리미엄 사치재, 유행성 팝업스토어","[데이터] 피트니스·필라테스·키즈카페·공방 / 의류·잡화 편집숍  [현장키워드] 가성비 식료품/정육점, 내과/정형외과/약국, 생활밀착 철물/잡화, 국밥/백반집","여가·문화(×0.66), 의류·신발(×0.71)","생활용품(×12.28), 교육(×2.17)",지역 주민들의 생필품과 가성비 외식을 책임지는 탄탄한 골목형 생활 상권,저평가,위축되는 약세상권,⑥ 주의(위축),,,0.6215315616060041,-1822236973.306492,-0.0810554313546555,"[근린주거형] 인구·인프라로 본 기대소비 대비 실제 ×0.62 (분기 약 18억 원 밑돎, 추세 악화). 유사 원형 동 대비 여가·문화(×0.66), 의류·신발(×0.71) 비중이 낮아 해당 업종 공급 여지. 생활용품(×12.28), 교육(×2.17)은 이미 강세라 신규 진입 시 차별화 필요. 기대보다 약하고 더 약해지는 중 — 원인(재건축·공동화) 확인 전 진입 보류.",,22140.175,1328.3333333333333,0.052697419859265,0.2358092259577795,0.2965266742338251,0.1144036322360953,327301568.0,0.4056603773584906,0.0,108.0,127.03654664097247,37.60783366466426
성북구,11290725,월곡2동,생활압박형,1,-,1인청년·원룸배달형,근린주거형,"지하철역 접근 용이, 버스 환승망 발달","2030 청년 1인가구 밀집으로 배달음식, 간편식, 코인세탁 등 편의수요 최상","원룸촌 특유의 주차난, 잦은 이사로 인한 단골 고객 유지 어려움",2030 청년 직장인 및 취준생 1인가구,#다중역세권 #대학가 #환승요충지 #주차난,,,"배달 전문점, 코인빨래방, 무인 프린트/카페, 1인 피트니스, 가성비 주점","대형 가족형 식당, 대형 키즈카페","[데이터] 생활용품·무인점포·세탁 / 학원·스터디카페·키즈교육  [현장키워드] 배달 전문점, 코인빨래방, 무인 프린트/카페, 1인 피트니스, 가성비 주점","생활용품(×0.43), 교육(×0.63)",의류·신발(×2.09),청년 1인가구의 실속형 소비와 배달·포장 수요가 지배적인 역동적 소형 상권,기대수준,안정(저평가),② 유출보완형 기회,43.1,161.0,0.8501060533913185,-1033655348.3223906,-0.0414183239550076,"[근린주거형] 인구·인프라로 본 기대소비 대비 실제 ×0.85 (분기 약 10억 원 밑돎, 추세 보합). 유사 원형 동 대비 생활용품(×0.43), 교육(×0.63) 비중이 낮아 해당 업종 공급 여지. 의류·신발(×2.09)은 이미 강세라 신규 진입 시 차별화 필요. 수요 대비 소비가 꾸준히 밖으로 샘 — 빠진 필수업종을 채우는 근린형 진입.",,18094.38333333333,3469.1666666666665,0.2382539682539682,0.32,0.3739832930314354,0.2158941525610024,258710010.0,0.2358490566037736,2.0,135.0,127.0454002002377,37.60322653240499
성북구,11290760,장위1동,생활압박형,1,-,서민베드타운·생활근린형,가족·아파트단지형,마을버스 및 시내버스 연계망 중심,"오랜 정주기간을 가진 지역 토착민 단골 형성 용이, 가성비 상품 반응 우수","노후 주택가 골목길 주차 불편, 주민 평균 연령 상승에 따른 소비 단가 한계",지역 토착 다인가구 및 어르신/시니어층,#역세권공백 #주차난,#가성비선호 #가족세대 #고령층,#노후상권 #소비유출,"가성비 식료품/정육점, 내과/정형외과/약국, 생활밀착 철물/잡화, 국밥/백반집","초고가 프리미엄 사치재, 유행성 팝업스토어","[데이터] 의원(내과·소아과·치과)·약국 / 의류·잡화 편집숍  [현장키워드] 가성비 식료품/정육점, 내과/정형외과/약국, 생활밀착 철물/잡화, 국밥/백반집","의료비(×0.64), 의류·신발(×0.64)",유흥(×2.15),지역 주민들의 생필품과 가성비 외식을 책임지는 탄탄한 골목형 생활 상권,저평가,안정(저평가),② 유출보완형 기회,69.4,47.0,0.5485901650365332,-1343578130.4415967,0.0371431548019531,"[가족·아파트단지형] 인구·인프라로 본 기대소비 대비 실제 ×0.55 (분기 약 13억 원 밑돎, 추세 보합). 유사 원형 동 대비 의료비(×0.64), 의류·신발(×0.64) 비중이 낮아 해당 업종 공급 여지. 유흥(×2.15)은 이미 강세라 신규 진입 시 차별화 필요. 수요 대비 소비가 꾸준히 밖으로 샘 — 빠진 필수업종을 채우는 근린형 진입.",,19282.658333333333,409.6666666666667,0.0168707716022951,0.264023293654192,0.3081006584656219,0.1528507988362002,155488309.0,0.8702830188679245,0.0,103.0,127.0446598787933,37.61510185456549
성북구,11290770,장위2동,생활압박형,1,-,서민베드타운·생활근린형,근린주거형,마을버스 및 시내버스 연계망 중심,"오랜 정주기간을 가진 지역 토착민 단골 형성 용이, 가성비 상품 반응 우수","노후 주택가 골목길 주차 불편, 주민 평균 연령 상승에 따른 소비 단가 한계",지역 토착 다인가구 및 어르신/시니어층,#역세권 #주차난,#가성비선호 #고령층,#노후상권 #소비위축추세,"가성비 식료품/정육점, 내과/정형외과/약국, 생활밀착 철물/잡화, 국밥/백반집","초고가 프리미엄 사치재, 유행성 팝업스토어","[데이터] 학원·스터디카페·키즈교육 / 피트니스·필라테스·키즈카페·공방  [현장키워드] 가성비 식료품/정육점, 내과/정형외과/약국, 생활밀착 철물/잡화, 국밥/백반집","교육(×0.46), 여가·문화(×0.69)","생활용품(×6.20), 의류·신발(×2.07)",지역 주민들의 생필품과 가성비 외식을 책임지는 탄탄한 골목형 생활 상권,기대수준,위축되는 약세상권,⑥ 주의(위축),,,0.7242445333131702,-858553095.5342398,-0.0779321836904227,"[근린주거형] 인구·인프라로 본 기대소비 대비 실제 ×0.72 (분기 약 9억 원 밑돎, 추세 악화). 유사 원형 동 대비 교육(×0.46), 여가·문화(×0.69) 비중이 낮아 해당 업종 공급 여지. 생활용품(×6.20), 의류·신발(×2.07)은 이미 강세라 신규 진입 시 차별화 필요. 기대보다 약하고 더 약해지는 중 — 원인(재건축·공동화) 확인 전 진입 보류.",,15920.833333333334,663.25,0.0464831804281345,0.2698012232415902,0.3036330424193221,0.1844144509843718,179903942.0,0.6485849056603774,1.0,89.0,127.05189551729268,37.612350879105215
성북구,11290780,장위3동,알뜰안정형,3,-,서민베드타운·생활근린형,근린주거형,마을버스 및 시내버스 연계망 중심,"오랜 정주기간을 가진 지역 토착민 단골 형성 용이, 가성비 상품 반응 우수","노후 주택가 골목길 주차 불편, 주민 평균 연령 상승에 따른 소비 단가 한계",지역 토착 다인가구 및 어르신/시니어층,#역세권공백 #주차난,#고령층,#노후상권 #소비위축추세,"가성비 식료품/정육점, 내과/정형외과/약국, 생활밀착 철물/잡화, 국밥/백반집","초고가 프리미엄 사치재, 유행성 팝업스토어","[데이터] 주점·이자카야·노래방 / 의원(내과·소아과·치과)·약국  [현장키워드] 가성비 식료품/정육점, 내과/정형외과/약국, 생활밀착 철물/잡화, 국밥/백반집","유흥(×0.25), 의료비(×0.73)","교육(×1.75), 생활용품(×1.52)",지역 주민들의 생필품과 가성비 외식을 책임지는 탄탄한 골목형 생활 상권,기대수준,위축되는 약세상권,⑥ 주의(위축),,,0.7532193535107582,-517110750.12160254,-0.0936126730946186,"[근린주거형] 인구·인프라로 본 기대소비 대비 실제 ×0.75 (분기 약 5억 원 밑돎, 추세 악화). 유사 원형 동 대비 유흥(×0.25), 의료비(×0.73) 비중이 낮아 해당 업종 공급 여지. 교육(×1.75), 생활용품(×1.52)은 이미 강세라 신규 진입 시 차별화 필요. 기대보다 약하고 더 약해지는 중 — 원인(재건축·공동화) 확인 전 진입 보류.",,13034.758333333331,279.9166666666667,0.01772021393131,0.2694116888974805,0.2706585218500369,0.1262408538631939,326278598.0,0.3089622641509434,0.0,82.0,127.05345140283232,37.618260668448144
성북구,11290810,석관동,생활압박형,1,-,서민베드타운·생활근린형,근린주거형,마을버스 및 시내버스 연계망 중심,"오랜 정주기간을 가진 지역 토착민 단골 형성 용이, 가성비 상품 반응 우수","노후 주택가 골목길 주차 불편, 주민 평균 연령 상승에 따른 소비 단가 한계",지역 토착 다인가구 및 어르신/시니어층,#다중역세권 #주차난,#고령층,#노후상권,"가성비 식료품/정육점, 내과/정형외과/약국, 생활밀착 철물/잡화, 국밥/백반집","초고가 프리미엄 사치재, 유행성 팝업스토어","[데이터] 의류·잡화 편집숍  [현장키워드] 가성비 식료품/정육점, 내과/정형외과/약국, 생활밀착 철물/잡화, 국밥/백반집",의류·신발(×0.68),"유흥(×2.18), 교육(×1.78)",지역 주민들의 생필품과 가성비 외식을 책임지는 탄탄한 골목형 생활 상권,기대수준,안정(저평가),② 유출보완형 기회,51.7,128.0,0.9197621289326848,-551716423.8582277,-0.0235828487732652,"[근린주거형] 인구·인프라로 본 기대소비 대비 실제 ×0.92 (분기 약 6억 원 밑돎, 추세 보합). 유사 원형 동 대비 의류·신발(×0.68) 비중이 낮아 해당 업종 공급 여지. 유흥(×2.18), 교육(×1.78)은 이미 강세라 신규 진입 시 차별화 필요. 수요 대비 소비가 꾸준히 밖으로 샘 — 빠진 필수업종을 채우는 근린형 진입.",,30834.275,1733.9166666666667,0.0463160388533522,0.2718550106609808,0.3280934201661801,0.1805280549228449,200562779.0,0.5188679245283019,2.0,154.0,127.06136066360747,37.60827386641208
송파구,11710510,풍납1동,생활압박형,1,-,대단지·생활근린형,근린주거형,지하철 및 시내버스 대중교통 이용 원활,안정적인 주거 배후수요를 갖춘 생활 밀착형 상권,외부 유입 한계 및 자체 배후수요 의존도 높음,다인 가구 및 일반 중장년·가족 단위 거주,#역세권공백,,#외부유입한계,"편의점, 베이커리, 중소형 마트, 근린의원(내과/치과)","고가 사치재, 외지인 유입 중심 대형 매장","[데이터] 의원(내과·소아과·치과)·약국 / 의류·잡화 편집숍  [현장키워드] 편의점, 베이커리, 중소형 마트, 근린의원(내과/치과)","의료비(×0.39), 의류·신발(×0.51)",생활용품(×17.31),풍납1동 일대 안정적인 주거 배후지를 중심으로 형성된 근린 생활 상권,기대수준,안정(저평가),② 유출보완형 기회,51.3,131.0,0.7803767365386082,-426802783.5474713,0.0415035763377251,"[근린주거형] 인구·인프라로 본 기대소비 대비 실제 ×0.78 (분기 약 4억 원 밑돎, 추세 보합). 유사 원형 동 대비 의료비(×0.39), 의류·신발(×0.51) 비중이 낮아 해당 업종 공급 여지. 생활용품(×17.31)은 이미 강세라 신규 진입 시 차별화 필요. 수요 대비 소비가 꾸준히 밖으로 샘 — 빠진 필수업종을 채우는 근린형 진입.",,14671.814166666663,648.75,0.0554042553191489,0.2462978723404255,0.3000659485601231,0.1758994650839012,248265751.0,0.3443396226415094,0.0,48.0,127.1146637991839,37.5384340752653
송파구,11710520,풍납2동,알뜰안정형,3,-,대단지·생활근린형,근린주거형,지하철 및 시내버스 대중교통 이용 원활,안정적인 주거 배후수요를 갖춘 생활 밀착형 상권,외부 유입 한계 및 자체 배후수요 의존도 높음,다인 가구 및 일반 중장년·가족 단위 거주,#역세권 #의료허브,,#외부유입한계,"편의점, 베이커리, 중소형 마트, 근린의원(내과/치과)","고가 사치재, 외지인 유입 중심 대형 매장","[데이터] 의류·잡화 편집숍 / 음식점·카페·배달전문점  [현장키워드] 편의점, 베이커리, 중소형 마트, 근린의원(내과/치과)","의류·신발(×0.19), 음식(×0.27)","의료비(×3.60), 여가·문화(×1.53)",풍납2동 일대 안정적인 주거 배후지를 중심으로 형성된 근린 생활 상권,기대수준,안정(저평가),② 유출보완형 기회,41.9,168.0,0.9937424309502342,-32523321.150318146,-0.0149352736648477,"[근린주거형] 인구·인프라로 본 기대소비 대비 실제 ×0.99 (분기 약 0억 원 밑돎, 추세 보합). 유사 원형 동 대비 의류·신발(×0.19), 음식(×0.27) 비중이 낮아 해당 업종 공급 여지. 의료비(×3.60), 여가·문화(×1.53)은 이미 강세라 신규 진입 시 차별화 필요. 수요 대비 소비가 꾸준히 밖으로 샘 — 빠진 필수업종을 채우는 근린형 진입.",,22501.891666666663,440.9166666666667,0.0201681385869565,0.2980213994565217,0.3577004647804702,0.1420301430440864,312141913.0,0.5,1.0,125.0,127.10816850458949,37.530169019198894
송파구,11710531,거여1동,알뜰안정형,3,-,대단지·생활근린형,근린주거형,지하철 및 시내버스 대중교통 이용 원활,안정적인 주거 배후수요를 갖춘 생활 밀착형 상권,외부 유입 한계 및 자체 배후수요 의존도 높음,다인 가구 및 일반 중장년·가족 단위 거주,#역세권,,#외부유입한계,"편의점, 베이커리, 중소형 마트, 근린의원(내과/치과)","고가 사치재, 외지인 유입 중심 대형 매장","[데이터] 의류·잡화 편집숍  [현장키워드] 편의점, 베이커리, 중소형 마트, 근린의원(내과/치과)",의류·신발(×0.42),"유흥(×2.96), 생활용품(×2.90)",거여1동 일대 안정적인 주거 배후지를 중심으로 형성된 근린 생활 상권,기대수준,안정(저평가),② 유출보완형 기회,48.7,146.0,0.7520694969560865,-620340318.0836911,0.0130123192865394,"[근린주거형] 인구·인프라로 본 기대소비 대비 실제 ×0.75 (분기 약 6억 원 밑돎, 추세 보합). 유사 원형 동 대비 의류·신발(×0.42) 비중이 낮아 해당 업종 공급 여지. 유흥(×2.96), 생활용품(×2.90)은 이미 강세라 신규 진입 시 차별화 필요. 수요 대비 소비가 꾸준히 밖으로 샘 — 빠진 필수업종을 채우는 근린형 진입.",,11782.476666666667,2927.083333333333,0.2403630005827991,0.2687536424943801,0.3115626941166031,0.1513097879137456,231659303.0,0.6816037735849056,1.0,48.0,127.14186096238517,37.49475094645482
송파구,11710532,거여2동,알뜰안정형,3,-,대단지·생활근린형,근린주거형,지하철 및 시내버스 대중교통 이용 원활,안정적인 주거 배후수요를 갖춘 생활 밀착형 상권,외부 유입 한계 및 자체 배후수요 의존도 높음,다인 가구 및 일반 중장년·가족 단위 거주,#역세권공백,,#외부유입한계,"편의점, 베이커리, 중소형 마트, 근린의원(내과/치과)","고가 사치재, 외지인 유입 중심 대형 매장","[데이터] 의류·잡화 편집숍  [현장키워드] 편의점, 베이커리, 중소형 마트, 근린의원(내과/치과)",의류·신발(×0.62),"의료비(×1.60), 여가·문화(×1.37)",거여2동 일대 안정적인 주거 배후지를 중심으로 형성된 근린 생활 상권,기대수준,안정(초과),④ 검증·포화형,,,1.0403058516316397,130594625.4645729,-0.0106641844899701,"[근린주거형] 인구·인프라로 본 기대소비 대비 실제 ×1.04 (분기 약 1억 원 웃돎, 추세 보합). 유사 원형 동 대비 의류·신발(×0.62) 비중이 낮아 해당 업종 공급 여지. 의료비(×1.60), 여가·문화(×1.37)은 이미 강세라 신규 진입 시 차별화 필요. 수요는 검증됐지만 경쟁 치열 — 차별화 콘셉트 없으면 비추천.",,20015.641666666663,1410.75,0.0659433802339379,0.2523309035429734,0.3030482391240012,0.162151524119562,406082098.0,0.1650943396226415,0.0,78.0,127.14830141427724,37.492121108727815
송파구,11710540,마천1동,생활압박형,1,-,대단지·생활근린형,근린주거형,지하철 및 시내버스 대중교통 이용 원활,안정적인 주거 배후수요를 갖춘 생활 밀착형 상권,외부 유입 한계 및 자체 배후수요 의존도 높음,다인 가구 및 일반 중장년·가족 단위 거주,#역세권,#주말나들이,#외부유입한계,"편의점, 베이커리, 중소형 마트, 근린의원(내과/치과)","고가 사치재, 외지인 유입 중심 대형 매장","[데이터] 피트니스·필라테스·키즈카페·공방 / 음식점·카페·배달전문점  [현장키워드] 편의점, 베이커리, 중소형 마트, 근린의원(내과/치과)","여가·문화(×0.41), 음식(×0.45)","생활용품(×4.98), 의류·신발(×1.62)",마천1동 일대 안정적인 주거 배후지를 중심으로 형성된 근린 생활 상권,기대수준,안정(저평가),② 유출보완형 기회,46.7,153.0,0.8000881089231059,-363902764.48573565,0.0022213405334906,"[근린주거형] 인구·인프라로 본 기대소비 대비 실제 ×0.80 (분기 약 4억 원 밑돎, 추세 보합). 유사 원형 동 대비 여가·문화(×0.41), 음식(×0.45) 비중이 낮아 해당 업종 공급 여지. 생활용품(×4.98), 의류·신발(×1.62)은 이미 강세라 신규 진입 시 차별화 필요. 수요 대비 소비가 꾸준히 밖으로 샘 — 빠진 필수업종을 채우는 근린형 진입.",,17606.830833333333,584.0833333333334,0.0325881436992548,0.220776331887443,0.2774098166765227,0.1746096984033116,366040463.0,0.6391509433962265,1.0,73.0,127.15600865243684,37.49531876462369
송파구,11710550,마천2동,생활압박형,1,-,대단지·생활근린형,가족·아파트단지형,지하철 및 시내버스 대중교통 이용 원활,안정적인 주거 배후수요를 갖춘 생활 밀착형 상권,외부 유입 한계 및 자체 배후수요 의존도 높음,다인 가구 및 일반 중장년·가족 단위 거주,#역세권공백,#가족세대 #주말나들이,#외부유입한계,"편의점, 베이커리, 중소형 마트, 근린의원(내과/치과)","고가 사치재, 외지인 유입 중심 대형 매장","[데이터] 학원·스터디카페·키즈교육 / 피트니스·필라테스·키즈카페·공방  [현장키워드] 편의점, 베이커리, 중소형 마트, 근린의원(내과/치과)","교육(×0.38), 여가·문화(×0.46)","의류·신발(×1.97), 의료비(×1.37)",마천2동 일대 안정적인 주거 배후지를 중심으로 형성된 근린 생활 상권,기대수준,안정(초과),④ 검증·포화형,,,1.2050011109785133,668494948.5682173,0.0128618350114648,"[가족·아파트단지형] 인구·인프라로 본 기대소비 대비 실제 ×1.21 (분기 약 7억 원 웃돎, 추세 보합). 유사 원형 동 대비 교육(×0.38), 여가·문화(×0.46) 비중이 낮아 해당 업종 공급 여지. 의류·신발(×1.97), 의료비(×1.37)은 이미 강세라 신규 진입 시 차별화 필요. 수요는 검증됐지만 경쟁 치열 — 차별화 콘셉트 없으면 비추천.",,17507.715,1387.9166666666667,0.074651493598862,0.2281650071123755,0.267394891050805,0.1705865619844114,234997355.0,0.8113207547169812,0.0,93.0,127.1506477111596,37.50053353499824
송파구,11710561,방이1동,알뜰안정형,3,"파크리오, 올림픽선수기자촌, 미성·크로바",공원세권·대형학군형,학원가·에듀형,"8·9호선 올림픽공원역, 2호선 잠실나루역, 방이역","올림픽공원·석촌호수 청정 환경, 올림픽선수촌 방이역 일대 탄탄한 학원가, 방이동 먹자골목 유동인구","올림픽선수촌 등 노후 대단지 재건축 지연에 따른 주차난, 방이동 모텔촌 인접 구역 정주환경 저하","전통 중산층 및 올림픽공원 나들이객, 방이역 학원가 중고생",#역세권 #주차난 #공원·숲세권,#야간소비 #학원가·학군,#노후상권 #정비사업·공사,"패밀리 레스토랑, 학생 간식/분식, 올림픽공원 피크닉 카페, 체대입시/학원",단타형 유행 음식점,"[데이터] 식자재마트·정육·반찬가게 / 피트니스·필라테스·키즈카페·공방  [현장키워드] 패밀리 레스토랑, 학생 간식/분식, 올림픽공원 피크닉 카페, 체대입시/학원","식료품(×0.39), 여가·문화(×0.46)","유흥(×2.56), 음식(×1.69)",올림픽공원의 힐링 인프라와 방이역 일대 안정적인 학원가 수요가 결합된 우량 상권,기대수준,안정(저평가),② 유출보완형 기회,55.9,112.0,0.8310401180040066,-1170569869.8982365,0.0386244439133701,"[학원가·에듀형] 인구·인프라로 본 기대소비 대비 실제 ×0.83 (분기 약 12억 원 밑돎, 추세 보합). 유사 원형 동 대비 식료품(×0.39), 여가·문화(×0.46) 비중이 낮아 해당 업종 공급 여지. 유흥(×2.56), 음식(×1.69)은 이미 강세라 신규 진입 시 차별화 필요. 수요 대비 소비가 꾸준히 밖으로 샘 — 빠진 필수업종을 채우는 근린형 진입.",,15408.606666666668,7272.0,0.3961301437943145,0.2788416937247366,0.2765195927182968,0.1122165998148719,322265419.0,0.9363207547169812,1.0,73.0,127.12245820534145,37.50985547965046
송파구,11710562,방이2동,영앤레버리지형,0,"파크리오, 올림픽선수기자촌, 미성·크로바",공원세권·대형학군형,가족·아파트단지형,"8·9호선 올림픽공원역, 2호선 잠실나루역, 방이역","올림픽공원·석촌호수 청정 환경, 올림픽선수촌 방이역 일대 탄탄한 학원가, 방이동 먹자골목 유동인구","올림픽선수촌 등 노후 대단지 재건축 지연에 따른 주차난, 방이동 모텔촌 인접 구역 정주환경 저하","전통 중산층 및 올림픽공원 나들이객, 방이역 학원가 중고생",#역세권 #주차난 #공원·숲세권,#2030청년가구 #직장인밀집 #야간소비 #학원가·학군,#노후상권 #정비사업·공사,"패밀리 레스토랑, 학생 간식/분식, 올림픽공원 피크닉 카페, 체대입시/학원",단타형 유행 음식점,"[데이터] 의류·잡화 편집숍 / 식자재마트·정육·반찬가게  [현장키워드] 패밀리 레스토랑, 학생 간식/분식, 올림픽공원 피크닉 카페, 체대입시/학원","의류·신발(×0.05), 식료품(×0.05)",여가·문화(×15.33),올림픽공원의 힐링 인프라와 방이역 일대 안정적인 학원가 수요가 결합된 우량 상권,데이터점검,데이터점검,데이터점검,,,3.932470766149687,88003596064.79874,0.8949474357210937,데이터 집계 이상으로 해석 제외 (현장·원자료 확인 필요),,22912.408333333336,40795.0,1.5596305664137349,0.4437035333793209,0.4469899452717322,0.2897047219040346,239920799.0,0.8679245283018868,1.0,164.0,127.1138900366646,37.51324281621255
송파구,11710566,오륜동,자산안정형,2,"파크리오, 올림픽선수기자촌, 미성·크로바",공원세권·대형학군형,고자산·아파트형,"8·9호선 올림픽공원역, 2호선 잠실나루역, 방이역","올림픽공원·석촌호수 청정 환경, 올림픽선수촌 방이역 일대 탄탄한 학원가, 방이동 먹자골목 유동인구","올림픽선수촌 등 노후 대단지 재건축 지연에 따른 주차난, 방이동 모텔촌 인접 구역 정주환경 저하","전통 중산층 및 올림픽공원 나들이객, 방이역 학원가 중고생",#다중역세권 #대학가 #주차난 #공원·숲세권,#초고자산 #직장인밀집 #야간소비 #주말나들이 #학원가·학군,#노후상권 #정비사업·공사,"패밀리 레스토랑, 학생 간식/분식, 올림픽공원 피크닉 카페, 체대입시/학원",단타형 유행 음식점,"[데이터] 의원(내과·소아과·치과)·약국 / 생활용품·무인점포·세탁  [현장키워드] 패밀리 레스토랑, 학생 간식/분식, 올림픽공원 피크닉 카페, 체대입시/학원","의료비(×0.34), 생활용품(×0.61)","여가·문화(×2.63), 식료품(×1.53)",올림픽공원의 힐링 인프라와 방이역 일대 안정적인 학원가 수요가 결합된 우량 상권,기대수준,떠오르는 잠재상권,① 선점형 기회,70.9,40.0,0.8313661795879526,-540572179.4844265,0.0652467975096302,"[고자산·아파트형] 인구·인프라로 본 기대소비 대비 실제 ×0.83 (분기 약 5억 원 밑돎, 추세 개선). 유사 원형 동 대비 의료비(×0.34), 생활용품(×0.61) 비중이 낮아 해당 업종 공급 여지. 여가·문화(×2.63), 식료품(×1.53)은 이미 강세라 신규 진입 시 차별화 필요. 기대보다 덜 쓰지만 격차가 줄어드는 중 — 임대료 오르기 전 진입 적기.",,14375.865,16549.916666666668,0.8797123433900781,0.1981010169110624,0.2660941209328306,0.048294930875576,1584508693.0,0.5919811320754716,3.0,74.0,127.12883899753022,37.51742613125331
송파구,11710570,오금동,알뜰안정형,3,-,대단지·생활근린형,가족·아파트단지형,지하철 및 시내버스 대중교통 이용 원활,안정적인 주거 배후수요를 갖춘 생활 밀착형 상권,외부 유입 한계 및 자체 배후수요 의존도 높음,다인 가구 및 일반 중장년·가족 단위 거주,#다중역세권,#가족세대,#외부유입한계,"편의점, 베이커리, 중소형 마트, 근린의원(내과/치과)","고가 사치재, 외지인 유입 중심 대형 매장","[데이터] 의류·잡화 편집숍  [현장키워드] 편의점, 베이커리, 중소형 마트, 근린의원(내과/치과)",의류·신발(×0.59),"교육(×2.98), 생활용품(×2.05)",오금동 일대 안정적인 주거 배후지를 중심으로 형성된 근린 생활 상권,기대수준,안정(저평가),② 유출보완형 기회,72.3,30.0,0.7312397914523799,-2556377109.611747,0.0024748468148897,"[가족·아파트단지형] 인구·인프라로 본 기대소비 대비 실제 ×0.73 (분기 약 26억 원 밑돎, 추세 보합). 유사 원형 동 대비 의류·신발(×0.59) 비중이 낮아 해당 업종 공급 여지. 교육(×2.98), 생활용품(×2.05)은 이미 강세라 신규 진입 시 차별화 필요. 수요 대비 소비가 꾸준히 밖으로 샘 — 빠진 필수업종을 채우는 근린형 진입.",,31743.485833333336,20557.0,0.5740071235371308,0.2600894459173563,0.2957358166891312,0.1084153290037985,293781847.0,0.8349056603773585,3.0,134.0,127.134018326619,37.50400442081414
송파구,11710580,송파1동,영앤레버리지형,0,-,대단지·생활근린형,가족·아파트단지형,지하철 및 시내버스 대중교통 이용 원활,안정적인 주거 배후수요를 갖춘 생활 밀착형 상권,외부 유입 한계 및 자체 배후수요 의존도 높음,다인 가구 및 일반 중장년·가족 단위 거주,#다중역세권,#2030청년가구 #야간소비,#외부유입한계 #소비위축추세,"편의점, 베이커리, 중소형 마트, 근린의원(내과/치과)","고가 사치재, 외지인 유입 중심 대형 매장","[데이터] 식자재마트·정육·반찬가게  [현장키워드] 편의점, 베이커리, 중소형 마트, 근린의원(내과/치과)",식료품(×0.61),음식(×1.75),송파1동 일대 안정적인 주거 배후지를 중심으로 형성된 근린 생활 상권,기대수준,식어가는 강세상권,⑤ 경고(둔화),,,1.1250381214937926,1102326262.427082,-0.0578529964800083,"[가족·아파트단지형] 인구·인프라로 본 기대소비 대비 실제 ×1.13 (분기 약 11억 원 웃돎, 추세 악화). 유사 원형 동 대비 식료품(×0.61) 비중이 낮아 해당 업종 공급 여지. 음식(×1.75)은 이미 강세라 신규 진입 시 차별화 필요. 강세였으나 식는 중 — 신규 진입 보수적, 업종 전환 수요 관찰.",,22054.36833333333,14246.75,0.4672204855907164,0.4029889093478354,0.4265530285766373,0.2463032678547012,230387988.0,0.9764150943396226,2.0,102.0,127.11036340656342,37.50718240617835
송파구,11710590,송파2동,알뜰안정형,3,-,대단지·생활근린형,가족·아파트단지형,지하철 및 시내버스 대중교통 이용 원활,안정적인 주거 배후수요를 갖춘 생활 밀착형 상권,외부 유입 한계 및 자체 배후수요 의존도 높음,다인 가구 및 일반 중장년·가족 단위 거주,#역세권공백,#가족세대,#외부유입한계,"편의점, 베이커리, 중소형 마트, 근린의원(내과/치과)","고가 사치재, 외지인 유입 중심 대형 매장","[데이터] 의류·잡화 편집숍  [현장키워드] 편의점, 베이커리, 중소형 마트, 근린의원(내과/치과)",의류·신발(×0.68),"생활용품(×6.19), 교육(×3.17)",송파2동 일대 안정적인 주거 배후지를 중심으로 형성된 근린 생활 상권,기대수준,안정(저평가),② 유출보완형 기회,51.2,133.0,0.8738218317366091,-445641605.191483,0.0130842807181109,"[가족·아파트단지형] 인구·인프라로 본 기대소비 대비 실제 ×0.87 (분기 약 4억 원 밑돎, 추세 보합). 유사 원형 동 대비 의류·신발(×0.68) 비중이 낮아 해당 업종 공급 여지. 생활용품(×6.19), 교육(×3.17)은 이미 강세라 신규 진입 시 차별화 필요. 수요 대비 소비가 꾸준히 밖으로 샘 — 빠진 필수업종을 채우는 근린형 진입.",,16711.148333333334,4030.8333333333335,0.2310023814678501,0.2692141156094392,0.3198321474183543,0.0773234811165845,431349742.0,0.7830188679245284,0.0,79.0,127.11700695012968,37.50285118895995
송파구,11710600,석촌동,영앤레버리지형,0,-,대단지·생활근린형,가족·아파트단지형,지하철 및 시내버스 대중교통 이용 원활,안정적인 주거 배후수요를 갖춘 생활 밀착형 상권,외부 유입 한계 및 자체 배후수요 의존도 높음,다인 가구 및 일반 중장년·가족 단위 거주,#역세권공백,#2030청년가구,#외부유입한계 #소비위축추세,"편의점, 베이커리, 중소형 마트, 근린의원(내과/치과)","고가 사치재, 외지인 유입 중심 대형 매장","[데이터] 생활용품·무인점포·세탁  [현장키워드] 편의점, 베이커리, 중소형 마트, 근린의원(내과/치과)",생활용품(×0.58),의류·신발(×1.49),석촌동 일대 안정적인 주거 배후지를 중심으로 형성된 근린 생활 상권,기대수준,위축되는 약세상권,⑥ 주의(위축),,,0.9547170454902484,-559406874.8325882,-0.0715530728476974,"[가족·아파트단지형] 인구·인프라로 본 기대소비 대비 실제 ×0.95 (분기 약 6억 원 밑돎, 추세 악화). 유사 원형 동 대비 생활용품(×0.58) 비중이 낮아 해당 업종 공급 여지. 의류·신발(×1.49)은 이미 강세라 신규 진입 시 차별화 필요. 기대보다 약하고 더 약해지는 중 — 원인(재건축·공동화) 확인 전 진입 보류.",,29374.631666666668,8474.0,0.3106381591812789,0.3835473567564044,0.4035315413777793,0.2580217903616927,233692189.0,0.981132075471698,0.0,159.0,127.1025081499752,37.50272950941379
송파구,11710610,삼전동,영앤레버리지형,0,-,대단지·생활근린형,가족·아파트단지형,지하철 및 시내버스 대중교통 이용 원활,안정적인 주거 배후수요를 갖춘 생활 밀착형 상권,외부 유입 한계 및 자체 배후수요 의존도 높음,다인 가구 및 일반 중장년·가족 단위 거주,#역세권,#2030청년가구,#외부유입한계 #소비위축추세,"편의점, 베이커리, 중소형 마트, 근린의원(내과/치과)","고가 사치재, 외지인 유입 중심 대형 매장","[현장키워드] 편의점, 베이커리, 중소형 마트, 근린의원(내과/치과)",,"교육(×2.64), 생활용품(×1.96)",삼전동 일대 안정적인 주거 배후지를 중심으로 형성된 근린 생활 상권,기대수준,식어가는 강세상권,⑤ 경고(둔화),,,1.1679936623269167,1068036449.3046818,-0.063046438534805,"[가족·아파트단지형] 인구·인프라로 본 기대소비 대비 실제 ×1.17 (분기 약 11억 원 웃돎, 추세 악화). 교육(×2.64), 생활용품(×1.96)은 이미 강세라 신규 진입 시 차별화 필요. 강세였으나 식는 중 — 신규 진입 보수적, 업종 전환 수요 관찰.",,27551.175,3996.75,0.1497488128828022,0.381391507810887,0.4277480140402734,0.2712636246074266,206041603.0,0.9905660377358492,1.0,118.0,127.09188763577404,37.50190031295666
송파구,11710620,가락본동,알뜰안정형,3,"헬리오시티(9,510세대), 가락금호, 가락쌍용1차",초대형·미니신도시형,가족·아파트단지형,"8호선 송파역 직결, 3·8호선 가락시장역","9,510세대 단일 최대 단지 헬리오시티의 고정 배후, 메인상가 완벽한 업종 구성, 가락시장 현대화","헬리오시티 메인상가 내 동일 업종 과당경쟁(학원, 병원, 카페 치열), 가락시장 주변 화물차량 혼잡",영유아~초등학생 자녀를 둔 3040 젊은 고소득 부부,#역세권공백 #의료허브,#직장인밀집,#교통정체 #경쟁과열 #주말공동화,"소아청소년과/안과/치과, 영유아 교구/어학원, 프리미엄 정육/수산, 브런치 카페","성인오락실/유흥시설(학원가 제한), 저가 무인 자판기","[데이터] 식자재마트·정육·반찬가게  [현장키워드] 소아청소년과/안과/치과, 영유아 교구/어학원, 프리미엄 정육/수산, 브런치 카페",식료품(×0.49),"유흥(×2.00), 의료비(×1.81)","9,510세대 헬리오시티 입주로 단숨에 미니 신도시급 구매력을 갖춘 서울 동남권 핵심 상권",기대수준,안정(저평가),② 유출보완형 기회,65.5,64.0,0.7037823814091659,-3939607901.786423,-0.036981031802565,"[가족·아파트단지형] 인구·인프라로 본 기대소비 대비 실제 ×0.70 (분기 약 39억 원 밑돎, 추세 보합). 유사 원형 동 대비 식료품(×0.49) 비중이 낮아 해당 업종 공급 여지. 유흥(×2.00), 의료비(×1.81)은 이미 강세라 신규 진입 시 차별화 필요. 수요 대비 소비가 꾸준히 밖으로 샘 — 빠진 필수업종을 채우는 근린형 진입.",,23772.63333333333,26192.25,1.0971753208056891,0.3162766675936593,0.3410901467505241,0.1488834381551362,306705931.0,0.7169811320754716,0.0,144.0,127.12165695132244,37.49701698536128
송파구,11710631,가락1동,자산안정형,2,"헬리오시티(9,510세대), 가락금호, 가락쌍용1차",초대형·미니신도시형,고자산·아파트형,"8호선 송파역 직결, 3·8호선 가락시장역","9,510세대 단일 최대 단지 헬리오시티의 고정 배후, 메인상가 완벽한 업종 구성, 가락시장 현대화","헬리오시티 메인상가 내 동일 업종 과당경쟁(학원, 병원, 카페 치열), 가락시장 주변 화물차량 혼잡",영유아~초등학생 자녀를 둔 3040 젊은 고소득 부부,#다중역세권,#초고자산,#교통정체 #경쟁과열 #경쟁과열가능,"소아청소년과/안과/치과, 영유아 교구/어학원, 프리미엄 정육/수산, 브런치 카페","성인오락실/유흥시설(학원가 제한), 저가 무인 자판기","[데이터] 피트니스·필라테스·키즈카페·공방 / 의원(내과·소아과·치과)·약국  [현장키워드] 소아청소년과/안과/치과, 영유아 교구/어학원, 프리미엄 정육/수산, 브런치 카페","여가·문화(×0.41), 의료비(×0.61)","생활용품(×3.50), 식료품(×2.24)","9,510세대 헬리오시티 입주로 단숨에 미니 신도시급 구매력을 갖춘 서울 동남권 핵심 상권",초과달성,성장하는 강세상권,③ 확장형,,,1.816261869457416,2801416114.106235,0.0711984024498338,"[고자산·아파트형] 인구·인프라로 본 기대소비 대비 실제 ×1.82 (분기 약 28억 원 웃돎, 추세 개선). 유사 원형 동 대비 여가·문화(×0.41), 의료비(×0.61) 비중이 낮아 해당 업종 공급 여지. 생활용품(×3.50), 식료품(×2.24)은 이미 강세라 신규 진입 시 차별화 필요. 이미 강하고 더 커지는 중 — 핵심가 대신 2선 입지·배후 골목 공략.",,23992.49166666667,5350.0,0.2228330117587098,0.265899741526812,0.2342074570149366,0.08227623311637,988708333.0,0.0047169811320754,3.0,82.0,127.10827635341148,37.49519195414569
송파구,11710632,가락2동,알뜰안정형,3,"헬리오시티(9,510세대), 가락금호, 가락쌍용1차",초대형·미니신도시형,가족·아파트단지형,"8호선 송파역 직결, 3·8호선 가락시장역","9,510세대 단일 최대 단지 헬리오시티의 고정 배후, 메인상가 완벽한 업종 구성, 가락시장 현대화","헬리오시티 메인상가 내 동일 업종 과당경쟁(학원, 병원, 카페 치열), 가락시장 주변 화물차량 혼잡",영유아~초등학생 자녀를 둔 3040 젊은 고소득 부부,#역세권,#가족세대,#교통정체 #경쟁과열,"소아청소년과/안과/치과, 영유아 교구/어학원, 프리미엄 정육/수산, 브런치 카페","성인오락실/유흥시설(학원가 제한), 저가 무인 자판기","[데이터] 의류·잡화 편집숍 / 생활용품·무인점포·세탁  [현장키워드] 소아청소년과/안과/치과, 영유아 교구/어학원, 프리미엄 정육/수산, 브런치 카페","의류·신발(×0.51), 생활용품(×0.75)","교육(×2.14), 의료비(×1.50)","9,510세대 헬리오시티 입주로 단숨에 미니 신도시급 구매력을 갖춘 서울 동남권 핵심 상권",기대수준,안정(저평가),② 유출보완형 기회,67.2,56.0,0.7345806485300176,-2273663829.650028,0.0018868420509793,"[가족·아파트단지형] 인구·인프라로 본 기대소비 대비 실제 ×0.73 (분기 약 23억 원 밑돎, 추세 보합). 유사 원형 동 대비 의류·신발(×0.51), 생활용품(×0.75) 비중이 낮아 해당 업종 공급 여지. 교육(×2.14), 의료비(×1.50)은 이미 강세라 신규 진입 시 차별화 필요. 수요 대비 소비가 꾸준히 밖으로 샘 — 빠진 필수업종을 채우는 근린형 진입.",,26449.23166666667,6470.833333333333,0.2223148712356884,0.2762900484269266,0.3344206930959051,0.0981828299497256,322360011.0,0.8136792452830188,1.0,143.0,127.13076957846668,37.49585396191582
송파구,11710641,문정1동,알뜰안정형,3,"송파파인타운, 문정올림픽훼밀리타운, 위례송파푸르지오",법조오피스·지산복합형,가족·아파트단지형,"8호선 문정역·장지역, SRT 수서역 인접, 가든파이브","서울동부지법·지검 및 대규모 지식산업센터 직장인 유동인구, 가든파이브·NC백화점 쇼핑인프라","주말 지식산업센터 일대 유동인구 급감(공동화 현상), 위례 방면 출퇴근 교통체증",법조/IT/지산 입주기업 2030 직장인 및 인근 아파트 주민,#역세권공백 #몰세권,#직장인밀집 #신축입주,#주말공동화,"직장인 점심 뷔페/한식뷔페, 피트니스, 저가 커피 프랜차이즈, 호프/이자카야","키즈 테마파크(오피스 밀집 구역), 고급 가구점","[데이터] 의원(내과·소아과·치과)·약국 / 생활용품·무인점포·세탁  [현장키워드] 직장인 점심 뷔페/한식뷔페, 피트니스, 저가 커피 프랜차이즈, 호프/이자카야","의료비(×0.63), 생활용품(×0.66)","여가·문화(×2.63), 의류·신발(×2.31)",평일 낮 문정법조단지/지식산업센터의 막강한 직장인 점심·회식 수요가 지배하는 상권,기대수준,안정(저평가),② 유출보완형 기회,71.2,38.0,0.7690017901056081,-1087361393.3516517,0.0179253864673711,"[가족·아파트단지형] 인구·인프라로 본 기대소비 대비 실제 ×0.77 (분기 약 11억 원 밑돎, 추세 보합). 유사 원형 동 대비 의료비(×0.63), 생활용품(×0.66) 비중이 낮아 해당 업종 공급 여지. 여가·문화(×2.63), 의류·신발(×2.31)은 이미 강세라 신규 진입 시 차별화 필요. 수요 대비 소비가 꾸준히 밖으로 샘 — 빠진 필수업종을 채우는 근린형 진입.",,17928.670000000002,26750.666666666668,1.2240795815813763,0.3140190749666701,0.3533452474031051,0.1262342231654194,323269052.0,0.9056603773584906,0.0,70.0,127.1269008991108,37.488442895397405
송파구,11710642,문정2동,알뜰안정형,3,"송파파인타운, 문정올림픽훼밀리타운, 위례송파푸르지오",법조오피스·지산복합형,오피스·업무형,"8호선 문정역·장지역, SRT 수서역 인접, 가든파이브","서울동부지법·지검 및 대규모 지식산업센터 직장인 유동인구, 가든파이브·NC백화점 쇼핑인프라","주말 지식산업센터 일대 유동인구 급감(공동화 현상), 위례 방면 출퇴근 교통체증",법조/IT/지산 입주기업 2030 직장인 및 인근 아파트 주민,#다중역세권 #몰세권,#초고자산 #2030청년가구 #직장인밀집 #신축입주,#주말공동화 #소비위축추세,"직장인 점심 뷔페/한식뷔페, 피트니스, 저가 커피 프랜차이즈, 호프/이자카야","키즈 테마파크(오피스 밀집 구역), 고급 가구점","[데이터] 피트니스·필라테스·키즈카페·공방  [현장키워드] 직장인 점심 뷔페/한식뷔페, 피트니스, 저가 커피 프랜차이즈, 호프/이자카야",여가·문화(×0.27),"생활용품(×7.14), 의류·신발(×6.34)",평일 낮 문정법조단지/지식산업센터의 막강한 직장인 점심·회식 수요가 지배하는 상권,기대수준,식어가는 강세상권,⑤ 경고(둔화),,,1.0866455600643183,1612023621.6385498,-0.1710722416727457,"[오피스·업무형] 인구·인프라로 본 기대소비 대비 실제 ×1.09 (분기 약 16억 원 웃돎, 추세 악화). 유사 원형 동 대비 여가·문화(×0.27) 비중이 낮아 해당 업종 공급 여지. 생활용품(×7.14), 의류·신발(×6.34)은 이미 강세라 신규 진입 시 차별화 필요. 강세였으나 식는 중 — 신규 진입 보수적, 업종 전환 수요 관찰.",,23256.27083333333,51000.16666666666,2.7164547286498504,0.4163365992634285,0.3715362791963001,0.3041712331429016,1320577273.0,0.0212264150943396,3.0,149.0,127.11914395257529,37.48119785867748
송파구,11710646,장지동,알뜰안정형,3,"송파파인타운, 문정올림픽훼밀리타운, 위례송파푸르지오",법조오피스·지산복합형,가족·아파트단지형,"8호선 문정역·장지역, SRT 수서역 인접, 가든파이브","서울동부지법·지검 및 대규모 지식산업센터 직장인 유동인구, 가든파이브·NC백화점 쇼핑인프라","주말 지식산업센터 일대 유동인구 급감(공동화 현상), 위례 방면 출퇴근 교통체증",법조/IT/지산 입주기업 2030 직장인 및 인근 아파트 주민,#역세권 #몰세권,#가족세대 #신축입주,#주말공동화 #소비유출,"직장인 점심 뷔페/한식뷔페, 피트니스, 저가 커피 프랜차이즈, 호프/이자카야","키즈 테마파크(오피스 밀집 구역), 고급 가구점","[데이터] 생활용품·무인점포·세탁 / 의류·잡화 편집숍  [현장키워드] 직장인 점심 뷔페/한식뷔페, 피트니스, 저가 커피 프랜차이즈, 호프/이자카야","생활용품(×0.63), 의류·신발(×0.70)",교육(×2.97),평일 낮 문정법조단지/지식산업센터의 막강한 직장인 점심·회식 수요가 지배하는 상권,저평가,안정(저평가),② 유출보완형 기회,64.1,72.0,0.6095493298841316,-2426050856.2368007,-0.0216106571743759,"[가족·아파트단지형] 인구·인프라로 본 기대소비 대비 실제 ×0.61 (분기 약 24억 원 밑돎, 추세 보합). 유사 원형 동 대비 생활용품(×0.63), 의류·신발(×0.70) 비중이 낮아 해당 업종 공급 여지. 교육(×2.97)은 이미 강세라 신규 진입 시 차별화 필요. 수요 대비 소비가 꾸준히 밖으로 샘 — 빠진 필수업종을 채우는 근린형 진입.",,27551.75333333333,3744.5833333333335,0.13911424858638,0.2775963193200575,0.3332453328304733,0.1347542900245144,359665487.0,0.7122641509433962,1.0,136.0,127.13150466192288,37.48297775415758
송파구,11710647,위례동,자산안정형,2,-,대단지·생활근린형,학원가·에듀형,지하철 및 시내버스 대중교통 이용 원활,안정적인 주거 배후수요를 갖춘 생활 밀착형 상권,외부 유입 한계 및 자체 배후수요 의존도 높음,다인 가구 및 일반 중장년·가족 단위 거주,#역세권공백,#초고자산 #야간소비 #주말나들이,#외부유입한계 #소비위축추세 #경쟁과열가능,"편의점, 베이커리, 중소형 마트, 근린의원(내과/치과)","고가 사치재, 외지인 유입 중심 대형 매장","[데이터] 생활용품·무인점포·세탁  [현장키워드] 편의점, 베이커리, 중소형 마트, 근린의원(내과/치과)",생활용품(×0.33),음식(×1.73),위례동 일대 안정적인 주거 배후지를 중심으로 형성된 근린 생활 상권,초과달성,식어가는 강세상권,⑤ 경고(둔화),,,3.406628856408912,3315255212.988717,-0.0939549915941553,"[학원가·에듀형] 인구·인프라로 본 기대소비 대비 실제 ×3.41 (분기 약 33억 원 웃돎, 추세 악화). 유사 원형 동 대비 생활용품(×0.33) 비중이 낮아 해당 업종 공급 여지. 음식(×1.73)은 이미 강세라 신규 진입 시 차별화 필요. 강세였으나 식는 중 — 신규 진입 보수적, 업종 전환 수요 관찰.",,24147.03,0.0,0.0,0.2458702097777381,0.2640549828178694,0.0748312714776632,775064459.0,0.0731132075471698,0.0,84.0,127.14070474690848,37.48121019018826
송파구,11710650,잠실본동,영앤레버리지형,0,"잠실엘스 인근 다세대/원룸촌, 잠실우성",먹자골목·유흥야간형,가족·아파트단지형,"2·9호선 종합운동장역, 잠실새내역 도보권","잠실새내 먹자골목 중심의 압도적 야간 유동인구, 야구 시즌 잠실야구장 팬 특수","유흥가·모텔촌 밀집으로 심야 소음 극심, 취객 시비, 주차 공간 절대 부족","2030 청년층, 프로야구 관람객, 인근 직장인",#역세권 #집객시설밀집 #주차난,#2030청년가구 #야간소비 #주말나들이,#유흥가소음,"치맥 전문점, 고깃집, 포차, 코인노래방, 숙취해소 24시 해장국","정숙을 요하는 독서실/스터디카페, 고급 아동복","[데이터] 의류·잡화 편집숍 / 식자재마트·정육·반찬가게  [현장키워드] 치맥 전문점, 고깃집, 포차, 코인노래방, 숙취해소 24시 해장국","의류·신발(×0.43), 식료품(×0.59)","유흥(×2.22), 의료비(×1.52)",잠실새내역의 번화한 먹자골목과 야구장 관람객 특수가 폭발하는 활기찬 야간 상권,기대수준,안정(저평가),② 유출보완형 기회,56.8,109.0,0.7961312825854501,-4774889839.696812,-0.046930482879189,"[가족·아파트단지형] 인구·인프라로 본 기대소비 대비 실제 ×0.80 (분기 약 48억 원 밑돎, 추세 보합). 유사 원형 동 대비 의류·신발(×0.43), 식료품(×0.59) 비중이 낮아 해당 업종 공급 여지. 유흥(×2.22), 의료비(×1.52)은 이미 강세라 신규 진입 시 차별화 필요. 수요 대비 소비가 꾸준히 밖으로 샘 — 빠진 필수업종을 채우는 근린형 진입.",,26576.138333333336,11511.916666666666,0.4399769211351916,0.4030867981681151,0.4080928714487056,0.2814323863214895,234213241.0,0.910377358490566,1.0,192.0,127.08261855968016,37.505988713144895
송파구,11710670,잠실2동,자산안정형,2,"잠실엘스, 리센츠, 트리지움, 레이크팰리스",완성형·대단지슬리퍼형,학원가·에듀형,2호선 잠실새내역·잠실역 지하상가 다이렉트 연결,"2만 세대 엘·리·트 대단지의 막강한 배후수요, 롯데월드몰/백화점 인프라, 단지 내 초·중·고 완벽","단지 내 상가 매물이 거의 없고 권리금 극상, 외부 손님 유입 제한적, 폐쇄적 주민 소비",3040 고소득 맞벌이 전문직 및 초·중등 학부모,#역세권 #몰세권,#초고자산 #3040맞벌이,#고임대료,"이비인후과/소아과/치과, 단과 전문학원, 테이크아웃 반찬/베이커리, 네일샵","유흥주점(단지내 불가), 대형 가구점","[데이터] 생활용품·무인점포·세탁 / 학원·스터디카페·키즈교육  [현장키워드] 이비인후과/소아과/치과, 단과 전문학원, 테이크아웃 반찬/베이커리, 네일샵","생활용품(×0.57), 교육(×0.67)","의료비(×2.73), 의류·신발(×2.12)",2만 세대 엘·리·트 아파트 주민들이 단지 밖으로 나가지 않고 소비하는 난공불락의 슬리퍼 상권,기대수준,떠오르는 잠재상권,① 선점형 기회,71.6,35.0,0.8721594664674824,-513195824.27951,0.0669550652249117,"[학원가·에듀형] 인구·인프라로 본 기대소비 대비 실제 ×0.87 (분기 약 5억 원 밑돎, 추세 개선). 유사 원형 동 대비 생활용품(×0.57), 교육(×0.67) 비중이 낮아 해당 업종 공급 여지. 의료비(×2.73), 의류·신발(×2.12)은 이미 강세라 신규 진입 시 차별화 필요. 기대보다 덜 쓰지만 격차가 줄어드는 중 — 임대료 오르기 전 진입 적기.",,25342.80083333333,3868.6666666666665,0.1163883239279268,0.1879458019421925,0.2604479335026552,0.0561313784345416,1593767032.0,0.3183962264150943,1.0,91.0,127.07933949383688,37.51742470319823
송파구,11710680,잠실3동,자산안정형,2,"잠실엘스, 리센츠, 트리지움, 레이크팰리스",완성형·대단지슬리퍼형,고자산·아파트형,2호선 잠실새내역·잠실역 지하상가 다이렉트 연결,"2만 세대 엘·리·트 대단지의 막강한 배후수요, 롯데월드몰/백화점 인프라, 단지 내 초·중·고 완벽","단지 내 상가 매물이 거의 없고 권리금 극상, 외부 손님 유입 제한적, 폐쇄적 주민 소비",3040 고소득 맞벌이 전문직 및 초·중등 학부모,#역세권공백 #몰세권,#초고자산 #직장인밀집 #야간소비 #3040맞벌이,#고임대료,"이비인후과/소아과/치과, 단과 전문학원, 테이크아웃 반찬/베이커리, 네일샵","유흥주점(단지내 불가), 대형 가구점","[데이터] 음식점·카페·배달전문점 / 식자재마트·정육·반찬가게  [현장키워드] 이비인후과/소아과/치과, 단과 전문학원, 테이크아웃 반찬/베이커리, 네일샵","음식(×0.44), 식료품(×0.45)","여가·문화(×6.89), 생활용품(×1.84)",2만 세대 엘·리·트 아파트 주민들이 단지 밖으로 나가지 않고 소비하는 난공불락의 슬리퍼 상권,기대수준,안정(초과),④ 검증·포화형,,,1.1572105030537465,1257373090.878602,0.0280428341325956,"[고자산·아파트형] 인구·인프라로 본 기대소비 대비 실제 ×1.16 (분기 약 13억 원 웃돎, 추세 보합). 유사 원형 동 대비 음식(×0.44), 식료품(×0.45) 비중이 낮아 해당 업종 공급 여지. 여가·문화(×6.89), 생활용품(×1.84)은 이미 강세라 신규 진입 시 차별화 필요. 수요는 검증됐지만 경쟁 치열 — 차별화 콘셉트 없으면 비추천.",,30175.335000000003,32464.75,1.1437657151308978,0.2085194497855347,0.2578879170715905,0.0616550048590864,1588357988.0,0.1816037735849056,0.0,103.0,127.09424373378847,37.51389983804155
송파구,11710690,잠실4동,자산안정형,2,-,대단지·생활근린형,고자산·아파트형,지하철 및 시내버스 대중교통 이용 원활,안정적인 주거 배후수요를 갖춘 생활 밀착형 상권,외부 유입 한계 및 자체 배후수요 의존도 높음,다인 가구 및 일반 중장년·가족 단위 거주,#다중역세권,#초고자산,#외부유입한계,"편의점, 베이커리, 중소형 마트, 근린의원(내과/치과)","고가 사치재, 외지인 유입 중심 대형 매장","[데이터] 생활용품·무인점포·세탁 / 피트니스·필라테스·키즈카페·공방  [현장키워드] 편의점, 베이커리, 중소형 마트, 근린의원(내과/치과)","생활용품(×0.12), 여가·문화(×0.50)","교육(×1.69), 의료비(×1.59)",잠실4동 일대 안정적인 주거 배후지를 중심으로 형성된 근린 생활 상권,기대수준,떠오르는 잠재상권,① 선점형 기회,70.5,41.0,0.7518871707366033,-567562037.0343127,0.0769645197514819,"[고자산·아파트형] 인구·인프라로 본 기대소비 대비 실제 ×0.75 (분기 약 6억 원 밑돎, 추세 개선). 유사 원형 동 대비 생활용품(×0.12), 여가·문화(×0.50) 비중이 낮아 해당 업종 공급 여지. 교육(×1.69), 의료비(×1.59)은 이미 강세라 신규 진입 시 차별화 필요. 기대보다 덜 쓰지만 격차가 줄어드는 중 — 임대료 오르기 전 진입 적기.",,21172.1,4500.416666666667,0.2094186485466213,0.2005945639864099,0.3071630117320925,0.0621033612197416,1406654040.0,0.1698113207547169,2.0,74.0,127.1091616067086,37.52069857640795
송파구,11710710,잠실6동,자산안정형,2,-,대단지·생활근린형,오피스·업무형,지하철 및 시내버스 대중교통 이용 원활,안정적인 주거 배후수요를 갖춘 생활 밀착형 상권,외부 유입 한계 및 자체 배후수요 의존도 높음,다인 가구 및 일반 중장년·가족 단위 거주,#다중역세권,#초고자산 #직장인밀집,#외부유입한계 #주말공동화 #경쟁과열가능,"편의점, 베이커리, 중소형 마트, 근린의원(내과/치과)","고가 사치재, 외지인 유입 중심 대형 매장","[데이터] 생활용품·무인점포·세탁 / 의류·잡화 편집숍  [현장키워드] 편의점, 베이커리, 중소형 마트, 근린의원(내과/치과)","생활용품(×0.07), 의류·신발(×0.33)","여가·문화(×3.00), 의료비(×1.67)",잠실6동 일대 안정적인 주거 배후지를 중심으로 형성된 근린 생활 상권,초과달성,성장하는 강세상권,③ 확장형,,,1.6275723816792191,14119544589.674404,0.2048008357378366,"[오피스·업무형] 인구·인프라로 본 기대소비 대비 실제 ×1.63 (분기 약 141억 원 웃돎, 추세 개선). 유사 원형 동 대비 생활용품(×0.07), 의류·신발(×0.33) 비중이 낮아 해당 업종 공급 여지. 여가·문화(×3.00), 의료비(×1.67)은 이미 강세라 신규 진입 시 차별화 필요. 이미 강하고 더 커지는 중 — 핵심가 대신 2선 입지·배후 골목 공략.",,14029.793333333331,70186.58333333333,5.058253603003513,0.2270194986072423,0.2847308678139875,0.0668531673379714,1372751586.0,0.0754716981132075,2.0,144.0,127.09946592122714,37.51977009676446
송파구,11710720,잠실7동,자산안정형,2,"잠실엘스, 리센츠, 트리지움, 레이크팰리스",완성형·대단지슬리퍼형,고자산·아파트형,2호선 잠실새내역·잠실역 지하상가 다이렉트 연결,"2만 세대 엘·리·트 대단지의 막강한 배후수요, 롯데월드몰/백화점 인프라, 단지 내 초·중·고 완벽","단지 내 상가 매물이 거의 없고 권리금 극상, 외부 손님 유입 제한적, 폐쇄적 주민 소비",3040 고소득 맞벌이 전문직 및 초·중등 학부모,#다중역세권 #몰세권,#초고자산 #3040맞벌이,#고임대료,"이비인후과/소아과/치과, 단과 전문학원, 테이크아웃 반찬/베이커리, 네일샵","유흥주점(단지내 불가), 대형 가구점","[데이터] 의원(내과·소아과·치과)·약국 / 음식점·카페·배달전문점  [현장키워드] 이비인후과/소아과/치과, 단과 전문학원, 테이크아웃 반찬/베이커리, 네일샵","의료비(×0.22), 음식(×0.73)","생활용품(×20.52), 여가·문화(×2.49)",2만 세대 엘·리·트 아파트 주민들이 단지 밖으로 나가지 않고 소비하는 난공불락의 슬리퍼 상권,기대수준,떠오르는 잠재상권,① 선점형 기회,50.9,135.0,0.8575737905070867,-65269575.69759989,0.0818093119715428,"[고자산·아파트형] 인구·인프라로 본 기대소비 대비 실제 ×0.86 (분기 약 1억 원 밑돎, 추세 개선). 유사 원형 동 대비 의료비(×0.22), 음식(×0.73) 비중이 낮아 해당 업종 공급 여지. 생활용품(×20.52), 여가·문화(×2.49)은 이미 강세라 신규 진입 시 차별화 필요. 기대보다 덜 쓰지만 격차가 줄어드는 중 — 임대료 오르기 전 진입 적기.",,7969.8775,0.0,0.0,0.2172205117316063,0.2365456821026282,0.0715932415519399,1915929924.0,0.3632075471698113,2.0,30.0,127.07388865677532,37.50731897355745
양천구,11470510,목1동,자산안정형,2,"목동신시가지1~7단지, 목동트라팰리스, 목동현대하이페리온",명문학군·백화점몰세권,고자산·아파트형,"5호선 오목교역·목동역, 9호선 신목동역, 서부간선도로","현대백화점 목동점·행복한백화점, 대치동과 쌍벽을 이루는 목동 학원가, 높은 중산층 소득수준","목동 특유의 일방통행 도로망으로 초행길 진입 불편 및 주차난, 아파트 배관 노후화",교육열 높은 3040 전문직 부모 및 초·중·고 자녀,#다중역세권 #집객시설밀집 #주차난 #몰세권,#초고자산 #야간소비 #학원가·학군,#노후상권 #경쟁과열가능,"대형 입시/보습학원, 학생 전용 스터디카페, 소아/청소년 전문병원, 유기농 식료품, 브런치 카페","유흥주점/단란주점, 모텔 등 숙박업","[데이터] 의류·잡화 편집숍 / 식자재마트·정육·반찬가게  [현장키워드] 대형 입시/보습학원, 학생 전용 스터디카페, 소아/청소년 전문병원, 유기농 식료품, 브런치 카페","의류·신발(×0.29), 식료품(×0.36)","여가·문화(×3.64), 교육(×2.16)",현대백화점의 탄탄한 쇼핑 인프라와 목동 학원가의 거대한 학생 배후수요를 품은 서남권 최고 학군 상권,초과달성,성장하는 강세상권,③ 확장형,,,1.687811786474437,10744048825.069715,0.0793169294730645,"[고자산·아파트형] 인구·인프라로 본 기대소비 대비 실제 ×1.69 (분기 약 107억 원 웃돎, 추세 개선). 유사 원형 동 대비 의류·신발(×0.29), 식료품(×0.36) 비중이 낮아 해당 업종 공급 여지. 여가·문화(×3.64), 교육(×2.16)은 이미 강세라 신규 진입 시 차별화 필요. 이미 강하고 더 커지는 중 — 핵심가 대신 2선 입지·배후 골목 공략.",,25973.149166666662,14795.166666666666,0.5526489628748844,0.1894569956401109,0.2334959597499618,0.0616401128220765,796337543.0,0.1792452830188679,2.0,190.0,126.8744357571103,37.52752088177435
양천구,11470520,목2동,알뜰안정형,3,"목동신시가지1~7단지, 목동트라팰리스, 목동현대하이페리온",명문학군·백화점몰세권,가족·아파트단지형,"5호선 오목교역·목동역, 9호선 신목동역, 서부간선도로","현대백화점 목동점·행복한백화점, 대치동과 쌍벽을 이루는 목동 학원가, 높은 중산층 소득수준","목동 특유의 일방통행 도로망으로 초행길 진입 불편 및 주차난, 아파트 배관 노후화",교육열 높은 3040 전문직 부모 및 초·중·고 자녀,#역세권 #주차난 #몰세권,#가성비선호 #주말나들이 #학원가·학군,#노후상권 #소비위축추세,"대형 입시/보습학원, 학생 전용 스터디카페, 소아/청소년 전문병원, 유기농 식료품, 브런치 카페","유흥주점/단란주점, 모텔 등 숙박업","[현장키워드] 대형 입시/보습학원, 학생 전용 스터디카페, 소아/청소년 전문병원, 유기농 식료품, 브런치 카페",,교육(×1.74),현대백화점의 탄탄한 쇼핑 인프라와 목동 학원가의 거대한 학생 배후수요를 품은 서남권 최고 학군 상권,기대수준,식어가는 강세상권,⑤ 경고(둔화),,,1.2359366891193182,955744386.9210156,-0.0780629587978635,"[가족·아파트단지형] 인구·인프라로 본 기대소비 대비 실제 ×1.24 (분기 약 10억 원 웃돎, 추세 악화). 교육(×1.74)은 이미 강세라 신규 진입 시 차별화 필요. 강세였으나 식는 중 — 신규 진입 보수적, 업종 전환 수요 관찰.",,26445.585000000003,3166.1666666666665,0.1149014436424208,0.3261729594669628,0.3491097922848665,0.1639005934718101,188087838.0,0.964622641509434,1.0,97.0,126.87428427264103,37.54363060277917
양천구,11470530,목3동,생활압박형,1,"목동신시가지1~7단지, 목동트라팰리스, 목동현대하이페리온",명문학군·백화점몰세권,가족·아파트단지형,"5호선 오목교역·목동역, 9호선 신목동역, 서부간선도로","현대백화점 목동점·행복한백화점, 대치동과 쌍벽을 이루는 목동 학원가, 높은 중산층 소득수준","목동 특유의 일방통행 도로망으로 초행길 진입 불편 및 주차난, 아파트 배관 노후화",교육열 높은 3040 전문직 부모 및 초·중·고 자녀,#역세권공백 #주차난 #몰세권,#가성비선호 #야간소비 #학원가·학군,#노후상권,"대형 입시/보습학원, 학생 전용 스터디카페, 소아/청소년 전문병원, 유기농 식료품, 브런치 카페","유흥주점/단란주점, 모텔 등 숙박업","[데이터] 음식점·카페·배달전문점  [현장키워드] 대형 입시/보습학원, 학생 전용 스터디카페, 소아/청소년 전문병원, 유기농 식료품, 브런치 카페",음식(×0.70),"의류·신발(×1.54), 생활용품(×1.51)",현대백화점의 탄탄한 쇼핑 인프라와 목동 학원가의 거대한 학생 배후수요를 품은 서남권 최고 학군 상권,기대수준,안정(초과),④ 검증·포화형,,,1.1049759027872834,621418270.8975697,0.008726593285085,"[가족·아파트단지형] 인구·인프라로 본 기대소비 대비 실제 ×1.10 (분기 약 6억 원 웃돎, 추세 보합). 유사 원형 동 대비 음식(×0.70) 비중이 낮아 해당 업종 공급 여지. 의류·신발(×1.54), 생활용품(×1.51)은 이미 강세라 신규 진입 시 차별화 필요. 수요는 검증됐지만 경쟁 치열 — 차별화 콘셉트 없으면 비추천.",,18858.28,1656.3333333333333,0.079552956710365,0.3242478543808356,0.3447620026729721,0.1682312120900586,184229085.0,0.8726415094339622,0.0,96.0,126.86554590848546,37.54517069417376
양천구,11470540,목4동,생활압박형,1,"목동신시가지1~7단지, 목동트라팰리스, 목동현대하이페리온",명문학군·백화점몰세권,가족·아파트단지형,"5호선 오목교역·목동역, 9호선 신목동역, 서부간선도로","현대백화점 목동점·행복한백화점, 대치동과 쌍벽을 이루는 목동 학원가, 높은 중산층 소득수준","목동 특유의 일방통행 도로망으로 초행길 진입 불편 및 주차난, 아파트 배관 노후화",교육열 높은 3040 전문직 부모 및 초·중·고 자녀,#역세권공백 #주차난 #몰세권,#가족세대 #학원가·학군,#노후상권,"대형 입시/보습학원, 학생 전용 스터디카페, 소아/청소년 전문병원, 유기농 식료품, 브런치 카페","유흥주점/단란주점, 모텔 등 숙박업","[데이터] 의류·잡화 편집숍 / 음식점·카페·배달전문점  [현장키워드] 대형 입시/보습학원, 학생 전용 스터디카페, 소아/청소년 전문병원, 유기농 식료품, 브런치 카페","의류·신발(×0.58), 음식(×0.72)",교육(×2.35),현대백화점의 탄탄한 쇼핑 인프라와 목동 학원가의 거대한 학생 배후수요를 품은 서남권 최고 학군 상권,기대수준,성장하는 강세상권,③ 확장형,,,1.4806165155835742,1724391509.8020637,0.0803839301497525,"[가족·아파트단지형] 인구·인프라로 본 기대소비 대비 실제 ×1.48 (분기 약 17억 원 웃돎, 추세 개선). 유사 원형 동 대비 의류·신발(×0.58), 음식(×0.72) 비중이 낮아 해당 업종 공급 여지. 교육(×2.35)은 이미 강세라 신규 진입 시 차별화 필요. 이미 강하고 더 커지는 중 — 핵심가 대신 2선 입지·배후 골목 공략.",,21665.186666666665,1990.75,0.0879318814475192,0.2630178483707221,0.2992066490366452,0.1244234038534189,189827888.0,0.9174528301886792,0.0,84.0,126.86695519731316,37.53535139766359
양천구,11470550,목5동,자산안정형,2,"목동신시가지1~7단지, 목동트라팰리스, 목동현대하이페리온",명문학군·백화점몰세권,학원가·에듀형,"5호선 오목교역·목동역, 9호선 신목동역, 서부간선도로","현대백화점 목동점·행복한백화점, 대치동과 쌍벽을 이루는 목동 학원가, 높은 중산층 소득수준","목동 특유의 일방통행 도로망으로 초행길 진입 불편 및 주차난, 아파트 배관 노후화",교육열 높은 3040 전문직 부모 및 초·중·고 자녀,#역세권공백 #의료허브 #주차난 #몰세권,#초고자산 #야간소비 #학원가·학군,#노후상권 #경쟁과열가능,"대형 입시/보습학원, 학생 전용 스터디카페, 소아/청소년 전문병원, 유기농 식료품, 브런치 카페","유흥주점/단란주점, 모텔 등 숙박업","[데이터] 생활용품·무인점포·세탁 / 의류·잡화 편집숍  [현장키워드] 대형 입시/보습학원, 학생 전용 스터디카페, 소아/청소년 전문병원, 유기농 식료품, 브런치 카페","생활용품(×0.33), 의류·신발(×0.37)","의료비(×2.80), 교육(×1.52)",현대백화점의 탄탄한 쇼핑 인프라와 목동 학원가의 거대한 학생 배후수요를 품은 서남권 최고 학군 상권,초과달성,성장하는 강세상권,③ 확장형,,,1.8574142705715773,6032938428.005205,0.1161361155920678,"[학원가·에듀형] 인구·인프라로 본 기대소비 대비 실제 ×1.86 (분기 약 60억 원 웃돎, 추세 개선). 유사 원형 동 대비 생활용품(×0.33), 의류·신발(×0.37) 비중이 낮아 해당 업종 공급 여지. 의료비(×2.80), 교육(×1.52)은 이미 강세라 신규 진입 시 차별화 필요. 이미 강하고 더 커지는 중 — 핵심가 대신 2선 입지·배후 골목 공략.",,30843.275,13431.333333333334,0.3713331040243722,0.1817355412510441,0.2426503991173989,0.0380790447141281,1342723822.0,0.4150943396226415,0.0,143.0,126.879886311553,37.53605001799943
양천구,11470560,신월1동,생활압박형,1,"목동센트럴아이파크위브, 신월시영아파트",서민베드타운·가성비형,가족·아파트단지형,"지하철역 부재로 버스 환승 필요, 남부순환로, 서부트럭터미널 인접","목동센트럴아이파크위브(3천세대) 신축 입주, 서부트럭터미널 복합개발 호재","김포공항 비행기 항로에 따른 항공기 소음 공해, 철도망 부재에 따른 도심 접근성 저하","신혼부부, 서민 다인가구, 중장년층",#역세권공백 #환승요충지,#가성비선호 #가족세대 #주말나들이 #3040맞벌이 #신축입주,,"가성비 마트/정육점, 중저가 외식, 생활밀착 편의시설, 배달 치킨/피자","조용한 힐링 북카페, 초고가 명품점","[데이터] 학원·스터디카페·키즈교육 / 의원(내과·소아과·치과)·약국  [현장키워드] 가성비 마트/정육점, 중저가 외식, 생활밀착 편의시설, 배달 치킨/피자","교육(×0.46), 의료비(×0.49)","식료품(×1.72), 유흥(×1.66)",항공기 소음 영향이 있으나 신축 대단지와 복합개발 호재로 점진적 개선 중인 실속형 주거 상권,기대수준,안정(초과),④ 검증·포화형,,,1.4785387465099564,1260883490.1072085,0.0329707952784088,"[가족·아파트단지형] 인구·인프라로 본 기대소비 대비 실제 ×1.48 (분기 약 13억 원 웃돎, 추세 보합). 유사 원형 동 대비 교육(×0.46), 의료비(×0.49) 비중이 낮아 해당 업종 공급 여지. 식료품(×1.72), 유흥(×1.66)은 이미 강세라 신규 진입 시 차별화 필요. 수요는 검증됐지만 경쟁 치열 — 차별화 콘셉트 없으면 비추천.",,20309.316666666666,2029.0,0.1146398140975987,0.2427059127291505,0.2772902080662656,0.2055477763534168,125505363.0,0.8254716981132075,0.0,71.0,126.83449222083615,37.53126487272668
양천구,11470570,신월2동,알뜰안정형,3,"목동센트럴아이파크위브, 신월시영아파트",서민베드타운·가성비형,가족·아파트단지형,"지하철역 부재로 버스 환승 필요, 남부순환로, 서부트럭터미널 인접","목동센트럴아이파크위브(3천세대) 신축 입주, 서부트럭터미널 복합개발 호재","김포공항 비행기 항로에 따른 항공기 소음 공해, 철도망 부재에 따른 도심 접근성 저하","신혼부부, 서민 다인가구, 중장년층",#역세권공백 #환승요충지,#가성비선호 #가족세대 #3040맞벌이 #신축입주,,"가성비 마트/정육점, 중저가 외식, 생활밀착 편의시설, 배달 치킨/피자","조용한 힐링 북카페, 초고가 명품점","[데이터] 음식점·카페·배달전문점 / 의류·잡화 편집숍  [현장키워드] 가성비 마트/정육점, 중저가 외식, 생활밀착 편의시설, 배달 치킨/피자","음식(×0.62), 의류·신발(×0.69)",식료품(×1.51),항공기 소음 영향이 있으나 신축 대단지와 복합개발 호재로 점진적 개선 중인 실속형 주거 상권,기대수준,안정(초과),④ 검증·포화형,,,1.2237047935272296,519582958.3335624,0.0412833226660981,"[가족·아파트단지형] 인구·인프라로 본 기대소비 대비 실제 ×1.22 (분기 약 5억 원 웃돎, 추세 보합). 유사 원형 동 대비 음식(×0.62), 의류·신발(×0.69) 비중이 낮아 해당 업종 공급 여지. 식료품(×1.51)은 이미 강세라 신규 진입 시 차별화 필요. 수요는 검증됐지만 경쟁 치열 — 차별화 콘셉트 없으면 비추천.",,19174.106666666667,1659.75,0.0959622695991145,0.2482795129698253,0.3042436504978436,0.116015654118524,169126179.0,0.8891509433962265,0.0,65.0,126.846331090338,37.52342414120445
양천구,11470580,신월3동,생활압박형,1,"목동센트럴아이파크위브, 신월시영아파트",서민베드타운·가성비형,근린주거형,"지하철역 부재로 버스 환승 필요, 남부순환로, 서부트럭터미널 인접","목동센트럴아이파크위브(3천세대) 신축 입주, 서부트럭터미널 복합개발 호재","김포공항 비행기 항로에 따른 항공기 소음 공해, 철도망 부재에 따른 도심 접근성 저하","신혼부부, 서민 다인가구, 중장년층",#역세권공백 #환승요충지,#가성비선호 #3040맞벌이 #신축입주,,"가성비 마트/정육점, 중저가 외식, 생활밀착 편의시설, 배달 치킨/피자","조용한 힐링 북카페, 초고가 명품점","[데이터] 피트니스·필라테스·키즈카페·공방  [현장키워드] 가성비 마트/정육점, 중저가 외식, 생활밀착 편의시설, 배달 치킨/피자",여가·문화(×0.62),,항공기 소음 영향이 있으나 신축 대단지와 복합개발 호재로 점진적 개선 중인 실속형 주거 상권,기대수준,안정(초과),④ 검증·포화형,,,1.0236796420001286,59451203.234921455,0.0045582634697195,"[근린주거형] 인구·인프라로 본 기대소비 대비 실제 ×1.02 (분기 약 1억 원 웃돎, 추세 보합). 유사 원형 동 대비 여가·문화(×0.62) 비중이 낮아 해당 업종 공급 여지. 수요는 검증됐지만 경쟁 치열 — 차별화 콘셉트 없으면 비추천.",,14744.230833333331,1043.5833333333333,0.0826029030222284,0.2481593156160157,0.2914085088806278,0.2461820184496764,114670938.0,0.6981132075471698,0.0,70.0,126.82746371641082,37.5324441338088
양천구,11470590,신월4동,알뜰안정형,3,"목동센트럴아이파크위브, 신월시영아파트",서민베드타운·가성비형,가족·아파트단지형,"지하철역 부재로 버스 환승 필요, 남부순환로, 서부트럭터미널 인접","목동센트럴아이파크위브(3천세대) 신축 입주, 서부트럭터미널 복합개발 호재","김포공항 비행기 항로에 따른 항공기 소음 공해, 철도망 부재에 따른 도심 접근성 저하","신혼부부, 서민 다인가구, 중장년층",#역세권공백 #환승요충지,#가성비선호 #가족세대 #3040맞벌이 #신축입주,,"가성비 마트/정육점, 중저가 외식, 생활밀착 편의시설, 배달 치킨/피자","조용한 힐링 북카페, 초고가 명품점","[데이터] 의류·잡화 편집숍 / 생활용품·무인점포·세탁  [현장키워드] 가성비 마트/정육점, 중저가 외식, 생활밀착 편의시설, 배달 치킨/피자","의류·신발(×0.30), 생활용품(×0.47)","유흥(×2.40), 교육(×1.83)",항공기 소음 영향이 있으나 신축 대단지와 복합개발 호재로 점진적 개선 중인 실속형 주거 상권,기대수준,성장하는 강세상권,③ 확장형,,,1.4585834564381166,968654974.6707025,0.1026911186631766,"[가족·아파트단지형] 인구·인프라로 본 기대소비 대비 실제 ×1.46 (분기 약 10억 원 웃돎, 추세 개선). 유사 원형 동 대비 의류·신발(×0.30), 생활용품(×0.47) 비중이 낮아 해당 업종 공급 여지. 유흥(×2.40), 교육(×1.83)은 이미 강세라 신규 진입 시 차별화 필요. 이미 강하고 더 커지는 중 — 핵심가 대신 2선 입지·배후 골목 공략.",,15217.585,1107.6666666666667,0.0660934365147606,0.2285468615649183,0.3092066017100815,0.1025976005832836,168479350.0,0.9221698113207548,0.0,63.0,126.83985175060228,37.522154130799024
양천구,11470600,신월5동,생활압박형,1,"목동센트럴아이파크위브, 신월시영아파트",서민베드타운·가성비형,가족·아파트단지형,"지하철역 부재로 버스 환승 필요, 남부순환로, 서부트럭터미널 인접","목동센트럴아이파크위브(3천세대) 신축 입주, 서부트럭터미널 복합개발 호재","김포공항 비행기 항로에 따른 항공기 소음 공해, 철도망 부재에 따른 도심 접근성 저하","신혼부부, 서민 다인가구, 중장년층",#역세권공백 #환승요충지,#가성비선호 #가족세대 #3040맞벌이 #신축입주,#경쟁과열가능,"가성비 마트/정육점, 중저가 외식, 생활밀착 편의시설, 배달 치킨/피자","조용한 힐링 북카페, 초고가 명품점","[데이터] 의류·잡화 편집숍 / 식자재마트·정육·반찬가게  [현장키워드] 가성비 마트/정육점, 중저가 외식, 생활밀착 편의시설, 배달 치킨/피자","의류·신발(×0.41), 식료품(×0.68)","생활용품(×2.48), 여가·문화(×2.35)",항공기 소음 영향이 있으나 신축 대단지와 복합개발 호재로 점진적 개선 중인 실속형 주거 상권,초과달성,안정(초과),④ 검증·포화형,,,1.7168634506222558,1411904551.720547,0.0472689196036274,"[가족·아파트단지형] 인구·인프라로 본 기대소비 대비 실제 ×1.72 (분기 약 14억 원 웃돎, 추세 보합). 유사 원형 동 대비 의류·신발(×0.41), 식료품(×0.68) 비중이 낮아 해당 업종 공급 여지. 생활용품(×2.48), 여가·문화(×2.35)은 이미 강세라 신규 진입 시 차별화 필요. 수요는 검증됐지만 경쟁 치열 — 차별화 콘셉트 없으면 비추천.",,13400.766666666668,1315.4166666666667,0.0939266041920022,0.2661849917733743,0.2936646323743098,0.1464639639639639,141762970.0,0.929245283018868,0.0,54.0,126.82943569861496,37.540898373457786
양천구,11470610,신월6동,알뜰안정형,3,"목동센트럴아이파크위브, 신월시영아파트",서민베드타운·가성비형,근린주거형,"지하철역 부재로 버스 환승 필요, 남부순환로, 서부트럭터미널 인접","목동센트럴아이파크위브(3천세대) 신축 입주, 서부트럭터미널 복합개발 호재","김포공항 비행기 항로에 따른 항공기 소음 공해, 철도망 부재에 따른 도심 접근성 저하","신혼부부, 서민 다인가구, 중장년층",#역세권공백 #환승요충지,#야간소비 #3040맞벌이 #신축입주,#경쟁과열가능,"가성비 마트/정육점, 중저가 외식, 생활밀착 편의시설, 배달 치킨/피자","조용한 힐링 북카페, 초고가 명품점","[데이터] 주점·이자카야·노래방  [현장키워드] 가성비 마트/정육점, 중저가 외식, 생활밀착 편의시설, 배달 치킨/피자",유흥(×0.53),"생활용품(×1.76), 의류·신발(×1.60)",항공기 소음 영향이 있으나 신축 대단지와 복합개발 호재로 점진적 개선 중인 실속형 주거 상권,초과달성,안정(초과),④ 검증·포화형,,,1.7836743172337983,1154113038.6992686,-0.0205721194306,"[근린주거형] 인구·인프라로 본 기대소비 대비 실제 ×1.78 (분기 약 12억 원 웃돎, 추세 보합). 유사 원형 동 대비 유흥(×0.53) 비중이 낮아 해당 업종 공급 여지. 생활용품(×1.76), 의류·신발(×1.60)은 이미 강세라 신규 진입 시 차별화 필요. 수요는 검증됐지만 경쟁 치열 — 차별화 콘셉트 없으면 비추천.",,10296.81,576.6666666666666,0.043051849715151,0.2617725535443859,0.2851123595505618,0.150625,274722385.0,0.625,0.0,47.0,126.84216114046096,37.515985373747085
양천구,11470611,신월7동,생활압박형,1,"목동센트럴아이파크위브, 신월시영아파트",서민베드타운·가성비형,가족·아파트단지형,"지하철역 부재로 버스 환승 필요, 남부순환로, 서부트럭터미널 인접","목동센트럴아이파크위브(3천세대) 신축 입주, 서부트럭터미널 복합개발 호재","김포공항 비행기 항로에 따른 항공기 소음 공해, 철도망 부재에 따른 도심 접근성 저하","신혼부부, 서민 다인가구, 중장년층",#역세권공백 #환승요충지,#가성비선호 #가족세대 #야간소비 #3040맞벌이 #신축입주,,"가성비 마트/정육점, 중저가 외식, 생활밀착 편의시설, 배달 치킨/피자","조용한 힐링 북카페, 초고가 명품점","[데이터] 의원(내과·소아과·치과)·약국 / 의류·잡화 편집숍  [현장키워드] 가성비 마트/정육점, 중저가 외식, 생활밀착 편의시설, 배달 치킨/피자","의료비(×0.44), 의류·신발(×0.67)","식료품(×1.72), 여가·문화(×1.45)",항공기 소음 영향이 있으나 신축 대단지와 복합개발 호재로 점진적 개선 중인 실속형 주거 상권,기대수준,안정(저평가),② 유출보완형 기회,52.3,127.0,0.7996903123828232,-531457851.37573576,0.0121023742044099,"[가족·아파트단지형] 인구·인프라로 본 기대소비 대비 실제 ×0.80 (분기 약 5억 원 밑돎, 추세 보합). 유사 원형 동 대비 의료비(×0.44), 의류·신발(×0.67) 비중이 낮아 해당 업종 공급 여지. 식료품(×1.72), 여가·문화(×1.45)은 이미 강세라 신규 진입 시 차별화 필요. 수요 대비 소비가 꾸준히 밖으로 샘 — 빠진 필수업종을 채우는 근린형 진입.",,18972.010833333334,2480.333333333333,0.1404131697869593,0.2491392296105014,0.2907362129856017,0.1662586253735397,100738599.0,0.9787735849056604,0.0,74.0,126.83060531087266,37.51905079452027
양천구,11470620,신정1동,자산안정형,2,"목동신시가지8~14단지, 목동힐스테이트, 래미안목동아델리체",대단지주거·학군배후형,고자산·아파트형,"2호선 신정네거리역, 양천구청역, 5호선 신정역","목동 신시가지 뒷단지 및 신정뉴타운 신축 아파트 결합, 안양천 공원 접근성","목동 앞단지 대비 상권 인프라 분산, 일부 구역 다세대/연립 혼재","3040 맞벌이 가족, 신축 입주민, 초중고 학생",#역세권공백 #공원·숲세권,#초고자산 #야간소비 #학원가·학군 #3040맞벌이 #신축입주,,"근린형 식음료, 치과/이비인후과, 초등 전문학원, 프랜차이즈 베이커리",화려한 나이트라이프 유흥시설,"[데이터] 피트니스·필라테스·키즈카페·공방 / 의원(내과·소아과·치과)·약국  [현장키워드] 근린형 식음료, 치과/이비인후과, 초등 전문학원, 프랜차이즈 베이커리","여가·문화(×0.67), 의료비(×0.69)","생활용품(×7.69), 유흥(×5.16)",목동 뒷단지와 신정뉴타운 신축이 어우러져 가족 중심의 실수요 생활 소비가 탄탄한 상권,기대수준,안정(저평가),② 유출보완형 기회,60.8,91.0,0.9914647355317048,-47816712.21028423,0.0401315673000576,"[고자산·아파트형] 인구·인프라로 본 기대소비 대비 실제 ×0.99 (분기 약 0억 원 밑돎, 추세 보합). 유사 원형 동 대비 여가·문화(×0.67), 의료비(×0.69) 비중이 낮아 해당 업종 공급 여지. 생활용품(×7.69), 유흥(×5.16)은 이미 강세라 신규 진입 시 차별화 필요. 수요 대비 소비가 꾸준히 밖으로 샘 — 빠진 필수업종을 채우는 근린형 진입.",,13821.583333333334,9405.75,0.6507912355447353,0.1940555893690403,0.252043404735062,0.0773083427282976,857356012.0,0.4646226415094339,0.0,94.0,126.85966565751396,37.51890869706325
양천구,11470630,신정2동,알뜰안정형,3,"목동신시가지8~14단지, 목동힐스테이트, 래미안목동아델리체",대단지주거·학군배후형,학원가·에듀형,"2호선 신정네거리역, 양천구청역, 5호선 신정역","목동 신시가지 뒷단지 및 신정뉴타운 신축 아파트 결합, 안양천 공원 접근성","목동 앞단지 대비 상권 인프라 분산, 일부 구역 다세대/연립 혼재","3040 맞벌이 가족, 신축 입주민, 초중고 학생",#역세권공백 #공원·숲세권,#직장인밀집 #학원가·학군 #3040맞벌이 #신축입주,,"근린형 식음료, 치과/이비인후과, 초등 전문학원, 프랜차이즈 베이커리",화려한 나이트라이프 유흥시설,"[데이터] 의류·잡화 편집숍 / 생활용품·무인점포·세탁  [현장키워드] 근린형 식음료, 치과/이비인후과, 초등 전문학원, 프랜차이즈 베이커리","의류·신발(×0.44), 생활용품(×0.50)",음식(×1.37),목동 뒷단지와 신정뉴타운 신축이 어우러져 가족 중심의 실수요 생활 소비가 탄탄한 상권,기대수준,성장하는 강세상권,③ 확장형,,,1.3956895483068137,1202766627.3533497,0.0874899121947788,"[학원가·에듀형] 인구·인프라로 본 기대소비 대비 실제 ×1.40 (분기 약 12억 원 웃돎, 추세 개선). 유사 원형 동 대비 의류·신발(×0.44), 생활용품(×0.50) 비중이 낮아 해당 업종 공급 여지. 음식(×1.37)은 이미 강세라 신규 진입 시 차별화 필요. 이미 강하고 더 커지는 중 — 핵심가 대신 2선 입지·배후 골목 공략.",,16096.996666666666,15590.166666666666,0.7554466521067491,0.1963990837905502,0.261026102610261,0.0937938793879387,447255961.0,0.3514150943396226,0.0,71.0,126.87478871746364,37.5194032286939
양천구,11470640,신정3동,알뜰안정형,3,"목동신시가지8~14단지, 목동힐스테이트, 래미안목동아델리체",대단지주거·학군배후형,근린주거형,"2호선 신정네거리역, 양천구청역, 5호선 신정역","목동 신시가지 뒷단지 및 신정뉴타운 신축 아파트 결합, 안양천 공원 접근성","목동 앞단지 대비 상권 인프라 분산, 일부 구역 다세대/연립 혼재","3040 맞벌이 가족, 신축 입주민, 초중고 학생",#역세권 #집객시설밀집 #공원·숲세권,#학원가·학군 #3040맞벌이 #신축입주,,"근린형 식음료, 치과/이비인후과, 초등 전문학원, 프랜차이즈 베이커리",화려한 나이트라이프 유흥시설,"[데이터] 생활용품·무인점포·세탁 / 음식점·카페·배달전문점  [현장키워드] 근린형 식음료, 치과/이비인후과, 초등 전문학원, 프랜차이즈 베이커리","생활용품(×0.43), 음식(×0.52)","의료비(×2.20), 교육(×1.84)",목동 뒷단지와 신정뉴타운 신축이 어우러져 가족 중심의 실수요 생활 소비가 탄탄한 상권,기대수준,떠오르는 잠재상권,① 선점형 기회,73.0,28.0,0.884434890444882,-691214314.701417,0.059200164155412,"[근린주거형] 인구·인프라로 본 기대소비 대비 실제 ×0.88 (분기 약 7억 원 밑돎, 추세 개선). 유사 원형 동 대비 생활용품(×0.43), 음식(×0.52) 비중이 낮아 해당 업종 공급 여지. 의료비(×2.20), 교육(×1.84)은 이미 강세라 신규 진입 시 차별화 필요. 기대보다 덜 쓰지만 격차가 줄어드는 중 — 임대료 오르기 전 진입 적기.",,43517.77583333333,1826.5833333333333,0.0414958706055772,0.2422106899824324,0.2890662410215482,0.1161723862729449,361746184.0,0.4292452830188679,1.0,203.0,126.8410954280885,37.51180329044341
양천구,11470650,신정4동,생활압박형,1,"목동신시가지8~14단지, 목동힐스테이트, 래미안목동아델리체",대단지주거·학군배후형,가족·아파트단지형,"2호선 신정네거리역, 양천구청역, 5호선 신정역","목동 신시가지 뒷단지 및 신정뉴타운 신축 아파트 결합, 안양천 공원 접근성","목동 앞단지 대비 상권 인프라 분산, 일부 구역 다세대/연립 혼재","3040 맞벌이 가족, 신축 입주민, 초중고 학생",#역세권 #의료허브 #공원·숲세권,#가성비선호 #학원가·학군 #3040맞벌이 #신축입주,,"근린형 식음료, 치과/이비인후과, 초등 전문학원, 프랜차이즈 베이커리",화려한 나이트라이프 유흥시설,"[데이터] 식자재마트·정육·반찬가게  [현장키워드] 근린형 식음료, 치과/이비인후과, 초등 전문학원, 프랜차이즈 베이커리",식료품(×0.67),"교육(×1.68), 의료비(×1.58)",목동 뒷단지와 신정뉴타운 신축이 어우러져 가족 중심의 실수요 생활 소비가 탄탄한 상권,기대수준,안정(저평가),② 유출보완형 기회,64.6,67.0,0.8287503252284295,-2080244270.2085688,0.0117591811784255,"[가족·아파트단지형] 인구·인프라로 본 기대소비 대비 실제 ×0.83 (분기 약 21억 원 밑돎, 추세 보합). 유사 원형 동 대비 식료품(×0.67) 비중이 낮아 해당 업종 공급 여지. 교육(×1.68), 의료비(×1.58)은 이미 강세라 신규 진입 시 차별화 필요. 수요 대비 소비가 꾸준히 밖으로 샘 — 빠진 필수업종을 채우는 근린형 진입.",,30458.01166666667,6298.25,0.1957900716382112,0.3073500173572758,0.3459281476168742,0.2064494360044337,157597172.0,0.8820754716981132,1.0,161.0,126.85761717556312,37.525411479927584
양천구,11470670,신정6동,자산안정형,2,"목동신시가지8~14단지, 목동힐스테이트, 래미안목동아델리체",대단지주거·학군배후형,학원가·에듀형,"2호선 신정네거리역, 양천구청역, 5호선 신정역","목동 신시가지 뒷단지 및 신정뉴타운 신축 아파트 결합, 안양천 공원 접근성","목동 앞단지 대비 상권 인프라 분산, 일부 구역 다세대/연립 혼재","3040 맞벌이 가족, 신축 입주민, 초중고 학생",#역세권공백 #공원·숲세권,#초고자산 #학원가·학군 #3040맞벌이 #신축입주,#경쟁과열가능,"근린형 식음료, 치과/이비인후과, 초등 전문학원, 프랜차이즈 베이커리",화려한 나이트라이프 유흥시설,"[데이터] 의원(내과·소아과·치과)·약국 / 의류·잡화 편집숍  [현장키워드] 근린형 식음료, 치과/이비인후과, 초등 전문학원, 프랜차이즈 베이커리","의료비(×0.49), 의류·신발(×0.51)","교육(×2.17), 여가·문화(×1.40)",목동 뒷단지와 신정뉴타운 신축이 어우러져 가족 중심의 실수요 생활 소비가 탄탄한 상권,초과달성,성장하는 강세상권,③ 확장형,,,1.588723135738256,1067651334.9630134,0.0783218120557585,"[학원가·에듀형] 인구·인프라로 본 기대소비 대비 실제 ×1.59 (분기 약 11억 원 웃돎, 추세 개선). 유사 원형 동 대비 의료비(×0.49), 의류·신발(×0.51) 비중이 낮아 해당 업종 공급 여지. 교육(×2.17), 여가·문화(×1.40)은 이미 강세라 신규 진입 시 차별화 필요. 이미 강하고 더 커지는 중 — 핵심가 대신 2선 입지·배후 골목 공략.",,20144.185833333333,0.0,0.0,0.212028882674569,0.243889453559847,0.0537132762208992,1106384082.0,0.2193396226415094,0.0,72.0,126.86977235769862,37.515883893266725
양천구,11470680,신정7동,알뜰안정형,3,"목동신시가지8~14단지, 목동힐스테이트, 래미안목동아델리체",대단지주거·학군배후형,근린주거형,"2호선 신정네거리역, 양천구청역, 5호선 신정역","목동 신시가지 뒷단지 및 신정뉴타운 신축 아파트 결합, 안양천 공원 접근성","목동 앞단지 대비 상권 인프라 분산, 일부 구역 다세대/연립 혼재","3040 맞벌이 가족, 신축 입주민, 초중고 학생",#역세권 #공원·숲세권,#학원가·학군 #3040맞벌이 #신축입주,#경쟁과열가능,"근린형 식음료, 치과/이비인후과, 초등 전문학원, 프랜차이즈 베이커리",화려한 나이트라이프 유흥시설,"[데이터] 의류·잡화 편집숍 / 생활용품·무인점포·세탁  [현장키워드] 근린형 식음료, 치과/이비인후과, 초등 전문학원, 프랜차이즈 베이커리","의류·신발(×0.34), 생활용품(×0.49)","교육(×2.88), 의료비(×1.66)",목동 뒷단지와 신정뉴타운 신축이 어우러져 가족 중심의 실수요 생활 소비가 탄탄한 상권,초과달성,안정(초과),④ 검증·포화형,,,1.660543046570945,1917794120.5641508,0.0333415086075628,"[근린주거형] 인구·인프라로 본 기대소비 대비 실제 ×1.66 (분기 약 19억 원 웃돎, 추세 보합). 유사 원형 동 대비 의류·신발(×0.34), 생활용품(×0.49) 비중이 낮아 해당 업종 공급 여지. 교육(×2.88), 의료비(×1.66)은 이미 강세라 신규 진입 시 차별화 필요. 수요는 검증됐지만 경쟁 치열 — 차별화 콘셉트 없으면 비추천.",,25110.575,308.3333333333333,0.0123430592396109,0.208629531388152,0.2574007807417046,0.1308750813272609,582260300.0,0.2122641509433962,1.0,107.0,126.86540565002164,37.50987831468797
영등포구,11560515,영등포본동,생활압박형,1,"영등포푸르지오, 아크로타워스퀘어",철도교통·유흥상업혼합형,근린주거형,"1호선 영등포역, 타임스퀘어 지하연결","영등포역 광역철도 교통량, 복합쇼핑몰 타임스퀘어의 상시 유동인구, 영등포전통시장",영등포역 주변 노숙인 및 노후 쪽방촌/유흥업소 밀집에 따른 주거·보행환경 호불호,"경기 남서부 광역 유입객, 타임스퀘어 방문 2030, 노년층",#역세권 #몰세권,#고령층,#유흥가소음 #노후상권,"가성비 외식, 타임스퀘어 외곽 골목 맛집, 치과/정형외과, 생활잡화","최고급 명품 리테일(단독 로드샵), 프리미엄 아동 교육","[현장키워드] 가성비 외식, 타임스퀘어 외곽 골목 맛집, 치과/정형외과, 생활잡화",,식료품(×1.44),타임스퀘어의 거대 몰세권과 1호선 광역 환승객이 뒤섞여 유동인구는 많으나 주거 쾌적성은 갈리는 상권,기대수준,안정(초과),④ 검증·포화형,,,1.2459042551513149,796729027.3572488,-0.0128824708046239,"[근린주거형] 인구·인프라로 본 기대소비 대비 실제 ×1.25 (분기 약 8억 원 웃돎, 추세 보합). 식료품(×1.44)은 이미 강세라 신규 진입 시 차별화 필요. 수요는 검증됐지만 경쟁 치열 — 차별화 콘셉트 없으면 비추천.",,22631.882500000003,3173.833333333333,0.161662817551963,0.2897902232486528,0.3203779160882998,0.1715004701562709,265100867.0,0.4174528301886792,1.0,94.0,126.90953442700886,37.51367754120802
영등포구,11560535,영등포동,영앤레버리지형,0,"영등포푸르지오, 아크로타워스퀘어",철도교통·유흥상업혼합형,청년1인·원룸형,"1호선 영등포역, 타임스퀘어 지하연결","영등포역 광역철도 교통량, 복합쇼핑몰 타임스퀘어의 상시 유동인구, 영등포전통시장",영등포역 주변 노숙인 및 노후 쪽방촌/유흥업소 밀집에 따른 주거·보행환경 호불호,"경기 남서부 광역 유입객, 타임스퀘어 방문 2030, 노년층",#역세권 #집객시설밀집 #의료허브 #몰세권,#2030청년가구 #고령층,#유흥가소음 #노후상권 #소비위축추세,"가성비 외식, 타임스퀘어 외곽 골목 맛집, 치과/정형외과, 생활잡화","최고급 명품 리테일(단독 로드샵), 프리미엄 아동 교육","[데이터] 식자재마트·정육·반찬가게  [현장키워드] 가성비 외식, 타임스퀘어 외곽 골목 맛집, 치과/정형외과, 생활잡화",식료품(×0.48),"의류·신발(×5.32), 생활용품(×3.22)",타임스퀘어의 거대 몰세권과 1호선 광역 환승객이 뒤섞여 유동인구는 많으나 주거 쾌적성은 갈리는 상권,기대수준,위축되는 약세상권,⑥ 주의(위축),,,0.8995319716306881,-3951587588.413841,-0.1518081067576416,"[청년1인·원룸형] 인구·인프라로 본 기대소비 대비 실제 ×0.90 (분기 약 40억 원 밑돎, 추세 악화). 유사 원형 동 대비 식료품(×0.48) 비중이 낮아 해당 업종 공급 여지. 의류·신발(×5.32), 생활용품(×3.22)은 이미 강세라 신규 진입 시 차별화 필요. 기대보다 약하고 더 약해지는 중 — 원인(재건축·공동화) 확인 전 진입 보류.",,24668.89583333333,14130.5,0.4703240725225376,0.5360769462783606,0.5036130786291765,0.431030979466266,328420925.0,0.0306603773584905,1.0,325.0,126.90760179056504,37.52159586265854
영등포구,11560540,여의동,자산안정형,2,"여의도시범, 목화, 삼익, 여의도자이, 브라이튼여의도",금융오피스·몰세권복합형,오피스·업무형,"5·9호선 여의도역, 샛강역, 여의나루역(한강공원 직결)","더현대 서울·IFC몰의 전국구 몰세권, 한국 금융의 중심지 직장인 수요, 한강공원 봄꽃축제/불꽃축제 특수","재건축 대상 노후 아파트 주차난, 평일 직장인 대비 주말 빌딩가 공동화(더현대 제외)","금융·증권계 고소득 직장인, 여의도 원주민 시니어, 주말 2030 쇼핑객",#다중역세권 #집객시설밀집 #의료허브 #주차난 #한강변 #몰세권 #공원·숲세권,#초고자산 #직장인밀집,#노후상권 #정비사업·공사 #주말공동화 #소비유출,"고급 비즈니스 룸식당, 프리미엄 헬스/PT, 한강 피크닉 배달/포장 F&B, 테이크아웃 카페","저가형 분식/포차(임대료 감당 불가), 아동 전용 실내놀이터","[데이터] 의류·잡화 편집숍 / 생활용품·무인점포·세탁  [현장키워드] 고급 비즈니스 룸식당, 프리미엄 헬스/PT, 한강 피크닉 배달/포장 F&B, 테이크아웃 카페","의류·신발(×0.50), 생활용품(×0.58)",여가·문화(×2.33),더현대 서울의 압도적인 쇼핑 트래픽과 대한민국 금융 엘리트들의 소비가 결합된 초특급 상권,저평가,떠오르는 잠재상권,① 선점형 기회,,,0.1126233324901569,-1073891634245.4268,0.2655944348587624,"[오피스·업무형] 인구·인프라로 본 기대소비 대비 실제 ×0.11 (분기 약 10,739억 원 밑돎, 추세 개선). 유사 원형 동 대비 의류·신발(×0.50), 생활용품(×0.58) 비중이 낮아 해당 업종 공급 여지. 여가·문화(×2.33)은 이미 강세라 신규 진입 시 차별화 필요. 기대보다 덜 쓰지만 격차가 줄어드는 중 — 임대료 오르기 전 진입 적기. ※ 배율 극단(×0.25↓): 인접 거대상권 흡수·재건축 이주 가능성, 인접 동과 묶어 해석","배율 극단(×0.25↓): 인접 거대상권 흡수·재건축 이주 가능성, 인접 동과 묶어 해석",30607.561666666665,220474.3333333333,7.524050860672944,0.2557128291249325,0.2689222183467039,0.1194675037786303,1400319048.0,0.0896226415094339,5.0,399.0,126.92846623759736,37.528503008419
영등포구,11560550,당산1동,알뜰안정형,3,"당산센트럴아이파크, 당산현대5차, 삼성래미안4차",환승역세권·직주근접형,청년1인·원룸형,"2·9호선 당산역 급행 환승, 올림픽대로/노들로 진입 최적","여의도·강남 출퇴근 직장인 1인가구 및 신혼부부 대거 거주, 한강공원 도보 연결, 당산역 먹자골목","지상철 구간 소음, 좁은 골목길 혼잡 및 노후 빌라 혼재",여의도/강남 통근 2030 직장인 1인가구 및 맞벌이 신혼부부,#다중역세권 #환승요충지 #한강변 #공원·숲세권,#2030청년가구 #3040맞벌이,#교통정체 #노후상권 #소비위축추세,"퇴근길 테이크아웃 F&B, 가성비 이자카야/주점, 1인 헬스장, 세탁편의점","대형 가구/가전, 전문 입시학원","[현장키워드] 퇴근길 테이크아웃 F&B, 가성비 이자카야/주점, 1인 헬스장, 세탁편의점",,"음식(×1.60), 유흥(×1.47)",2·9호선 더블 황금노선을 타고 여의도·강남 직장인들의 퇴근길 소비가 집결하는 알짜 상권,기대수준,위축되는 약세상권,⑥ 주의(위축),,,0.8989749313127505,-784325314.3386898,-0.1276258235162539,"[청년1인·원룸형] 인구·인프라로 본 기대소비 대비 실제 ×0.90 (분기 약 8억 원 밑돎, 추세 악화). 음식(×1.60), 유흥(×1.47)은 이미 강세라 신규 진입 시 차별화 필요. 기대보다 약하고 더 약해지는 중 — 원인(재건축·공동화) 확인 전 진입 보류.",,18620.5625,7037.083333333333,0.4282850460598539,0.4100997565748651,0.4091075443090918,0.2513295341663617,342612455.0,0.0778301886792452,2.0,131.0,126.8967841339902,37.523902480304685
영등포구,11560560,당산2동,알뜰안정형,3,"당산센트럴아이파크, 당산현대5차, 삼성래미안4차",환승역세권·직주근접형,청년1인·원룸형,"2·9호선 당산역 급행 환승, 올림픽대로/노들로 진입 최적","여의도·강남 출퇴근 직장인 1인가구 및 신혼부부 대거 거주, 한강공원 도보 연결, 당산역 먹자골목","지상철 구간 소음, 좁은 골목길 혼잡 및 노후 빌라 혼재",여의도/강남 통근 2030 직장인 1인가구 및 맞벌이 신혼부부,#다중역세권 #집객시설밀집 #환승요충지 #한강변 #공원·숲세권,#2030청년가구 #3040맞벌이,#교통정체 #노후상권 #소비유출 #소비위축추세,"퇴근길 테이크아웃 F&B, 가성비 이자카야/주점, 1인 헬스장, 세탁편의점","대형 가구/가전, 전문 입시학원","[데이터] 생활용품·무인점포·세탁  [현장키워드] 퇴근길 테이크아웃 F&B, 가성비 이자카야/주점, 1인 헬스장, 세탁편의점",생활용품(×0.36),"교육(×2.50), 음식(×1.37)",2·9호선 더블 황금노선을 타고 여의도·강남 직장인들의 퇴근길 소비가 집결하는 알짜 상권,저평가,위축되는 약세상권,⑥ 주의(위축),,,0.5643224124541893,-6990240685.267965,-0.0883409114132198,"[청년1인·원룸형] 인구·인프라로 본 기대소비 대비 실제 ×0.56 (분기 약 70억 원 밑돎, 추세 악화). 유사 원형 동 대비 생활용품(×0.36) 비중이 낮아 해당 업종 공급 여지. 교육(×2.50), 음식(×1.37)은 이미 강세라 신규 진입 시 차별화 필요. 기대보다 약하고 더 약해지는 중 — 원인(재건축·공동화) 확인 전 진입 보류.",,29877.161666666667,12581.166666666666,0.4227779747456841,0.4069326642485068,0.4598669332371931,0.2432263773720953,525836586.0,0.205188679245283,2.0,192.0,126.902370554983,37.53410656554908
영등포구,11560585,도림동,알뜰안정형,3,-,대단지·생활근린형,청년1인·원룸형,지하철 및 시내버스 대중교통 이용 원활,안정적인 주거 배후수요를 갖춘 생활 밀착형 상권,외부 유입 한계 및 자체 배후수요 의존도 높음,다인 가구 및 일반 중장년·가족 단위 거주,#역세권공백,#2030청년가구 #주말나들이,#외부유입한계 #소비위축추세,"편의점, 베이커리, 중소형 마트, 근린의원(내과/치과)","고가 사치재, 외지인 유입 중심 대형 매장","[데이터] 의원(내과·소아과·치과)·약국 / 의류·잡화 편집숍  [현장키워드] 편의점, 베이커리, 중소형 마트, 근린의원(내과/치과)","의료비(×0.29), 의류·신발(×0.39)","식료품(×2.08), 교육(×1.97)",도림동 일대 안정적인 주거 배후지를 중심으로 형성된 근린 생활 상권,기대수준,식어가는 강세상권,⑤ 경고(둔화),,,1.4158161359072146,759050752.5096424,-0.0513015219519788,"[청년1인·원룸형] 인구·인프라로 본 기대소비 대비 실제 ×1.42 (분기 약 8억 원 웃돎, 추세 악화). 유사 원형 동 대비 의료비(×0.29), 의류·신발(×0.39) 비중이 낮아 해당 업종 공급 여지. 식료품(×2.08), 교육(×1.97)은 이미 강세라 신규 진입 시 차별화 필요. 강세였으나 식는 중 — 신규 진입 보수적, 업종 전환 수요 관찰.",,20308.416666666668,513.0833333333334,0.0294385605284136,0.3298029837148388,0.3516478012621456,0.2358434338375238,209452170.0,0.1981132075471698,0.0,66.0,126.90055953404418,37.50911124604306
영등포구,11560605,문래동,자산안정형,2,"문래힐스테이트, 문래자이, 문래창작촌 일대",창작촌감성·준공업혼합형,오피스·업무형,"2호선 문래역, 도림천역, 서부간선도로 지하화","문래창작촌 철공소 골목의 독특한 뉴트로 감성, 2030 데이트족 핫플레이스, 문래자이/힐스테이트 탄탄한 배후","낮 시간대 실제 철공소 분진·소음, 좁은 골목길 보행 불편 및 주차 공간 부족","2030 데이트족, 인근 아파트 거주 3040 세대, 철공소 장인/예술가",#역세권 #집객시설밀집 #주차난,#직장인밀집 #야간소비,#공업지대혼재 #주말공동화,"수제맥주 브루어리, 이색 와인바, 감성 베이커리, 가죽/도예 원데이클래스 공방","전형적인 프랜차이즈 식음료, 대형 완구점","[현장키워드] 수제맥주 브루어리, 이색 와인바, 감성 베이커리, 가죽/도예 원데이클래스 공방",,여가·문화(×4.87),철공소 골목의 거친 매력과 힙한 예술 식음료 문화가 공존하며 젊은 소비자를 끌어들이는 상권,데이터점검,데이터점검,데이터점검,,,4.351481757783671,576410997863.9647,2.3451654558410024,데이터 집계 이상으로 해석 제외 (현장·원자료 확인 필요),,28224.57416666667,63870.333333333336,2.036100181125476,0.2809318593466991,0.3036023495059926,0.1275527110990391,674800000.0,0.0943396226415094,1.0,185.0,126.89105938739388,37.51652713723463
영등포구,11560610,양평1동,알뜰안정형,3,"당산센트럴아이파크, 당산현대5차, 삼성래미안4차",환승역세권·직주근접형,청년1인·원룸형,"2·9호선 당산역 급행 환승, 올림픽대로/노들로 진입 최적","여의도·강남 출퇴근 직장인 1인가구 및 신혼부부 대거 거주, 한강공원 도보 연결, 당산역 먹자골목","지상철 구간 소음, 좁은 골목길 혼잡 및 노후 빌라 혼재",여의도/강남 통근 2030 직장인 1인가구 및 맞벌이 신혼부부,#역세권 #환승요충지 #한강변 #공원·숲세권,#2030청년가구 #3040맞벌이,#교통정체 #노후상권 #소비위축추세,"퇴근길 테이크아웃 F&B, 가성비 이자카야/주점, 1인 헬스장, 세탁편의점","대형 가구/가전, 전문 입시학원","[데이터] 주점·이자카야·노래방 / 의류·잡화 편집숍  [현장키워드] 퇴근길 테이크아웃 F&B, 가성비 이자카야/주점, 1인 헬스장, 세탁편의점","유흥(×0.38), 의류·신발(×0.49)","여가·문화(×2.08), 교육(×1.58)",2·9호선 더블 황금노선을 타고 여의도·강남 직장인들의 퇴근길 소비가 집결하는 알짜 상권,기대수준,위축되는 약세상권,⑥ 주의(위축),,,0.6961355495296545,-1876401523.061544,-0.069429569732528,"[청년1인·원룸형] 인구·인프라로 본 기대소비 대비 실제 ×0.70 (분기 약 19억 원 밑돎, 추세 악화). 유사 원형 동 대비 유흥(×0.38), 의류·신발(×0.49) 비중이 낮아 해당 업종 공급 여지. 여가·문화(×2.08), 교육(×1.58)은 이미 강세라 신규 진입 시 차별화 필요. 기대보다 약하고 더 약해지는 중 — 원인(재건축·공동화) 확인 전 진입 보류.",,14841.769166666669,9073.0,0.5367119355194877,0.4115049133267086,0.424098069105691,0.2472834095528455,314493630.0,0.0330188679245283,1.0,87.0,126.88671359553447,37.52546099340308
영등포구,11560620,양평2동,알뜰안정형,3,"당산센트럴아이파크, 당산현대5차, 삼성래미안4차",환승역세권·직주근접형,청년1인·원룸형,"2·9호선 당산역 급행 환승, 올림픽대로/노들로 진입 최적","여의도·강남 출퇴근 직장인 1인가구 및 신혼부부 대거 거주, 한강공원 도보 연결, 당산역 먹자골목","지상철 구간 소음, 좁은 골목길 혼잡 및 노후 빌라 혼재",여의도/강남 통근 2030 직장인 1인가구 및 맞벌이 신혼부부,#역세권 #환승요충지 #한강변 #공원·숲세권,#2030청년가구 #3040맞벌이,#교통정체 #노후상권,"퇴근길 테이크아웃 F&B, 가성비 이자카야/주점, 1인 헬스장, 세탁편의점","대형 가구/가전, 전문 입시학원","[데이터] 의원(내과·소아과·치과)·약국 / 주점·이자카야·노래방  [현장키워드] 퇴근길 테이크아웃 F&B, 가성비 이자카야/주점, 1인 헬스장, 세탁편의점","의료비(×0.25), 유흥(×0.40)","여가·문화(×8.92), 생활용품(×2.00)",2·9호선 더블 황금노선을 타고 여의도·강남 직장인들의 퇴근길 소비가 집결하는 알짜 상권,기대수준,성장하는 강세상권,③ 확장형,,,1.2406883320129165,2741269244.676968,0.0592129440456518,"[청년1인·원룸형] 인구·인프라로 본 기대소비 대비 실제 ×1.24 (분기 약 27억 원 웃돎, 추세 개선). 유사 원형 동 대비 의료비(×0.25), 유흥(×0.40) 비중이 낮아 해당 업종 공급 여지. 여가·문화(×8.92), 생활용품(×2.00)은 이미 강세라 신규 진입 시 차별화 필요. 이미 강하고 더 커지는 중 — 핵심가 대신 2선 입지·배후 골목 공략.",,19013.23583333333,13308.666666666666,0.6673546302943287,0.4025035893754486,0.4138330562692056,0.1834114150420633,261626373.0,0.4929245283018867,1.0,131.0,126.8905901573037,37.543502676685975
영등포구,11560630,신길1동,영앤레버리지형,0,"보라매SK뷰, 신길센트럴자이, 래미안에스티움",뉴타운신축·패밀리형,청년1인·원룸형,"7호선 신풍역, 보라매역(신림선 환승), 신안산선 호재","신길뉴타운 대단지 아파트 입주로 소득 수준 대폭 개선, 보라매공원 인접 쾌적성","과거 다세대 밀집지역 기반시설 정비 진행 중, 대형 중심상권 부재로 외부 이동 소비","신축 입주 3040 맞벌이 가족, 영유아~초등 자녀",#다중역세권 #의료허브 #환승요충지 #공원·숲세권 #교통호재,#2030청년가구 #3040맞벌이 #신축입주,,"소아과/이비인후과, 초등 단과학원/태권도, 무인 아이스크림/밀키트, 프랜차이즈 치킨/피자","성인 유흥주점, 고급 와인바","[현장키워드] 소아과/이비인후과, 초등 단과학원/태권도, 무인 아이스크림/밀키트, 프랜차이즈 치킨/피자",,"의료비(×1.91), 교육(×1.46)",대규모 뉴타운 완성으로 주거 환경이 상전벽해하며 어린 자녀를 둔 패밀리 소비가 급증하는 상권,기대수준,안정(초과),④ 검증·포화형,,,1.2099341759414148,723132885.2145953,-0.0081102332365719,"[청년1인·원룸형] 인구·인프라로 본 기대소비 대비 실제 ×1.21 (분기 약 7억 원 웃돎, 추세 보합). 의료비(×1.91), 교육(×1.46)은 이미 강세라 신규 진입 시 차별화 필요. 수요는 검증됐지만 경쟁 치열 — 차별화 콘셉트 없으면 비추천.",,20592.5525,2699.5,0.1000828414621518,0.3726312519415967,0.35938410724694,0.3257727802603458,217210138.0,0.1933962264150943,2.0,85.0,126.91947815339368,37.51243234306483
영등포구,11560650,신길3동,알뜰안정형,3,"보라매SK뷰, 신길센트럴자이, 래미안에스티움",뉴타운신축·패밀리형,근린주거형,"7호선 신풍역, 보라매역(신림선 환승), 신안산선 호재","신길뉴타운 대단지 아파트 입주로 소득 수준 대폭 개선, 보라매공원 인접 쾌적성","과거 다세대 밀집지역 기반시설 정비 진행 중, 대형 중심상권 부재로 외부 이동 소비","신축 입주 3040 맞벌이 가족, 영유아~초등 자녀",#역세권공백 #환승요충지 #공원·숲세권 #교통호재,#주말나들이 #3040맞벌이 #신축입주,,"소아과/이비인후과, 초등 단과학원/태권도, 무인 아이스크림/밀키트, 프랜차이즈 치킨/피자","성인 유흥주점, 고급 와인바","[현장키워드] 소아과/이비인후과, 초등 단과학원/태권도, 무인 아이스크림/밀키트, 프랜차이즈 치킨/피자",,"생활용품(×4.50), 의료비(×1.61)",대규모 뉴타운 완성으로 주거 환경이 상전벽해하며 어린 자녀를 둔 패밀리 소비가 급증하는 상권,기대수준,안정(초과),④ 검증·포화형,,,1.018244329624563,63935919.33593655,0.0077564513384045,"[근린주거형] 인구·인프라로 본 기대소비 대비 실제 ×1.02 (분기 약 1억 원 웃돎, 추세 보합). 생활용품(×4.50), 의료비(×1.61)은 이미 강세라 신규 진입 시 차별화 필요. 수요는 검증됐지만 경쟁 치열 — 차별화 콘셉트 없으면 비추천.",,14958.146666666667,378.8333333333333,0.023949843260188,0.2655172413793103,0.2851784790481117,0.1841502845318158,374597267.0,0.1014150943396226,0.0,102.0,126.90577720449866,37.50624131847006
영등포구,11560660,신길4동,알뜰안정형,3,"보라매SK뷰, 신길센트럴자이, 래미안에스티움",뉴타운신축·패밀리형,근린주거형,"7호선 신풍역, 보라매역(신림선 환승), 신안산선 호재","신길뉴타운 대단지 아파트 입주로 소득 수준 대폭 개선, 보라매공원 인접 쾌적성","과거 다세대 밀집지역 기반시설 정비 진행 중, 대형 중심상권 부재로 외부 이동 소비","신축 입주 3040 맞벌이 가족, 영유아~초등 자녀",#역세권공백 #환승요충지 #공원·숲세권 #교통호재,#주말나들이 #3040맞벌이 #신축입주,,"소아과/이비인후과, 초등 단과학원/태권도, 무인 아이스크림/밀키트, 프랜차이즈 치킨/피자","성인 유흥주점, 고급 와인바","[데이터] 피트니스·필라테스·키즈카페·공방 / 의류·잡화 편집숍  [현장키워드] 소아과/이비인후과, 초등 단과학원/태권도, 무인 아이스크림/밀키트, 프랜차이즈 치킨/피자","여가·문화(×0.54), 의류·신발(×0.63)","교육(×1.71), 의료비(×1.42)",대규모 뉴타운 완성으로 주거 환경이 상전벽해하며 어린 자녀를 둔 패밀리 소비가 급증하는 상권,기대수준,안정(저평가),② 유출보완형 기회,42.7,163.0,0.7379899943161745,-366646246.9821713,-0.0121348193050933,"[근린주거형] 인구·인프라로 본 기대소비 대비 실제 ×0.74 (분기 약 4억 원 밑돎, 추세 보합). 유사 원형 동 대비 여가·문화(×0.54), 의류·신발(×0.63) 비중이 낮아 해당 업종 공급 여지. 교육(×1.71), 의료비(×1.42)은 이미 강세라 신규 진입 시 차별화 필요. 수요 대비 소비가 꾸준히 밖으로 샘 — 빠진 필수업종을 채우는 근린형 진입.",,11980.443333333336,778.0,0.0681531749878817,0.2636936500242365,0.29944106526385,0.1963767877691928,247336978.0,0.1344339622641509,0.0,43.0,126.91293521370748,37.50723791646705
영등포구,11560670,신길5동,알뜰안정형,3,"보라매SK뷰, 신길센트럴자이, 래미안에스티움",뉴타운신축·패밀리형,근린주거형,"7호선 신풍역, 보라매역(신림선 환승), 신안산선 호재","신길뉴타운 대단지 아파트 입주로 소득 수준 대폭 개선, 보라매공원 인접 쾌적성","과거 다세대 밀집지역 기반시설 정비 진행 중, 대형 중심상권 부재로 외부 이동 소비","신축 입주 3040 맞벌이 가족, 영유아~초등 자녀",#역세권공백 #환승요충지 #공원·숲세권 #교통호재,#3040맞벌이 #신축입주,,"소아과/이비인후과, 초등 단과학원/태권도, 무인 아이스크림/밀키트, 프랜차이즈 치킨/피자","성인 유흥주점, 고급 와인바","[데이터] 식자재마트·정육·반찬가게 / 피트니스·필라테스·키즈카페·공방  [현장키워드] 소아과/이비인후과, 초등 단과학원/태권도, 무인 아이스크림/밀키트, 프랜차이즈 치킨/피자","식료품(×0.54), 여가·문화(×0.57)","생활용품(×6.26), 교육(×1.80)",대규모 뉴타운 완성으로 주거 환경이 상전벽해하며 어린 자녀를 둔 패밀리 소비가 급증하는 상권,기대수준,성장하는 강세상권,③ 확장형,,,1.1674981295078235,265677474.95949244,0.0517089720507952,"[근린주거형] 인구·인프라로 본 기대소비 대비 실제 ×1.17 (분기 약 3억 원 웃돎, 추세 개선). 유사 원형 동 대비 식료품(×0.54), 여가·문화(×0.57) 비중이 낮아 해당 업종 공급 여지. 생활용품(×6.26), 교육(×1.80)은 이미 강세라 신규 진입 시 차별화 필요. 이미 강하고 더 커지는 중 — 핵심가 대신 2선 입지·배후 골목 공략.",,14110.2275,769.0,0.0629335478033577,0.2414798431687946,0.269773145309626,0.1970892090741876,245273564.0,0.455188679245283,0.0,66.0,126.90551242130992,37.50096121617549
영등포구,11560680,신길6동,알뜰안정형,3,"보라매SK뷰, 신길센트럴자이, 래미안에스티움",뉴타운신축·패밀리형,근린주거형,"7호선 신풍역, 보라매역(신림선 환승), 신안산선 호재","신길뉴타운 대단지 아파트 입주로 소득 수준 대폭 개선, 보라매공원 인접 쾌적성","과거 다세대 밀집지역 기반시설 정비 진행 중, 대형 중심상권 부재로 외부 이동 소비","신축 입주 3040 맞벌이 가족, 영유아~초등 자녀",#역세권 #환승요충지 #공원·숲세권 #교통호재,#3040맞벌이 #신축입주,#소비위축추세,"소아과/이비인후과, 초등 단과학원/태권도, 무인 아이스크림/밀키트, 프랜차이즈 치킨/피자","성인 유흥주점, 고급 와인바","[데이터] 의류·잡화 편집숍  [현장키워드] 소아과/이비인후과, 초등 단과학원/태권도, 무인 아이스크림/밀키트, 프랜차이즈 치킨/피자",의류·신발(×0.66),"생활용품(×2.66), 교육(×1.82)",대규모 뉴타운 완성으로 주거 환경이 상전벽해하며 어린 자녀를 둔 패밀리 소비가 급증하는 상권,기대수준,식어가는 강세상권,⑤ 경고(둔화),,,1.073666347453541,318457942.2859364,-0.1049949767677623,"[근린주거형] 인구·인프라로 본 기대소비 대비 실제 ×1.07 (분기 약 3억 원 웃돎, 추세 악화). 유사 원형 동 대비 의류·신발(×0.66) 비중이 낮아 해당 업종 공급 여지. 생활용품(×2.66), 교육(×1.82)은 이미 강세라 신규 진입 시 차별화 필요. 강세였으나 식는 중 — 신규 진입 보수적, 업종 전환 수요 관찰.",,17568.844166666666,1863.1666666666667,0.1031139383368388,0.3178576925050018,0.3458717448354754,0.2003902832918377,326160022.0,0.2287735849056603,1.0,123.0,126.9134875775257,37.49902115324461
영등포구,11560690,신길7동,알뜰안정형,3,"보라매SK뷰, 신길센트럴자이, 래미안에스티움",뉴타운신축·패밀리형,근린주거형,"7호선 신풍역, 보라매역(신림선 환승), 신안산선 호재","신길뉴타운 대단지 아파트 입주로 소득 수준 대폭 개선, 보라매공원 인접 쾌적성","과거 다세대 밀집지역 기반시설 정비 진행 중, 대형 중심상권 부재로 외부 이동 소비","신축 입주 3040 맞벌이 가족, 영유아~초등 자녀",#역세권 #환승요충지 #공원·숲세권 #교통호재,#야간소비 #3040맞벌이 #신축입주,#소비위축추세,"소아과/이비인후과, 초등 단과학원/태권도, 무인 아이스크림/밀키트, 프랜차이즈 치킨/피자","성인 유흥주점, 고급 와인바","[데이터] 의류·잡화 편집숍 / 의원(내과·소아과·치과)·약국  [현장키워드] 소아과/이비인후과, 초등 단과학원/태권도, 무인 아이스크림/밀키트, 프랜차이즈 치킨/피자","의류·신발(×0.21), 의료비(×0.58)","여가·문화(×3.73), 교육(×1.63)",대규모 뉴타운 완성으로 주거 환경이 상전벽해하며 어린 자녀를 둔 패밀리 소비가 급증하는 상권,기대수준,위축되는 약세상권,⑥ 주의(위축),,,0.9239463294779504,-199279198.46513128,-0.1225716859153641,"[근린주거형] 인구·인프라로 본 기대소비 대비 실제 ×0.92 (분기 약 2억 원 밑돎, 추세 악화). 유사 원형 동 대비 의류·신발(×0.21), 의료비(×0.58) 비중이 낮아 해당 업종 공급 여지. 여가·문화(×3.73), 교육(×1.63)은 이미 강세라 신규 진입 시 차별화 필요. 기대보다 약하고 더 약해지는 중 — 원인(재건축·공동화) 확인 전 진입 보류.",,13850.074166666667,2205.6666666666665,0.1150715405227766,0.288083320693665,0.3206644852756103,0.1117807701988422,580827492.0,0.1627358490566037,1.0,78.0,126.91962080109202,37.50598124809876
영등포구,11560700,대림1동,알뜰안정형,3,-,대단지·생활근린형,근린주거형,지하철 및 시내버스 대중교통 이용 원활,안정적인 주거 배후수요를 갖춘 생활 밀착형 상권,외부 유입 한계 및 자체 배후수요 의존도 높음,다인 가구 및 일반 중장년·가족 단위 거주,#역세권공백 #의료허브,#주말나들이,#외부유입한계 #경쟁과열가능,"편의점, 베이커리, 중소형 마트, 근린의원(내과/치과)","고가 사치재, 외지인 유입 중심 대형 매장","[데이터] 학원·스터디카페·키즈교육 / 주점·이자카야·노래방  [현장키워드] 편의점, 베이커리, 중소형 마트, 근린의원(내과/치과)","교육(×0.27), 유흥(×0.42)","의료비(×2.44), 생활용품(×2.24)",대림1동 일대 안정적인 주거 배후지를 중심으로 형성된 근린 생활 상권,초과달성,안정(초과),④ 검증·포화형,,,1.7805585786205609,2210424775.619454,-4.532468069894442e-05,"[근린주거형] 인구·인프라로 본 기대소비 대비 실제 ×1.78 (분기 약 22억 원 웃돎, 추세 보합). 유사 원형 동 대비 교육(×0.27), 유흥(×0.42) 비중이 낮아 해당 업종 공급 여지. 의료비(×2.44), 생활용품(×2.24)은 이미 강세라 신규 진입 시 차별화 필요. 수요는 검증됐지만 경쟁 치열 — 차별화 콘셉트 없으면 비추천.",,16616.500833333335,1252.0,0.0996280358835971,0.2613230253081467,0.2868305583939412,0.2088014666105668,262808629.0,0.3231132075471698,0.0,81.0,126.90521627760396,37.493680848732666
영등포구,11560710,대림2동,알뜰안정형,3,-,대단지·생활근린형,근린주거형,지하철 및 시내버스 대중교통 이용 원활,안정적인 주거 배후수요를 갖춘 생활 밀착형 상권,외부 유입 한계 및 자체 배후수요 의존도 높음,다인 가구 및 일반 중장년·가족 단위 거주,#역세권공백 #의료허브,#가성비선호 #야간소비 #주말나들이,#외부유입한계,"편의점, 베이커리, 중소형 마트, 근린의원(내과/치과)","고가 사치재, 외지인 유입 중심 대형 매장","[데이터] 학원·스터디카페·키즈교육 / 피트니스·필라테스·키즈카페·공방  [현장키워드] 편의점, 베이커리, 중소형 마트, 근린의원(내과/치과)","교육(×0.14), 여가·문화(×0.64)","의류·신발(×2.79), 생활용품(×2.31)",대림2동 일대 안정적인 주거 배후지를 중심으로 형성된 근린 생활 상권,기대수준,안정(초과),④ 검증·포화형,,,1.2326197683442874,844372748.7335992,-0.0057809143878912,"[근린주거형] 인구·인프라로 본 기대소비 대비 실제 ×1.23 (분기 약 8억 원 웃돎, 추세 보합). 유사 원형 동 대비 교육(×0.14), 여가·문화(×0.64) 비중이 낮아 해당 업종 공급 여지. 의류·신발(×2.79), 생활용품(×2.31)은 이미 강세라 신규 진입 시 차별화 필요. 수요는 검증됐지만 경쟁 치열 — 차별화 콘셉트 없으면 비추천.",,23436.624166666665,3341.833333333333,0.3066496163682864,0.3116794543904518,0.2800436205016358,0.235528026172301,170194855.0,0.3702830188679245,0.0,86.0,126.90050622284808,37.48962244423952
영등포구,11560720,대림3동,알뜰안정형,3,-,대단지·생활근린형,근린주거형,지하철 및 시내버스 대중교통 이용 원활,안정적인 주거 배후수요를 갖춘 생활 밀착형 상권,외부 유입 한계 및 자체 배후수요 의존도 높음,다인 가구 및 일반 중장년·가족 단위 거주,#다중역세권,#가성비선호 #야간소비,#외부유입한계,"편의점, 베이커리, 중소형 마트, 근린의원(내과/치과)","고가 사치재, 외지인 유입 중심 대형 매장","[데이터] 학원·스터디카페·키즈교육 / 의류·잡화 편집숍  [현장키워드] 편의점, 베이커리, 중소형 마트, 근린의원(내과/치과)","교육(×0.48), 의류·신발(×0.52)","생활용품(×2.18), 의료비(×2.09)",대림3동 일대 안정적인 주거 배후지를 중심으로 형성된 근린 생활 상권,기대수준,안정(초과),④ 검증·포화형,,,1.0565223829858668,417433246.2662897,-0.0125084049829181,"[근린주거형] 인구·인프라로 본 기대소비 대비 실제 ×1.06 (분기 약 4억 원 웃돎, 추세 보합). 유사 원형 동 대비 교육(×0.48), 의류·신발(×0.52) 비중이 낮아 해당 업종 공급 여지. 생활용품(×2.18), 의료비(×2.09)은 이미 강세라 신규 진입 시 차별화 필요. 수요는 검증됐지만 경쟁 치열 — 차별화 콘셉트 없으면 비추천.",,27196.271666666667,4556.5,0.1982501861504095,0.2708023082650782,0.3048174309526479,0.1602137758343611,173627070.0,0.5117924528301887,2.0,126.0,126.89714500493702,37.49999916114727
용산구,11170510,후암동,알뜰안정형,3,-,1인청년·원룸배달형,가족·아파트단지형,"지하철역 접근 용이, 버스 환승망 발달","2030 청년 1인가구 밀집으로 배달음식, 간편식, 코인세탁 등 편의수요 최상","원룸촌 특유의 주차난, 잦은 이사로 인한 단골 고객 유지 어려움",2030 청년 직장인 및 취준생 1인가구,#역세권공백 #환승요충지 #주차난,,,"배달 전문점, 코인빨래방, 무인 프린트/카페, 1인 피트니스, 가성비 주점","대형 가족형 식당, 대형 키즈카페","[데이터] 의원(내과·소아과·치과)·약국 / 피트니스·필라테스·키즈카페·공방  [현장키워드] 배달 전문점, 코인빨래방, 무인 프린트/카페, 1인 피트니스, 가성비 주점","의료비(×0.45), 여가·문화(×0.64)","생활용품(×1.54), 의류·신발(×1.43)",청년 1인가구의 실속형 소비와 배달·포장 수요가 지배적인 역동적 소형 상권,기대수준,안정(저평가),② 유출보완형 기회,54.7,117.0,0.8078671777649883,-527920189.8016396,0.0448278367324089,"[가족·아파트단지형] 인구·인프라로 본 기대소비 대비 실제 ×0.81 (분기 약 5억 원 밑돎, 추세 보합). 유사 원형 동 대비 의료비(×0.45), 여가·문화(×0.64) 비중이 낮아 해당 업종 공급 여지. 생활용품(×1.54), 의류·신발(×1.43)은 이미 강세라 신규 진입 시 차별화 필요. 수요 대비 소비가 꾸준히 밖으로 샘 — 빠진 필수업종을 채우는 근린형 진입.",,14966.5475,1783.0,0.1176654182272159,0.3102372034956304,0.3523351182810276,0.212808242391378,292755194.0,0.8207547169811321,0.0,80.0,126.98061483959788,37.54990381408421
용산구,11170520,용산2가동,영앤레버리지형,0,-,1인청년·원룸배달형,가족·아파트단지형,"지하철역 접근 용이, 버스 환승망 발달","2030 청년 1인가구 밀집으로 배달음식, 간편식, 코인세탁 등 편의수요 최상","원룸촌 특유의 주차난, 잦은 이사로 인한 단골 고객 유지 어려움",2030 청년 직장인 및 취준생 1인가구,#역세권 #환승요충지 #주차난,#2030청년가구 #주말나들이,#경쟁과열가능,"배달 전문점, 코인빨래방, 무인 프린트/카페, 1인 피트니스, 가성비 주점","대형 가족형 식당, 대형 키즈카페","[현장키워드] 배달 전문점, 코인빨래방, 무인 프린트/카페, 1인 피트니스, 가성비 주점",,식료품(×3.13),청년 1인가구의 실속형 소비와 배달·포장 수요가 지배적인 역동적 소형 상권,초과달성,안정(초과),④ 검증·포화형,,,67.53168156868516,133928572178.22746,-0.018240097996847,"[가족·아파트단지형] 인구·인프라로 본 기대소비 대비 실제 ×67.53 (분기 약 1,339억 원 웃돎, 추세 보합). 식료품(×3.13)은 이미 강세라 신규 진입 시 차별화 필요. 수요는 검증됐지만 경쟁 치열 — 차별화 콘셉트 없으면 비추천. ※ 배율 극단(×5↑): 대형점·본사 매출 주소 집계 가능성, 현장 확인 필요","배율 극단(×5↑): 대형점·본사 매출 주소 집계 가능성, 현장 확인 필요",10286.339166666668,444.4166666666667,0.0540266185427475,0.330588766072637,0.3874208781271978,0.2521852707726313,204859436.0,0.7688679245283019,1.0,63.0,126.98507593025204,37.537912160148856
용산구,11170530,남영동,영앤레버리지형,0,-,1인청년·원룸배달형,오피스·업무형,"지하철역 접근 용이, 버스 환승망 발달","2030 청년 1인가구 밀집으로 배달음식, 간편식, 코인세탁 등 편의수요 최상","원룸촌 특유의 주차난, 잦은 이사로 인한 단골 고객 유지 어려움",2030 청년 직장인 및 취준생 1인가구,#다중역세권 #환승요충지 #주차난,#직장인밀집,#주말공동화 #소비위축추세 #경쟁과열가능,"배달 전문점, 코인빨래방, 무인 프린트/카페, 1인 피트니스, 가성비 주점","대형 가족형 식당, 대형 키즈카페","[데이터] 의류·잡화 편집숍 / 학원·스터디카페·키즈교육  [현장키워드] 배달 전문점, 코인빨래방, 무인 프린트/카페, 1인 피트니스, 가성비 주점","의류·신발(×0.13), 교육(×0.22)","여가·문화(×3.51), 생활용품(×2.50)",청년 1인가구의 실속형 소비와 배달·포장 수요가 지배적인 역동적 소형 상권,초과달성,식어가는 강세상권,⑤ 경고(둔화),,,7.019525578362691,43999357235.10752,-0.0939446537037619,"[오피스·업무형] 인구·인프라로 본 기대소비 대비 실제 ×7.02 (분기 약 440억 원 웃돎, 추세 악화). 유사 원형 동 대비 의류·신발(×0.13), 교육(×0.22) 비중이 낮아 해당 업종 공급 여지. 여가·문화(×3.51), 생활용품(×2.50)은 이미 강세라 신규 진입 시 차별화 필요. 강세였으나 식는 중 — 신규 진입 보수적, 업종 전환 수요 관찰. ※ 배율 극단(×5↑): 대형점·본사 매출 주소 집계 가능성, 현장 확인 필요","배율 극단(×5↑): 대형점·본사 매출 주소 집계 가능성, 현장 확인 필요",7052.974999999999,17042.75,2.711541281712861,0.2600087989441267,0.3114092023654983,0.414009808163854,398414266.0,0.2099056603773585,3.0,147.0,126.97482276913377,37.544028208171056
용산구,11170555,청파동,영앤레버리지형,0,-,1인청년·원룸배달형,근린주거형,"지하철역 접근 용이, 버스 환승망 발달","2030 청년 1인가구 밀집으로 배달음식, 간편식, 코인세탁 등 편의수요 최상","원룸촌 특유의 주차난, 잦은 이사로 인한 단골 고객 유지 어려움",2030 청년 직장인 및 취준생 1인가구,#역세권공백 #대학가 #환승요충지 #주차난,#2030청년가구,#소비유출,"배달 전문점, 코인빨래방, 무인 프린트/카페, 1인 피트니스, 가성비 주점","대형 가족형 식당, 대형 키즈카페","[데이터] 학원·스터디카페·키즈교육 / 의원(내과·소아과·치과)·약국  [현장키워드] 배달 전문점, 코인빨래방, 무인 프린트/카페, 1인 피트니스, 가성비 주점","교육(×0.44), 의료비(×0.51)","음식(×1.83), 여가·문화(×1.43)",청년 1인가구의 실속형 소비와 배달·포장 수요가 지배적인 역동적 소형 상권,저평가,안정(저평가),② 유출보완형 기회,57.0,108.0,0.4675867853732139,-3742378817.001444,-0.0298205727056218,"[근린주거형] 인구·인프라로 본 기대소비 대비 실제 ×0.47 (분기 약 37억 원 밑돎, 추세 보합). 유사 원형 동 대비 교육(×0.44), 의료비(×0.51) 비중이 낮아 해당 업종 공급 여지. 음식(×1.83), 여가·문화(×1.43)은 이미 강세라 신규 진입 시 차별화 필요. 수요 대비 소비가 꾸준히 밖으로 샘 — 빠진 필수업종을 채우는 근린형 진입.",,18889.43833333333,3237.083333333333,0.1712132470013799,0.3916250928776138,0.441740334433912,0.3177745233784215,244172572.0,0.6910377358490566,0.0,128.0,126.9668436893749,37.54758518372214
용산구,11170560,원효로1동,알뜰안정형,3,-,1인청년·원룸배달형,청년1인·원룸형,"지하철역 접근 용이, 버스 환승망 발달","2030 청년 1인가구 밀집으로 배달음식, 간편식, 코인세탁 등 편의수요 최상","원룸촌 특유의 주차난, 잦은 이사로 인한 단골 고객 유지 어려움",2030 청년 직장인 및 취준생 1인가구,#역세권공백 #환승요충지 #주차난,#2030청년가구,#소비유출,"배달 전문점, 코인빨래방, 무인 프린트/카페, 1인 피트니스, 가성비 주점","대형 가족형 식당, 대형 키즈카페","[데이터] 의류·잡화 편집숍 / 식자재마트·정육·반찬가게  [현장키워드] 배달 전문점, 코인빨래방, 무인 프린트/카페, 1인 피트니스, 가성비 주점","의류·신발(×0.68), 식료품(×0.68)","생활용품(×12.12), 교육(×1.79)",청년 1인가구의 실속형 소비와 배달·포장 수요가 지배적인 역동적 소형 상권,저평가,안정(저평가),② 유출보완형 기회,51.5,129.0,0.5551726744447666,-2420823128.748859,-0.036283527756817,"[청년1인·원룸형] 인구·인프라로 본 기대소비 대비 실제 ×0.56 (분기 약 24억 원 밑돎, 추세 보합). 유사 원형 동 대비 의류·신발(×0.68), 식료품(×0.68) 비중이 낮아 해당 업종 공급 여지. 생활용품(×12.12), 교육(×1.79)은 이미 강세라 신규 진입 시 차별화 필요. 수요 대비 소비가 꾸준히 밖으로 샘 — 빠진 필수업종을 채우는 근린형 진입.",,12818.788333333332,2889.5,0.1746284501061571,0.4149563576315169,0.4454933692964711,0.2093054619015509,423991122.0,0.2924528301886792,0.0,94.0,126.96655397782294,37.537493906721416
용산구,11170570,원효로2동,알뜰안정형,3,-,서민베드타운·생활근린형,근린주거형,마을버스 및 시내버스 연계망 중심,"오랜 정주기간을 가진 지역 토착민 단골 형성 용이, 가성비 상품 반응 우수","노후 주택가 골목길 주차 불편, 주민 평균 연령 상승에 따른 소비 단가 한계",지역 토착 다인가구 및 어르신/시니어층,#역세권공백 #주차난,#고령층,#노후상권 #소비유출 #소비위축추세,"가성비 식료품/정육점, 내과/정형외과/약국, 생활밀착 철물/잡화, 국밥/백반집","초고가 프리미엄 사치재, 유행성 팝업스토어","[데이터] 의원(내과·소아과·치과)·약국  [현장키워드] 가성비 식료품/정육점, 내과/정형외과/약국, 생활밀착 철물/잡화, 국밥/백반집",의료비(×0.23),"생활용품(×9.00), 교육(×2.62)",지역 주민들의 생필품과 가성비 외식을 책임지는 탄탄한 골목형 생활 상권,저평가,위축되는 약세상권,⑥ 주의(위축),,,0.3956795614337772,-1713011617.2778986,-0.0531593812676002,"[근린주거형] 인구·인프라로 본 기대소비 대비 실제 ×0.40 (분기 약 17억 원 밑돎, 추세 악화). 유사 원형 동 대비 의료비(×0.23) 비중이 낮아 해당 업종 공급 여지. 생활용품(×9.00), 교육(×2.62)은 이미 강세라 신규 진입 시 차별화 필요. 기대보다 약하고 더 약해지는 중 — 원인(재건축·공동화) 확인 전 진입 보류.",,12078.5075,2873.333333333333,0.220460883604873,0.3099955966534566,0.3276490066225165,0.1515885761589404,462855465.0,0.4764150943396226,0.0,69.0,126.95245827364532,37.53384903090399
용산구,11170580,효창동,알뜰안정형,3,-,1인청년·원룸배달형,가족·아파트단지형,"지하철역 접근 용이, 버스 환승망 발달","2030 청년 1인가구 밀집으로 배달음식, 간편식, 코인세탁 등 편의수요 최상","원룸촌 특유의 주차난, 잦은 이사로 인한 단골 고객 유지 어려움",2030 청년 직장인 및 취준생 1인가구,#다중역세권 #환승요충지 #주차난,#2030청년가구,#소비유출,"배달 전문점, 코인빨래방, 무인 프린트/카페, 1인 피트니스, 가성비 주점","대형 가족형 식당, 대형 키즈카페","[데이터] 의류·잡화 편집숍 / 생활용품·무인점포·세탁  [현장키워드] 배달 전문점, 코인빨래방, 무인 프린트/카페, 1인 피트니스, 가성비 주점","의류·신발(×0.24), 생활용품(×0.69)","교육(×1.63), 식료품(×1.44)",청년 1인가구의 실속형 소비와 배달·포장 수요가 지배적인 역동적 소형 상권,저평가,안정(저평가),② 유출보완형 기회,49.6,142.0,0.3863363951714025,-1608715799.5194378,-0.0265900635646776,"[가족·아파트단지형] 인구·인프라로 본 기대소비 대비 실제 ×0.39 (분기 약 16억 원 밑돎, 추세 보합). 유사 원형 동 대비 의류·신발(×0.24), 생활용품(×0.69) 비중이 낮아 해당 업종 공급 여지. 교육(×1.63), 식료품(×1.44)은 이미 강세라 신규 진입 시 차별화 필요. 수요 대비 소비가 꾸준히 밖으로 샘 — 빠진 필수업종을 채우는 근린형 진입.",,8096.778333333333,1301.1666666666667,0.1330520393811533,0.3359587435536803,0.365983026874116,0.1539403583215464,342185373.0,0.8325471698113207,2.0,66.0,126.96093915346631,37.542808082601326
용산구,11170590,용문동,알뜰안정형,3,-,서민베드타운·생활근린형,가족·아파트단지형,마을버스 및 시내버스 연계망 중심,"오랜 정주기간을 가진 지역 토착민 단골 형성 용이, 가성비 상품 반응 우수","노후 주택가 골목길 주차 불편, 주민 평균 연령 상승에 따른 소비 단가 한계",지역 토착 다인가구 및 어르신/시니어층,#역세권공백 #주차난,#고령층,#노후상권,"가성비 식료품/정육점, 내과/정형외과/약국, 생활밀착 철물/잡화, 국밥/백반집","초고가 프리미엄 사치재, 유행성 팝업스토어","[데이터] 의원(내과·소아과·치과)·약국 / 피트니스·필라테스·키즈카페·공방  [현장키워드] 가성비 식료품/정육점, 내과/정형외과/약국, 생활밀착 철물/잡화, 국밥/백반집","의료비(×0.39), 여가·문화(×0.52)","생활용품(×1.90), 식료품(×1.52)",지역 주민들의 생필품과 가성비 외식을 책임지는 탄탄한 골목형 생활 상권,기대수준,안정(저평가),② 유출보완형 기회,50.4,137.0,0.7319739506460488,-550848649.4420831,0.015891893909535,"[가족·아파트단지형] 인구·인프라로 본 기대소비 대비 실제 ×0.73 (분기 약 6억 원 밑돎, 추세 보합). 유사 원형 동 대비 의료비(×0.39), 여가·문화(×0.52) 비중이 낮아 해당 업종 공급 여지. 생활용품(×1.90), 식료품(×1.52)은 이미 강세라 신규 진입 시 차별화 필요. 수요 대비 소비가 꾸준히 밖으로 샘 — 빠진 필수업종을 채우는 근린형 진입.",,10517.7,2893.0,0.2705623901581722,0.3121265377855887,0.3407698199923401,0.1677441593259287,323872688.0,0.7099056603773585,0.0,54.0,126.95850901385698,37.537977894354526
용산구,11170625,한강로동,알뜰안정형,3,-,1인청년·원룸배달형,오피스·업무형,"지하철역 접근 용이, 버스 환승망 발달","2030 청년 1인가구 밀집으로 배달음식, 간편식, 코인세탁 등 편의수요 최상","원룸촌 특유의 주차난, 잦은 이사로 인한 단골 고객 유지 어려움",2030 청년 직장인 및 취준생 1인가구,#다중역세권 #집객시설밀집 #환승요충지 #주차난,#초고자산 #2030청년가구 #직장인밀집,#주말공동화,"배달 전문점, 코인빨래방, 무인 프린트/카페, 1인 피트니스, 가성비 주점","대형 가족형 식당, 대형 키즈카페","[데이터] 의류·잡화 편집숍 / 학원·스터디카페·키즈교육  [현장키워드] 배달 전문점, 코인빨래방, 무인 프린트/카페, 1인 피트니스, 가성비 주점","의류·신발(×0.20), 교육(×0.49)","생활용품(×12.73), 음식(×1.85)",청년 1인가구의 실속형 소비와 배달·포장 수요가 지배적인 역동적 소형 상권,기대수준,안정(저평가),② 유출보완형 기회,65.4,65.0,0.8931300342230307,-3953472765.396824,0.0091054465801254,"[오피스·업무형] 인구·인프라로 본 기대소비 대비 실제 ×0.89 (분기 약 40억 원 밑돎, 추세 보합). 유사 원형 동 대비 의류·신발(×0.20), 교육(×0.49) 비중이 낮아 해당 업종 공급 여지. 생활용품(×12.73), 음식(×1.85)은 이미 강세라 신규 진입 시 차별화 필요. 수요 대비 소비가 꾸준히 밖으로 샘 — 빠진 필수업종을 채우는 근린형 진입.",,19605.5775,49982.25,2.7862897459121894,0.3822758259045621,0.398526863084922,0.2708834488734835,780899618.0,0.035377358490566,7.0,242.0,126.96859411957044,37.52912416764973
용산구,11170630,이촌1동,자산안정형,2,-,중산층·아파트대단지형,고자산·아파트형,주요 간선도로 및 지하철 연계 버스망 우수,"안정된 소득의 아파트 거주 가족 배후, 유흥가 없는 쾌적하고 안전한 생활환경","단지 내 상가 외 상권 확장 한계, 백화점/대형몰로의 원정 소비 발생",3040 맞벌이 부부 및 초중등 자녀 가족,#역세권공백 #몰세권,#초고자산 #3040맞벌이,#소비유출,"단과 학원, 베이커리, 소아과/이비인후과/치과, 반찬가게, 피트니스","유흥업소, 저가 무인매장","[현장키워드] 단과 학원, 베이커리, 소아과/이비인후과/치과, 반찬가게, 피트니스",,"유흥(×2.52), 의류·신발(×1.75)",가족 단위 주민들의 교육·의료·생필품 소비가 안정적으로 고정 매출을 보장하는 상권,저평가,안정(저평가),② 유출보완형 기회,74.9,18.0,0.4392493039783883,-3708066453.262494,0.013711391984191,"[고자산·아파트형] 인구·인프라로 본 기대소비 대비 실제 ×0.44 (분기 약 37억 원 밑돎, 추세 보합). 유흥(×2.52), 의류·신발(×1.75)은 이미 강세라 신규 진입 시 차별화 필요. 수요 대비 소비가 꾸준히 밖으로 샘 — 빠진 필수업종을 채우는 근린형 진입.",,20343.693333333333,5307.75,0.2369149320178077,0.2200697870292383,0.2579551508693757,0.0870053760836925,1448413885.0,0.4268867924528302,0.0,102.0,126.9717558041162,37.51517744414727
용산구,11170640,이촌2동,자산안정형,2,-,중산층·아파트대단지형,근린주거형,주요 간선도로 및 지하철 연계 버스망 우수,"안정된 소득의 아파트 거주 가족 배후, 유흥가 없는 쾌적하고 안전한 생활환경","단지 내 상가 외 상권 확장 한계, 백화점/대형몰로의 원정 소비 발생",3040 맞벌이 부부 및 초중등 자녀 가족,#역세권공백 #몰세권,#3040맞벌이,#소비유출 #소비위축추세,"단과 학원, 베이커리, 소아과/이비인후과/치과, 반찬가게, 피트니스","유흥업소, 저가 무인매장","[데이터] 피트니스·필라테스·키즈카페·공방 / 생활용품·무인점포·세탁  [현장키워드] 단과 학원, 베이커리, 소아과/이비인후과/치과, 반찬가게, 피트니스","여가·문화(×0.51), 생활용품(×0.53)","의류·신발(×3.59), 식료품(×1.80)",가족 단위 주민들의 교육·의료·생필품 소비가 안정적으로 고정 매출을 보장하는 상권,저평가,위축되는 약세상권,⑥ 주의(위축),,,0.3742423767579891,-783034053.0241988,-0.0871840035136833,"[근린주거형] 인구·인프라로 본 기대소비 대비 실제 ×0.37 (분기 약 8억 원 밑돎, 추세 악화). 유사 원형 동 대비 여가·문화(×0.51), 생활용품(×0.53) 비중이 낮아 해당 업종 공급 여지. 의류·신발(×3.59), 식료품(×1.80)은 이미 강세라 신규 진입 시 차별화 필요. 기대보다 약하고 더 약해지는 중 — 원인(재건축·공동화) 확인 전 진입 보류.",,7458.3875,1983.0,0.2585768742058449,0.2674714104193138,0.3028547786512205,0.1543456075024134,541443092.0,0.5825471698113207,0.0,26.0,126.95420736020796,37.52285750115803
용산구,11170650,이태원1동,영앤레버리지형,0,-,1인청년·원룸배달형,오피스·업무형,"지하철역 접근 용이, 버스 환승망 발달","2030 청년 1인가구 밀집으로 배달음식, 간편식, 코인세탁 등 편의수요 최상","원룸촌 특유의 주차난, 잦은 이사로 인한 단골 고객 유지 어려움",2030 청년 직장인 및 취준생 1인가구,#역세권 #환승요충지 #주차난,#2030청년가구 #직장인밀집 #야간소비 #주말나들이,#경쟁과열가능,"배달 전문점, 코인빨래방, 무인 프린트/카페, 1인 피트니스, 가성비 주점","대형 가족형 식당, 대형 키즈카페","[데이터] 피트니스·필라테스·키즈카페·공방 / 학원·스터디카페·키즈교육  [현장키워드] 배달 전문점, 코인빨래방, 무인 프린트/카페, 1인 피트니스, 가성비 주점","여가·문화(×0.17), 교육(×0.24)","유흥(×9.93), 음식(×2.50)",청년 1인가구의 실속형 소비와 배달·포장 수요가 지배적인 역동적 소형 상권,초과달성,성장하는 강세상권,③ 확장형,,,2.8050453681116507,5587285840.147511,0.2228724253653061,"[오피스·업무형] 인구·인프라로 본 기대소비 대비 실제 ×2.81 (분기 약 56억 원 웃돎, 추세 개선). 유사 원형 동 대비 여가·문화(×0.17), 교육(×0.24) 비중이 낮아 해당 업종 공급 여지. 유흥(×9.93), 음식(×2.50)은 이미 강세라 신규 진입 시 차별화 필요. 이미 강하고 더 커지는 중 — 핵심가 대신 2선 입지·배후 골목 공략.",,7011.241666666666,18989.166666666668,3.042726517040732,0.3326683291770573,0.4111394557823129,0.3237599206349206,632786445.0,0.445754716981132,1.0,71.0,126.99324554325972,37.53336285660898
용산구,11170660,이태원2동,영앤레버리지형,0,-,1인청년·원룸배달형,근린주거형,"지하철역 접근 용이, 버스 환승망 발달","2030 청년 1인가구 밀집으로 배달음식, 간편식, 코인세탁 등 편의수요 최상","원룸촌 특유의 주차난, 잦은 이사로 인한 단골 고객 유지 어려움",2030 청년 직장인 및 취준생 1인가구,#역세권공백 #환승요충지 #주차난,#2030청년가구,#소비위축추세,"배달 전문점, 코인빨래방, 무인 프린트/카페, 1인 피트니스, 가성비 주점","대형 가족형 식당, 대형 키즈카페","[데이터] 학원·스터디카페·키즈교육 / 의원(내과·소아과·치과)·약국  [현장키워드] 배달 전문점, 코인빨래방, 무인 프린트/카페, 1인 피트니스, 가성비 주점","교육(×0.22), 의료비(×0.23)","의류·신발(×4.06), 유흥(×3.89)",청년 1인가구의 실속형 소비와 배달·포장 수요가 지배적인 역동적 소형 상권,기대수준,위축되는 약세상권,⑥ 주의(위축),,,0.7371051539251916,-727970926.1529992,-0.106633137453714,"[근린주거형] 인구·인프라로 본 기대소비 대비 실제 ×0.74 (분기 약 7억 원 밑돎, 추세 악화). 유사 원형 동 대비 교육(×0.22), 의료비(×0.23) 비중이 낮아 해당 업종 공급 여지. 의류·신발(×4.06), 유흥(×3.89)은 이미 강세라 신규 진입 시 차별화 필요. 기대보다 약하고 더 약해지는 중 — 원인(재건축·공동화) 확인 전 진입 보류.",,8703.799166666666,847.75,0.1010742751530553,0.3334873512764237,0.3882516510253737,0.2806627273780558,436270648.0,0.6344339622641509,0.0,60.0,126.9920566827956,37.54176010616265
용산구,11170685,한남동,알뜰안정형,3,-,1인청년·원룸배달형,오피스·업무형,"지하철역 접근 용이, 버스 환승망 발달","2030 청년 1인가구 밀집으로 배달음식, 간편식, 코인세탁 등 편의수요 최상","원룸촌 특유의 주차난, 잦은 이사로 인한 단골 고객 유지 어려움",2030 청년 직장인 및 취준생 1인가구,#다중역세권 #집객시설밀집 #의료허브 #환승요충지 #주차난,#초고자산 #직장인밀집 #야간소비,#소비유출 #소비위축추세,"배달 전문점, 코인빨래방, 무인 프린트/카페, 1인 피트니스, 가성비 주점","대형 가족형 식당, 대형 키즈카페","[데이터] 생활용품·무인점포·세탁  [현장키워드] 배달 전문점, 코인빨래방, 무인 프린트/카페, 1인 피트니스, 가성비 주점",생활용품(×0.52),"의류·신발(×5.29), 유흥(×2.58)",청년 1인가구의 실속형 소비와 배달·포장 수요가 지배적인 역동적 소형 상권,저평가,위축되는 약세상권,⑥ 주의(위축),,,0.6264296737445205,-7626635477.056915,-0.1331442673532342,"[오피스·업무형] 인구·인프라로 본 기대소비 대비 실제 ×0.63 (분기 약 76억 원 밑돎, 추세 악화). 유사 원형 동 대비 생활용품(×0.52) 비중이 낮아 해당 업종 공급 여지. 의류·신발(×5.29), 유흥(×2.58)은 이미 강세라 신규 진입 시 차별화 필요. 기대보다 약하고 더 약해지는 중 — 원인(재건축·공동화) 확인 전 진입 보류.",,18438.928333333333,37686.41666666666,2.572073852408108,0.2952967082604031,0.356602093075039,0.2664757292362502,1309674189.0,0.785377358490566,2.0,171.0,127.00517078444392,37.5375255598216
용산구,11170690,서빙고동,자산안정형,2,-,중산층·아파트대단지형,고자산·아파트형,주요 간선도로 및 지하철 연계 버스망 우수,"안정된 소득의 아파트 거주 가족 배후, 유흥가 없는 쾌적하고 안전한 생활환경","단지 내 상가 외 상권 확장 한계, 백화점/대형몰로의 원정 소비 발생",3040 맞벌이 부부 및 초중등 자녀 가족,#역세권 #몰세권,#초고자산 #직장인밀집 #3040맞벌이,,"단과 학원, 베이커리, 소아과/이비인후과/치과, 반찬가게, 피트니스","유흥업소, 저가 무인매장","[데이터] 의원(내과·소아과·치과)·약국  [현장키워드] 단과 학원, 베이커리, 소아과/이비인후과/치과, 반찬가게, 피트니스",의료비(×0.15),"여가·문화(×3.19), 생활용품(×1.99)",가족 단위 주민들의 교육·의료·생필품 소비가 안정적으로 고정 매출을 보장하는 상권,기대수준,안정(초과),④ 검증·포화형,,,1.0732399475751728,127851387.54499196,-0.0178838782405243,"[고자산·아파트형] 인구·인프라로 본 기대소비 대비 실제 ×1.07 (분기 약 1억 원 웃돎, 추세 보합). 유사 원형 동 대비 의료비(×0.15) 비중이 낮아 해당 업종 공급 여지. 여가·문화(×3.19), 생활용품(×1.99)은 이미 강세라 신규 진입 시 차별화 필요. 수요는 검증됐지만 경쟁 치열 — 차별화 콘셉트 없으면 비추천.",,10977.905833333332,8721.0,0.8121835570200112,0.2405368480270031,0.2647459783695355,0.1472471144233391,931218213.0,0.5754716981132075,1.0,61.0,126.98891431424948,37.51963125792497
용산구,11170700,보광동,영앤레버리지형,0,-,1인청년·원룸배달형,근린주거형,"지하철역 접근 용이, 버스 환승망 발달","2030 청년 1인가구 밀집으로 배달음식, 간편식, 코인세탁 등 편의수요 최상","원룸촌 특유의 주차난, 잦은 이사로 인한 단골 고객 유지 어려움",2030 청년 직장인 및 취준생 1인가구,#역세권공백 #환승요충지 #주차난,,#소비유출,"배달 전문점, 코인빨래방, 무인 프린트/카페, 1인 피트니스, 가성비 주점","대형 가족형 식당, 대형 키즈카페","[현장키워드] 배달 전문점, 코인빨래방, 무인 프린트/카페, 1인 피트니스, 가성비 주점",,"여가·문화(×2.39), 유흥(×1.98)",청년 1인가구의 실속형 소비와 배달·포장 수요가 지배적인 역동적 소형 상권,저평가,안정(저평가),② 유출보완형 기회,53.2,123.0,0.5721612080425671,-887496205.2100182,0.011377561873716,"[근린주거형] 인구·인프라로 본 기대소비 대비 실제 ×0.57 (분기 약 9억 원 밑돎, 추세 보합). 여가·문화(×2.39), 유흥(×1.98)은 이미 강세라 신규 진입 시 차별화 필요. 수요 대비 소비가 꾸준히 밖으로 샘 — 빠진 필수업종을 채우는 근린형 진입.",,13895.224166666669,314.1666666666667,0.0228130052092689,0.2920783186635531,0.352809491828968,0.2920170136556973,751925365.0,0.320754716981132,0.0,70.0,127.0009050415568,37.52688484537797
은평구,11380510,녹번동,생활압박형,1,-,서민베드타운·생활근린형,가족·아파트단지형,마을버스 및 시내버스 연계망 중심,"오랜 정주기간을 가진 지역 토착민 단골 형성 용이, 가성비 상품 반응 우수","노후 주택가 골목길 주차 불편, 주민 평균 연령 상승에 따른 소비 단가 한계",지역 토착 다인가구 및 어르신/시니어층,#다중역세권 #주차난,#고령층,#노후상권 #소비위축추세,"가성비 식료품/정육점, 내과/정형외과/약국, 생활밀착 철물/잡화, 국밥/백반집","초고가 프리미엄 사치재, 유행성 팝업스토어","[데이터] 의류·잡화 편집숍  [현장키워드] 가성비 식료품/정육점, 내과/정형외과/약국, 생활밀착 철물/잡화, 국밥/백반집",의류·신발(×0.51),생활용품(×1.42),지역 주민들의 생필품과 가성비 외식을 책임지는 탄탄한 골목형 생활 상권,기대수준,위축되는 약세상권,⑥ 주의(위축),,,0.8427029361359477,-1016977494.9026335,-0.0597055885875544,"[가족·아파트단지형] 인구·인프라로 본 기대소비 대비 실제 ×0.84 (분기 약 10억 원 밑돎, 추세 악화). 유사 원형 동 대비 의류·신발(×0.51) 비중이 낮아 해당 업종 공급 여지. 생활용품(×1.42)은 이미 강세라 신규 진입 시 차별화 필요. 기대보다 약하고 더 약해지는 중 — 원인(재건축·공동화) 확인 전 진입 보류.",,28467.37,3288.75,0.1201374265765266,0.2816413609664192,0.3114049696888948,0.184207581107188,194168619.0,0.8231132075471698,2.0,148.0,126.93457613990928,37.605307427951566
은평구,11380520,불광1동,생활압박형,1,-,서민베드타운·생활근린형,가족·아파트단지형,마을버스 및 시내버스 연계망 중심,"오랜 정주기간을 가진 지역 토착민 단골 형성 용이, 가성비 상품 반응 우수","노후 주택가 골목길 주차 불편, 주민 평균 연령 상승에 따른 소비 단가 한계",지역 토착 다인가구 및 어르신/시니어층,#다중역세권 #집객시설밀집 #주차난,#가족세대 #주말나들이 #고령층,#노후상권,"가성비 식료품/정육점, 내과/정형외과/약국, 생활밀착 철물/잡화, 국밥/백반집","초고가 프리미엄 사치재, 유행성 팝업스토어","[현장키워드] 가성비 식료품/정육점, 내과/정형외과/약국, 생활밀착 철물/잡화, 국밥/백반집",,"생활용품(×3.95), 의료비(×1.97)",지역 주민들의 생필품과 가성비 외식을 책임지는 탄탄한 골목형 생활 상권,기대수준,안정(초과),④ 검증·포화형,,,1.0208908472945677,147658750.33768654,0.0168092736271368,"[가족·아파트단지형] 인구·인프라로 본 기대소비 대비 실제 ×1.02 (분기 약 1억 원 웃돎, 추세 보합). 생활용품(×3.95), 의료비(×1.97)은 이미 강세라 신규 진입 시 차별화 필요. 수요는 검증됐지만 경쟁 치열 — 차별화 콘셉트 없으면 비추천.",,33590.708333333336,1798.4166666666667,0.0471620144498653,0.2632168279612893,0.3142557651991614,0.1629098532494759,213958560.0,0.7759433962264151,3.0,198.0,126.93865492691032,37.616869307390246
은평구,11380530,불광2동,생활압박형,1,-,1인청년·원룸배달형,가족·아파트단지형,"지하철역 접근 용이, 버스 환승망 발달","2030 청년 1인가구 밀집으로 배달음식, 간편식, 코인세탁 등 편의수요 최상","원룸촌 특유의 주차난, 잦은 이사로 인한 단골 고객 유지 어려움",2030 청년 직장인 및 취준생 1인가구,#역세권공백 #환승요충지 #주차난,#가성비선호,,"배달 전문점, 코인빨래방, 무인 프린트/카페, 1인 피트니스, 가성비 주점","대형 가족형 식당, 대형 키즈카페","[데이터] 피트니스·필라테스·키즈카페·공방 / 학원·스터디카페·키즈교육  [현장키워드] 배달 전문점, 코인빨래방, 무인 프린트/카페, 1인 피트니스, 가성비 주점","여가·문화(×0.45), 교육(×0.72)",,청년 1인가구의 실속형 소비와 배달·포장 수요가 지배적인 역동적 소형 상권,기대수준,안정(초과),④ 검증·포화형,,,1.273704080381167,1028089566.3452412,-0.0031993072651897,"[가족·아파트단지형] 인구·인프라로 본 기대소비 대비 실제 ×1.27 (분기 약 10억 원 웃돎, 추세 보합). 유사 원형 동 대비 여가·문화(×0.45), 교육(×0.72) 비중이 낮아 해당 업종 공급 여지. 수요는 검증됐지만 경쟁 치열 — 차별화 콘셉트 없으면 비추천.",,24507.155,5099.416666666667,0.0938721804511278,0.2845864661654135,0.3112544919960797,0.2221810682783404,142334183.0,0.9033018867924528,0.0,113.0,126.92870306420276,37.62427884144315
은평구,11380551,갈현1동,생활압박형,1,-,서민베드타운·생활근린형,가족·아파트단지형,마을버스 및 시내버스 연계망 중심,"오랜 정주기간을 가진 지역 토착민 단골 형성 용이, 가성비 상품 반응 우수","노후 주택가 골목길 주차 불편, 주민 평균 연령 상승에 따른 소비 단가 한계",지역 토착 다인가구 및 어르신/시니어층,#다중역세권 #의료허브 #주차난,#야간소비 #고령층,#노후상권,"가성비 식료품/정육점, 내과/정형외과/약국, 생활밀착 철물/잡화, 국밥/백반집","초고가 프리미엄 사치재, 유행성 팝업스토어","[데이터] 생활용품·무인점포·세탁 / 식자재마트·정육·반찬가게  [현장키워드] 가성비 식료품/정육점, 내과/정형외과/약국, 생활밀착 철물/잡화, 국밥/백반집","생활용품(×0.13), 식료품(×0.51)","유흥(×5.50), 음식(×1.46)",지역 주민들의 생필품과 가성비 외식을 책임지는 탄탄한 골목형 생활 상권,기대수준,안정(저평가),② 유출보완형 기회,43.0,162.0,0.8735109719496137,-812507298.7916937,0.0078480351942778,"[가족·아파트단지형] 인구·인프라로 본 기대소비 대비 실제 ×0.87 (분기 약 8억 원 밑돎, 추세 보합). 유사 원형 동 대비 생활용품(×0.13), 식료품(×0.51) 비중이 낮아 해당 업종 공급 여지. 유흥(×5.50), 음식(×1.46)은 이미 강세라 신규 진입 시 차별화 필요. 수요 대비 소비가 꾸준히 밖으로 샘 — 빠진 필수업종을 채우는 근린형 진입.",,17919.515833333335,2029.9166666666667,0.1546648237733241,0.2863165169315826,0.3241986787374602,0.1945510154147296,208463816.0,0.9976415094339622,2.0,133.0,126.91473488632758,37.62519759123378
은평구,11380552,갈현2동,생활압박형,1,-,서민베드타운·생활근린형,학원가·에듀형,마을버스 및 시내버스 연계망 중심,"오랜 정주기간을 가진 지역 토착민 단골 형성 용이, 가성비 상품 반응 우수","노후 주택가 골목길 주차 불편, 주민 평균 연령 상승에 따른 소비 단가 한계",지역 토착 다인가구 및 어르신/시니어층,#역세권 #주차난,#가성비선호 #가족세대 #고령층,#노후상권,"가성비 식료품/정육점, 내과/정형외과/약국, 생활밀착 철물/잡화, 국밥/백반집","초고가 프리미엄 사치재, 유행성 팝업스토어","[데이터] 의원(내과·소아과·치과)·약국 / 학원·스터디카페·키즈교육  [현장키워드] 가성비 식료품/정육점, 내과/정형외과/약국, 생활밀착 철물/잡화, 국밥/백반집","의료비(×0.67), 교육(×0.70)","유흥(×6.31), 생활용품(×2.94)",지역 주민들의 생필품과 가성비 외식을 책임지는 탄탄한 골목형 생활 상권,기대수준,안정(초과),④ 검증·포화형,,,1.1254907269079049,712033962.8681307,-0.0289950845863804,"[학원가·에듀형] 인구·인프라로 본 기대소비 대비 실제 ×1.13 (분기 약 7억 원 웃돎, 추세 보합). 유사 원형 동 대비 의료비(×0.67), 교육(×0.70) 비중이 낮아 해당 업종 공급 여지. 유흥(×6.31), 생활용품(×2.94)은 이미 강세라 신규 진입 시 차별화 필요. 수요는 검증됐지만 경쟁 치열 — 차별화 콘셉트 없으면 비추천.",,24578.4075,2958.833333333333,0.1163961335035564,0.2718219952580704,0.3256537218152801,0.1406932111142939,153952135.0,0.9716981132075472,1.0,121.0,126.91245511588517,37.61797901394687
은평구,11380560,구산동,생활압박형,1,-,서민베드타운·생활근린형,가족·아파트단지형,마을버스 및 시내버스 연계망 중심,"오랜 정주기간을 가진 지역 토착민 단골 형성 용이, 가성비 상품 반응 우수","노후 주택가 골목길 주차 불편, 주민 평균 연령 상승에 따른 소비 단가 한계",지역 토착 다인가구 및 어르신/시니어층,#역세권공백 #주차난,#가성비선호 #가족세대 #고령층,#노후상권 #소비유출,"가성비 식료품/정육점, 내과/정형외과/약국, 생활밀착 철물/잡화, 국밥/백반집","초고가 프리미엄 사치재, 유행성 팝업스토어","[데이터] 생활용품·무인점포·세탁 / 의류·잡화 편집숍  [현장키워드] 가성비 식료품/정육점, 내과/정형외과/약국, 생활밀착 철물/잡화, 국밥/백반집","생활용품(×0.41), 의류·신발(×0.58)","교육(×3.26), 의료비(×1.77)",지역 주민들의 생필품과 가성비 외식을 책임지는 탄탄한 골목형 생활 상권,저평가,안정(저평가),② 유출보완형 기회,70.2,43.0,0.5997336575454757,-1768285142.4417148,0.005555324408652,"[가족·아파트단지형] 인구·인프라로 본 기대소비 대비 실제 ×0.60 (분기 약 18억 원 밑돎, 추세 보합). 유사 원형 동 대비 생활용품(×0.41), 의류·신발(×0.58) 비중이 낮아 해당 업종 공급 여지. 교육(×3.26), 의료비(×1.77)은 이미 강세라 신규 진입 시 차별화 필요. 수요 대비 소비가 꾸준히 밖으로 샘 — 빠진 필수업종을 채우는 근린형 진입.",,27271.325,1700.3333333333333,0.062776416685227,0.2554010627127812,0.2961161524500907,0.1251506352087114,151231930.0,0.9740566037735848,0.0,127.0,126.90731000319286,37.611064504480815
은평구,11380570,대조동,생활압박형,1,-,1인청년·원룸배달형,가족·아파트단지형,"지하철역 접근 용이, 버스 환승망 발달","2030 청년 1인가구 밀집으로 배달음식, 간편식, 코인세탁 등 편의수요 최상","원룸촌 특유의 주차난, 잦은 이사로 인한 단골 고객 유지 어려움",2030 청년 직장인 및 취준생 1인가구,#역세권공백 #집객시설밀집 #환승요충지 #주차난,#가성비선호 #2030청년가구,#소비위축추세,"배달 전문점, 코인빨래방, 무인 프린트/카페, 1인 피트니스, 가성비 주점","대형 가족형 식당, 대형 키즈카페","[데이터] 식자재마트·정육·반찬가게  [현장키워드] 배달 전문점, 코인빨래방, 무인 프린트/카페, 1인 피트니스, 가성비 주점",식료품(×0.74),"의료비(×1.76), 의류·신발(×1.52)",청년 1인가구의 실속형 소비와 배달·포장 수요가 지배적인 역동적 소형 상권,기대수준,위축되는 약세상권,⑥ 주의(위축),,,0.6707725663219535,-4009952987.408096,-0.0688482555453842,"[가족·아파트단지형] 인구·인프라로 본 기대소비 대비 실제 ×0.67 (분기 약 40억 원 밑돎, 추세 악화). 유사 원형 동 대비 식료품(×0.74) 비중이 낮아 해당 업종 공급 여지. 의료비(×1.76), 의류·신발(×1.52)은 이미 강세라 신규 진입 시 차별화 필요. 기대보다 약하고 더 약해지는 중 — 원인(재건축·공동화) 확인 전 진입 보류.",,26160.475,1807.4166666666667,0.0683870024489199,0.3650352717570087,0.3800386847195358,0.2637841392649903,149585430.0,0.7877358490566038,0.0,205.0,126.92315350861104,37.61225618022568
은평구,11380580,응암1동,생활압박형,1,-,서민베드타운·생활근린형,근린주거형,마을버스 및 시내버스 연계망 중심,"오랜 정주기간을 가진 지역 토착민 단골 형성 용이, 가성비 상품 반응 우수","노후 주택가 골목길 주차 불편, 주민 평균 연령 상승에 따른 소비 단가 한계",지역 토착 다인가구 및 어르신/시니어층,#역세권공백 #주차난,#가성비선호 #고령층,#노후상권,"가성비 식료품/정육점, 내과/정형외과/약국, 생활밀착 철물/잡화, 국밥/백반집","초고가 프리미엄 사치재, 유행성 팝업스토어","[데이터] 식자재마트·정육·반찬가게 / 의류·잡화 편집숍  [현장키워드] 가성비 식료품/정육점, 내과/정형외과/약국, 생활밀착 철물/잡화, 국밥/백반집","식료품(×0.56), 의류·신발(×0.61)","의료비(×2.27), 교육(×2.21)",지역 주민들의 생필품과 가성비 외식을 책임지는 탄탄한 골목형 생활 상권,기대수준,안정(초과),④ 검증·포화형,,,1.096095244723975,565555527.1934404,-0.0071474456108194,"[근린주거형] 인구·인프라로 본 기대소비 대비 실제 ×1.10 (분기 약 6억 원 웃돎, 추세 보합). 유사 원형 동 대비 식료품(×0.56), 의류·신발(×0.61) 비중이 낮아 해당 업종 공급 여지. 의료비(×2.27), 교육(×2.21)은 이미 강세라 신규 진입 시 차별화 필요. 수요는 검증됐지만 경쟁 치열 — 차별화 콘셉트 없으면 비추천.",,26465.975,2091.1666666666665,0.0703634526470498,0.2888943323433051,0.3419646526921496,0.1966887120277995,167372789.0,0.6650943396226415,0.0,133.0,126.92706321251218,37.59834737843492
은평구,11380590,응암2동,알뜰안정형,3,-,서민베드타운·생활근린형,학원가·에듀형,마을버스 및 시내버스 연계망 중심,"오랜 정주기간을 가진 지역 토착민 단골 형성 용이, 가성비 상품 반응 우수","노후 주택가 골목길 주차 불편, 주민 평균 연령 상승에 따른 소비 단가 한계",지역 토착 다인가구 및 어르신/시니어층,#역세권공백 #주차난,#주말나들이 #고령층,#노후상권 #소비위축추세,"가성비 식료품/정육점, 내과/정형외과/약국, 생활밀착 철물/잡화, 국밥/백반집","초고가 프리미엄 사치재, 유행성 팝업스토어","[데이터] 피트니스·필라테스·키즈카페·공방  [현장키워드] 가성비 식료품/정육점, 내과/정형외과/약국, 생활밀착 철물/잡화, 국밥/백반집",여가·문화(×0.58),"유흥(×3.17), 생활용품(×2.05)",지역 주민들의 생필품과 가성비 외식을 책임지는 탄탄한 골목형 생활 상권,기대수준,위축되는 약세상권,⑥ 주의(위축),,,0.8288796558765624,-388847093.35910726,-0.1139249762283765,"[학원가·에듀형] 인구·인프라로 본 기대소비 대비 실제 ×0.83 (분기 약 4억 원 밑돎, 추세 악화). 유사 원형 동 대비 여가·문화(×0.58) 비중이 낮아 해당 업종 공급 여지. 유흥(×3.17), 생활용품(×2.05)은 이미 강세라 신규 진입 시 차별화 필요. 기대보다 약하고 더 약해지는 중 — 원인(재건축·공동화) 확인 전 진입 보류.",,19558.91833333333,449.1666666666667,0.0176003512752021,0.2439899008379377,0.3093713046905794,0.1247590658257784,279039358.0,0.4952830188679245,0.0,91.0,126.92289117509014,37.59209184653542
은평구,11380600,응암3동,생활압박형,1,-,1인청년·원룸배달형,가족·아파트단지형,"지하철역 접근 용이, 버스 환승망 발달","2030 청년 1인가구 밀집으로 배달음식, 간편식, 코인세탁 등 편의수요 최상","원룸촌 특유의 주차난, 잦은 이사로 인한 단골 고객 유지 어려움",2030 청년 직장인 및 취준생 1인가구,#역세권공백 #환승요충지 #주차난,#가성비선호,,"배달 전문점, 코인빨래방, 무인 프린트/카페, 1인 피트니스, 가성비 주점","대형 가족형 식당, 대형 키즈카페","[데이터] 생활용품·무인점포·세탁 / 피트니스·필라테스·키즈카페·공방  [현장키워드] 배달 전문점, 코인빨래방, 무인 프린트/카페, 1인 피트니스, 가성비 주점","생활용품(×0.32), 여가·문화(×0.39)","유흥(×2.14), 식료품(×1.61)",청년 1인가구의 실속형 소비와 배달·포장 수요가 지배적인 역동적 소형 상권,기대수준,성장하는 강세상권,③ 확장형,,,1.2250897464802308,1473939394.517542,0.0591046013854624,"[가족·아파트단지형] 인구·인프라로 본 기대소비 대비 실제 ×1.23 (분기 약 15억 원 웃돎, 추세 개선). 유사 원형 동 대비 생활용품(×0.32), 여가·문화(×0.39) 비중이 낮아 해당 업종 공급 여지. 유흥(×2.14), 식료품(×1.61)은 이미 강세라 신규 진입 시 차별화 필요. 이미 강하고 더 커지는 중 — 핵심가 대신 2선 입지·배후 골목 공략.",,22036.406666666662,1294.3333333333333,0.0617183832003073,0.2792265995134235,0.312161362291126,0.2339999089377589,132152795.0,0.7924528301886793,0.0,138.0,126.91755026855203,37.588925754519096
은평구,11380625,역촌동,생활압박형,1,-,서민베드타운·생활근린형,가족·아파트단지형,마을버스 및 시내버스 연계망 중심,"오랜 정주기간을 가진 지역 토착민 단골 형성 용이, 가성비 상품 반응 우수","노후 주택가 골목길 주차 불편, 주민 평균 연령 상승에 따른 소비 단가 한계",지역 토착 다인가구 및 어르신/시니어층,#역세권공백 #집객시설밀집 #주차난,#가성비선호 #가족세대 #주말나들이 #고령층,#노후상권,"가성비 식료품/정육점, 내과/정형외과/약국, 생활밀착 철물/잡화, 국밥/백반집","초고가 프리미엄 사치재, 유행성 팝업스토어","[데이터] 의류·잡화 편집숍  [현장키워드] 가성비 식료품/정육점, 내과/정형외과/약국, 생활밀착 철물/잡화, 국밥/백반집",의류·신발(×0.44),"생활용품(×2.09), 교육(×1.37)",지역 주민들의 생필품과 가성비 외식을 책임지는 탄탄한 골목형 생활 상권,기대수준,안정(저평가),② 유출보완형 기회,67.5,52.0,0.7315803577462481,-2628206844.0309496,-0.013974163568217,"[가족·아파트단지형] 인구·인프라로 본 기대소비 대비 실제 ×0.73 (분기 약 26억 원 밑돎, 추세 보합). 유사 원형 동 대비 의류·신발(×0.44) 비중이 낮아 해당 업종 공급 여지. 생활용품(×2.09), 교육(×1.37)은 이미 강세라 신규 진입 시 차별화 필요. 수요 대비 소비가 꾸준히 밖으로 샘 — 빠진 필수업종을 채우는 근린형 진입.",,39310.14166666667,3170.333333333333,0.0788722096556766,0.2702949710969451,0.3251153659842439,0.1619274405323407,155478218.0,0.9693396226415094,0.0,176.0,126.91462253445144,37.60457388799247
은평구,11380631,신사1동,생활압박형,1,-,서민베드타운·생활근린형,가족·아파트단지형,마을버스 및 시내버스 연계망 중심,"오랜 정주기간을 가진 지역 토착민 단골 형성 용이, 가성비 상품 반응 우수","노후 주택가 골목길 주차 불편, 주민 평균 연령 상승에 따른 소비 단가 한계",지역 토착 다인가구 및 어르신/시니어층,#역세권 #주차난,#가성비선호 #주말나들이 #고령층,#노후상권,"가성비 식료품/정육점, 내과/정형외과/약국, 생활밀착 철물/잡화, 국밥/백반집","초고가 프리미엄 사치재, 유행성 팝업스토어","[데이터] 학원·스터디카페·키즈교육 / 의원(내과·소아과·치과)·약국  [현장키워드] 가성비 식료품/정육점, 내과/정형외과/약국, 생활밀착 철물/잡화, 국밥/백반집","교육(×0.71), 의료비(×0.75)",유흥(×1.80),지역 주민들의 생필품과 가성비 외식을 책임지는 탄탄한 골목형 생활 상권,기대수준,안정(초과),④ 검증·포화형,,,1.415871744095739,1326487508.2186618,0.0119418824702483,"[가족·아파트단지형] 인구·인프라로 본 기대소비 대비 실제 ×1.42 (분기 약 13억 원 웃돎, 추세 보합). 유사 원형 동 대비 교육(×0.71), 의료비(×0.75) 비중이 낮아 해당 업종 공급 여지. 유흥(×1.80)은 이미 강세라 신규 진입 시 차별화 필요. 수요는 검증됐지만 경쟁 치열 — 차별화 콘셉트 없으면 비추천.",,23288.666666666668,1308.25,0.052906053964175,0.278437004005744,0.3242527754056362,0.1487092228864218,162425905.0,0.9433962264150944,1.0,94.0,126.90850249307356,37.59913633076466
은평구,11380632,신사2동,생활압박형,1,-,서민베드타운·생활근린형,가족·아파트단지형,마을버스 및 시내버스 연계망 중심,"오랜 정주기간을 가진 지역 토착민 단골 형성 용이, 가성비 상품 반응 우수","노후 주택가 골목길 주차 불편, 주민 평균 연령 상승에 따른 소비 단가 한계",지역 토착 다인가구 및 어르신/시니어층,#역세권 #주차난,#가성비선호 #가족세대 #고령층,#노후상권,"가성비 식료품/정육점, 내과/정형외과/약국, 생활밀착 철물/잡화, 국밥/백반집","초고가 프리미엄 사치재, 유행성 팝업스토어","[데이터] 피트니스·필라테스·키즈카페·공방 / 의원(내과·소아과·치과)·약국  [현장키워드] 가성비 식료품/정육점, 내과/정형외과/약국, 생활밀착 철물/잡화, 국밥/백반집","여가·문화(×0.32), 의료비(×0.59)","교육(×2.45), 식료품(×1.73)",지역 주민들의 생필품과 가성비 외식을 책임지는 탄탄한 골목형 생활 상권,기대수준,안정(저평가),② 유출보완형 기회,46.3,154.0,0.7383395913384941,-521637011.1682782,-0.0239690429280064,"[가족·아파트단지형] 인구·인프라로 본 기대소비 대비 실제 ×0.74 (분기 약 5억 원 밑돎, 추세 보합). 유사 원형 동 대비 여가·문화(×0.32), 의료비(×0.59) 비중이 낮아 해당 업종 공급 여지. 교육(×2.45), 식료품(×1.73)은 이미 강세라 신규 진입 시 차별화 필요. 수요 대비 소비가 꾸준히 밖으로 샘 — 빠진 필수업종을 채우는 근린형 진입.",,17491.41833333333,862.1666666666666,0.0456444703020045,0.2661448140900195,0.3027849554981338,0.1547039908125179,156384400.0,0.8278301886792453,1.0,82.0,126.90620029351606,37.5928546153916
은평구,11380640,증산동,알뜰안정형,3,-,서민베드타운·생활근린형,가족·아파트단지형,마을버스 및 시내버스 연계망 중심,"오랜 정주기간을 가진 지역 토착민 단골 형성 용이, 가성비 상품 반응 우수","노후 주택가 골목길 주차 불편, 주민 평균 연령 상승에 따른 소비 단가 한계",지역 토착 다인가구 및 어르신/시니어층,#역세권 #주차난,#가족세대 #고령층,#노후상권 #소비위축추세,"가성비 식료품/정육점, 내과/정형외과/약국, 생활밀착 철물/잡화, 국밥/백반집","초고가 프리미엄 사치재, 유행성 팝업스토어","[현장키워드] 가성비 식료품/정육점, 내과/정형외과/약국, 생활밀착 철물/잡화, 국밥/백반집",,"생활용품(×4.48), 의류·신발(×2.36)",지역 주민들의 생필품과 가성비 외식을 책임지는 탄탄한 골목형 생활 상권,기대수준,위축되는 약세상권,⑥ 주의(위축),,,0.8812999201885088,-329158004.70456886,-0.1095341836819773,"[가족·아파트단지형] 인구·인프라로 본 기대소비 대비 실제 ×0.88 (분기 약 3억 원 밑돎, 추세 악화). 생활용품(×4.48), 의류·신발(×2.36)은 이미 강세라 신규 진입 시 차별화 필요. 기대보다 약하고 더 약해지는 중 — 원인(재건축·공동화) 확인 전 진입 보류.",,15923.133333333331,1920.4166666666667,0.1063048245614035,0.2731907894736842,0.3141976861167002,0.1393221830985915,264412580.0,0.7216981132075472,1.0,83.0,126.90593951784857,37.58413280264272
은평구,11380650,수색동,알뜰안정형,3,-,서민베드타운·생활근린형,근린주거형,마을버스 및 시내버스 연계망 중심,"오랜 정주기간을 가진 지역 토착민 단골 형성 용이, 가성비 상품 반응 우수","노후 주택가 골목길 주차 불편, 주민 평균 연령 상승에 따른 소비 단가 한계",지역 토착 다인가구 및 어르신/시니어층,#역세권 #주차난,#고령층,#노후상권 #소비유출 #소비위축추세,"가성비 식료품/정육점, 내과/정형외과/약국, 생활밀착 철물/잡화, 국밥/백반집","초고가 프리미엄 사치재, 유행성 팝업스토어","[데이터] 식자재마트·정육·반찬가게 / 피트니스·필라테스·키즈카페·공방  [현장키워드] 가성비 식료품/정육점, 내과/정형외과/약국, 생활밀착 철물/잡화, 국밥/백반집","식료품(×0.64), 여가·문화(×0.69)","생활용품(×12.47), 의류·신발(×1.81)",지역 주민들의 생필품과 가성비 외식을 책임지는 탄탄한 골목형 생활 상권,저평가,위축되는 약세상권,⑥ 주의(위축),,,0.5189574128596282,-865883716.7322012,-0.1010204957310721,"[근린주거형] 인구·인프라로 본 기대소비 대비 실제 ×0.52 (분기 약 9억 원 밑돎, 추세 악화). 유사 원형 동 대비 식료품(×0.64), 여가·문화(×0.69) 비중이 낮아 해당 업종 공급 여지. 생활용품(×12.47), 의류·신발(×1.81)은 이미 강세라 신규 진입 시 차별화 필요. 기대보다 약하고 더 약해지는 중 — 원인(재건축·공동화) 확인 전 진입 보류.",,15089.590833333334,217.91666666666663,0.0086105675146771,0.3007827788649706,0.3207810320781032,0.1728540636490427,285969087.0,0.1297169811320754,1.0,60.0,126.89453653524302,37.58559178366748
은평구,11380690,진관동,알뜰안정형,3,-,중산층·아파트대단지형,광역집객·관광형,주요 간선도로 및 지하철 연계 버스망 우수,"안정된 소득의 아파트 거주 가족 배후, 유흥가 없는 쾌적하고 안전한 생활환경","단지 내 상가 외 상권 확장 한계, 백화점/대형몰로의 원정 소비 발생",3040 맞벌이 부부 및 초중등 자녀 가족,#역세권 #집객시설밀집 #몰세권,#3040맞벌이,#경쟁과열가능,"단과 학원, 베이커리, 소아과/이비인후과/치과, 반찬가게, 피트니스","유흥업소, 저가 무인매장","[데이터] 식자재마트·정육·반찬가게 / 피트니스·필라테스·키즈카페·공방  [현장키워드] 단과 학원, 베이커리, 소아과/이비인후과/치과, 반찬가게, 피트니스","식료품(×0.44), 여가·문화(×0.66)","의류·신발(×6.85), 의료비(×2.03)",가족 단위 주민들의 교육·의료·생필품 소비가 안정적으로 고정 매출을 보장하는 상권,초과달성,안정(초과),④ 검증·포화형,,,2.0547163000107087,9073839081.545464,0.0409433757770359,"[광역집객·관광형] 인구·인프라로 본 기대소비 대비 실제 ×2.05 (분기 약 91억 원 웃돎, 추세 보합). 유사 원형 동 대비 식료품(×0.44), 여가·문화(×0.66) 비중이 낮아 해당 업종 공급 여지. 의류·신발(×6.85), 의료비(×2.03)은 이미 강세라 신규 진입 시 차별화 필요. 수요는 검증됐지만 경쟁 치열 — 차별화 콘셉트 없으면 비추천.",,40999.12083333333,942.5,0.022366097704532,0.2357085050029429,0.2844505093758088,0.1344121591417076,532753479.0,0.5165094339622641,1.0,242.0,126.93782040730471,37.63968184534141
종로구,11110515,청운효자동,알뜰안정형,3,"경희궁자이, 덕수궁롯데캐슬, 남산타운",역사도심·관광오피스형,가족·아파트단지형,"1·2·3·4·5호선 거미줄 도심 철도망, 광화문·시청·을지로 축","광화문·을지로 대기업/정부청사 직장인 수요, 명동·인사동·북촌 외국인 관광객 폭발","상대적으로 희소한 주거인구, 주말 오피스가 공동화, 역사문화지구 고도제한/건축규제","CBD 화이트칼라 직장인, 외국인 관광객, 도심 회귀 고소득 시니어",#역세권공백,#가족세대 #관광·외국인,#주말공동화 #소비유출,"비즈니스 접대 한정식/일식, 테이크아웃 샐러드/커피, K-뷰티/기념품샵, 힙지로 감성 와인바","대형 가구단지, 일반 유아동 학원","[데이터] 의원(내과·소아과·치과)·약국 / 피트니스·필라테스·키즈카페·공방  [현장키워드] 비즈니스 접대 한정식/일식, 테이크아웃 샐러드/커피, K-뷰티/기념품샵, 힙지로 감성 와인바","의료비(×0.25), 여가·문화(×0.56)","의류·신발(×5.38), 음식(×1.49)",국내 최고 수준의 직장인 오피스 수요와 글로벌 관광객이 상시 소비를 주도하는 전통 도심 상권,저평가,떠오르는 잠재상권,① 선점형 기회,68.5,50.0,0.5207481755117801,-2639395092.40545,0.0799858668599713,"[가족·아파트단지형] 인구·인프라로 본 기대소비 대비 실제 ×0.52 (분기 약 26억 원 밑돎, 추세 개선). 유사 원형 동 대비 의료비(×0.25), 여가·문화(×0.56) 비중이 낮아 해당 업종 공급 여지. 의류·신발(×5.38), 음식(×1.49)은 이미 강세라 신규 진입 시 차별화 필요. 기대보다 덜 쓰지만 격차가 줄어드는 중 — 임대료 오르기 전 진입 적기.",,10510.898333333333,5697.166666666667,0.4699858757062147,0.2569738700564972,0.3138894353728113,0.1614518984851465,276146690.0,0.9410377358490566,0.0,93.0,126.96990686761752,37.584418720515885
종로구,11110530,사직동,알뜰안정형,3,"경희궁자이, 덕수궁롯데캐슬, 남산타운",역사도심·관광오피스형,오피스·업무형,"1·2·3·4·5호선 거미줄 도심 철도망, 광화문·시청·을지로 축","광화문·을지로 대기업/정부청사 직장인 수요, 명동·인사동·북촌 외국인 관광객 폭발","상대적으로 희소한 주거인구, 주말 오피스가 공동화, 역사문화지구 고도제한/건축규제","CBD 화이트칼라 직장인, 외국인 관광객, 도심 회귀 고소득 시니어",#다중역세권 #집객시설밀집,#직장인밀집 #관광·외국인,#주말공동화 #경쟁과열가능,"비즈니스 접대 한정식/일식, 테이크아웃 샐러드/커피, K-뷰티/기념품샵, 힙지로 감성 와인바","대형 가구단지, 일반 유아동 학원","[데이터] 생활용품·무인점포·세탁 / 피트니스·필라테스·키즈카페·공방  [현장키워드] 비즈니스 접대 한정식/일식, 테이크아웃 샐러드/커피, K-뷰티/기념품샵, 힙지로 감성 와인바","생활용품(×0.13), 여가·문화(×0.59)","음식(×2.18), 유흥(×1.66)",국내 최고 수준의 직장인 오피스 수요와 글로벌 관광객이 상시 소비를 주도하는 전통 도심 상권,초과달성,안정(초과),④ 검증·포화형,,,1.551182754910774,19394673949.208595,0.0279471801158385,"[오피스·업무형] 인구·인프라로 본 기대소비 대비 실제 ×1.55 (분기 약 194억 원 웃돎, 추세 보합). 유사 원형 동 대비 생활용품(×0.13), 여가·문화(×0.59) 비중이 낮아 해당 업종 공급 여지. 음식(×2.18), 유흥(×1.66)은 이미 강세라 신규 진입 시 차별화 필요. 수요는 검증됐지만 경쟁 치열 — 차별화 콘셉트 없으면 비추천.",,8862.6575,40555.083333333336,5.028358540925267,0.2731316725978647,0.2970490297393501,0.2397531289470662,371237211.0,0.294811320754717,2.0,206.0,126.9703752314623,37.57388621927961
종로구,11110540,삼청동,알뜰안정형,3,"경희궁자이, 덕수궁롯데캐슬, 남산타운",역사도심·관광오피스형,직주혼합형,"1·2·3·4·5호선 거미줄 도심 철도망, 광화문·시청·을지로 축","광화문·을지로 대기업/정부청사 직장인 수요, 명동·인사동·북촌 외국인 관광객 폭발","상대적으로 희소한 주거인구, 주말 오피스가 공동화, 역사문화지구 고도제한/건축규제","CBD 화이트칼라 직장인, 외국인 관광객, 도심 회귀 고소득 시니어",#역세권공백,#직장인밀집 #관광·외국인,#주말공동화 #경쟁과열가능,"비즈니스 접대 한정식/일식, 테이크아웃 샐러드/커피, K-뷰티/기념품샵, 힙지로 감성 와인바","대형 가구단지, 일반 유아동 학원","[데이터] 의원(내과·소아과·치과)·약국  [현장키워드] 비즈니스 접대 한정식/일식, 테이크아웃 샐러드/커피, K-뷰티/기념품샵, 힙지로 감성 와인바",의료비(×0.22),"의류·신발(×14.20), 생활용품(×1.79)",국내 최고 수준의 직장인 오피스 수요와 글로벌 관광객이 상시 소비를 주도하는 전통 도심 상권,초과달성,안정(초과),④ 검증·포화형,,,2.4933379449972546,2092296594.299369,0.0177768093096542,"[직주혼합형] 인구·인프라로 본 기대소비 대비 실제 ×2.49 (분기 약 21억 원 웃돎, 추세 보합). 유사 원형 동 대비 의료비(×0.22) 비중이 낮아 해당 업종 공급 여지. 의류·신발(×14.20), 생활용품(×1.79)은 이미 강세라 신규 진입 시 차별화 필요. 수요는 검증됐지만 경쟁 치열 — 차별화 콘셉트 없으면 비추천.",,2501.268333333333,3986.1666666666665,1.8736092567868268,0.2318647085002225,0.3619122876333465,0.3511615962070328,401044841.0,0.0188679245283018,0.0,49.0,126.98120495146988,37.58836740902573
종로구,11110550,부암동,알뜰안정형,3,"경희궁자이, 덕수궁롯데캐슬, 남산타운",역사도심·관광오피스형,학원가·에듀형,"1·2·3·4·5호선 거미줄 도심 철도망, 광화문·시청·을지로 축","광화문·을지로 대기업/정부청사 직장인 수요, 명동·인사동·북촌 외국인 관광객 폭발","상대적으로 희소한 주거인구, 주말 오피스가 공동화, 역사문화지구 고도제한/건축규제","CBD 화이트칼라 직장인, 외국인 관광객, 도심 회귀 고소득 시니어",#역세권공백 #대학가,#가족세대 #관광·외국인,#주말공동화,"비즈니스 접대 한정식/일식, 테이크아웃 샐러드/커피, K-뷰티/기념품샵, 힙지로 감성 와인바","대형 가구단지, 일반 유아동 학원","[데이터] 의원(내과·소아과·치과)·약국 / 식자재마트·정육·반찬가게  [현장키워드] 비즈니스 접대 한정식/일식, 테이크아웃 샐러드/커피, K-뷰티/기념품샵, 힙지로 감성 와인바","의료비(×0.30), 식료품(×0.47)","여가·문화(×2.26), 음식(×2.00)",국내 최고 수준의 직장인 오피스 수요와 글로벌 관광객이 상시 소비를 주도하는 전통 도심 상권,기대수준,떠오르는 잠재상권,① 선점형 기회,51.1,134.0,0.8709767677647725,-233505976.79300427,0.082640466421367,"[학원가·에듀형] 인구·인프라로 본 기대소비 대비 실제 ×0.87 (분기 약 2억 원 밑돎, 추세 개선). 유사 원형 동 대비 의료비(×0.30), 식료품(×0.47) 비중이 낮아 해당 업종 공급 여지. 여가·문화(×2.26), 음식(×2.00)은 이미 강세라 신규 진입 시 차별화 필요. 기대보다 덜 쓰지만 격차가 줄어드는 중 — 임대료 오르기 전 진입 적기.",,8966.834166666666,1290.6666666666667,0.1670356431259685,0.2495018817799424,0.3279250457038391,0.1745760968921389,259634651.0,0.8844339622641509,0.0,84.0,126.96354926751049,37.5969587400261
종로구,11110560,평창동,알뜰안정형,3,"경희궁자이, 덕수궁롯데캐슬, 남산타운",역사도심·관광오피스형,가족·아파트단지형,"1·2·3·4·5호선 거미줄 도심 철도망, 광화문·시청·을지로 축","광화문·을지로 대기업/정부청사 직장인 수요, 명동·인사동·북촌 외국인 관광객 폭발","상대적으로 희소한 주거인구, 주말 오피스가 공동화, 역사문화지구 고도제한/건축규제","CBD 화이트칼라 직장인, 외국인 관광객, 도심 회귀 고소득 시니어",#역세권공백,#직장인밀집 #가족세대 #관광·외국인,#주말공동화,"비즈니스 접대 한정식/일식, 테이크아웃 샐러드/커피, K-뷰티/기념품샵, 힙지로 감성 와인바","대형 가구단지, 일반 유아동 학원","[데이터] 의원(내과·소아과·치과)·약국  [현장키워드] 비즈니스 접대 한정식/일식, 테이크아웃 샐러드/커피, K-뷰티/기념품샵, 힙지로 감성 와인바",의료비(×0.71),"교육(×1.82), 음식(×1.41)",국내 최고 수준의 직장인 오피스 수요와 글로벌 관광객이 상시 소비를 주도하는 전통 도심 상권,기대수준,안정(저평가),② 유출보완형 기회,55.8,113.0,0.760905567835963,-867827800.93713,-0.0407026057387581,"[가족·아파트단지형] 인구·인프라로 본 기대소비 대비 실제 ×0.76 (분기 약 9억 원 밑돎, 추세 보합). 유사 원형 동 대비 의료비(×0.71) 비중이 낮아 해당 업종 공급 여지. 교육(×1.82), 음식(×1.41)은 이미 강세라 신규 진입 시 차별화 필요. 수요 대비 소비가 꾸준히 밖으로 샘 — 빠진 필수업종을 채우는 근린형 진입.",,15453.35,13218.0,0.8581711390072556,0.2334446619831855,0.2702134646962233,0.1109589490968801,480839259.0,0.8584905660377359,0.0,162.0,126.96812734517589,37.61568263364914
종로구,11110570,무악동,자산안정형,2,"경희궁자이, 덕수궁롯데캐슬, 남산타운",역사도심·관광오피스형,근린주거형,"1·2·3·4·5호선 거미줄 도심 철도망, 광화문·시청·을지로 축","광화문·을지로 대기업/정부청사 직장인 수요, 명동·인사동·북촌 외국인 관광객 폭발","상대적으로 희소한 주거인구, 주말 오피스가 공동화, 역사문화지구 고도제한/건축규제","CBD 화이트칼라 직장인, 외국인 관광객, 도심 회귀 고소득 시니어",#역세권 #의료허브,#관광·외국인,#주말공동화 #경쟁과열가능,"비즈니스 접대 한정식/일식, 테이크아웃 샐러드/커피, K-뷰티/기념품샵, 힙지로 감성 와인바","대형 가구단지, 일반 유아동 학원","[데이터] 주점·이자카야·노래방 / 음식점·카페·배달전문점  [현장키워드] 비즈니스 접대 한정식/일식, 테이크아웃 샐러드/커피, K-뷰티/기념품샵, 힙지로 감성 와인바","유흥(×0.10), 음식(×0.20)",의료비(×5.06),국내 최고 수준의 직장인 오피스 수요와 글로벌 관광객이 상시 소비를 주도하는 전통 도심 상권,초과달성,성장하는 강세상권,③ 확장형,,,1.939114042044092,1425320849.579703,0.1433615297489322,"[근린주거형] 인구·인프라로 본 기대소비 대비 실제 ×1.94 (분기 약 14억 원 웃돎, 추세 개선). 유사 원형 동 대비 유흥(×0.10), 음식(×0.20) 비중이 낮아 해당 업종 공급 여지. 의료비(×5.06)은 이미 강세라 신규 진입 시 차별화 필요. 이미 강하고 더 커지는 중 — 핵심가 대신 2선 입지·배후 골목 공략.",,6407.608333333334,466.8333333333333,0.0609066934572397,0.2054502072083385,0.2598560700876095,0.1337249687108886,660258193.0,0.3820754716981132,1.0,42.0,126.95858919704752,37.577108233656
종로구,11110580,교남동,알뜰안정형,3,"경희궁자이, 덕수궁롯데캐슬, 남산타운",역사도심·관광오피스형,가족·아파트단지형,"1·2·3·4·5호선 거미줄 도심 철도망, 광화문·시청·을지로 축","광화문·을지로 대기업/정부청사 직장인 수요, 명동·인사동·북촌 외국인 관광객 폭발","상대적으로 희소한 주거인구, 주말 오피스가 공동화, 역사문화지구 고도제한/건축규제","CBD 화이트칼라 직장인, 외국인 관광객, 도심 회귀 고소득 시니어",#역세권공백 #의료허브,#가족세대 #관광·외국인,#주말공동화,"비즈니스 접대 한정식/일식, 테이크아웃 샐러드/커피, K-뷰티/기념품샵, 힙지로 감성 와인바","대형 가구단지, 일반 유아동 학원","[데이터] 생활용품·무인점포·세탁 / 피트니스·필라테스·키즈카페·공방  [현장키워드] 비즈니스 접대 한정식/일식, 테이크아웃 샐러드/커피, K-뷰티/기념품샵, 힙지로 감성 와인바","생활용품(×0.17), 여가·문화(×0.31)","의료비(×3.30), 교육(×1.97)",국내 최고 수준의 직장인 오피스 수요와 글로벌 관광객이 상시 소비를 주도하는 전통 도심 상권,기대수준,안정(저평가),② 유출보완형 기회,42.4,165.0,0.8806028685213894,-333579001.2236762,0.0225554063056142,"[가족·아파트단지형] 인구·인프라로 본 기대소비 대비 실제 ×0.88 (분기 약 3억 원 밑돎, 추세 보합). 유사 원형 동 대비 생활용품(×0.17), 여가·문화(×0.31) 비중이 낮아 해당 업종 공급 여지. 의료비(×3.30), 교육(×1.97)은 이미 강세라 신규 진입 시 차별화 필요. 수요 대비 소비가 꾸준히 밖으로 샘 — 빠진 필수업종을 채우는 근린형 진입.",,6809.058333333333,758.1666666666666,0.0895522388059701,0.2623777663407102,0.253267119707266,0.178058024046001,235058041.0,0.7806603773584906,0.0,78.0,126.96411655616336,37.57106436845543
종로구,11110600,가회동,알뜰안정형,3,"경희궁자이, 덕수궁롯데캐슬, 남산타운",역사도심·관광오피스형,오피스·업무형,"1·2·3·4·5호선 거미줄 도심 철도망, 광화문·시청·을지로 축","광화문·을지로 대기업/정부청사 직장인 수요, 명동·인사동·북촌 외국인 관광객 폭발","상대적으로 희소한 주거인구, 주말 오피스가 공동화, 역사문화지구 고도제한/건축규제","CBD 화이트칼라 직장인, 외국인 관광객, 도심 회귀 고소득 시니어",#역세권공백,#직장인밀집 #가족세대 #관광·외국인,#주말공동화,"비즈니스 접대 한정식/일식, 테이크아웃 샐러드/커피, K-뷰티/기념품샵, 힙지로 감성 와인바","대형 가구단지, 일반 유아동 학원","[데이터] 의원(내과·소아과·치과)·약국 / 피트니스·필라테스·키즈카페·공방  [현장키워드] 비즈니스 접대 한정식/일식, 테이크아웃 샐러드/커피, K-뷰티/기념품샵, 힙지로 감성 와인바","의료비(×0.09), 여가·문화(×0.41)","의류·신발(×2.88), 식료품(×2.39)",국내 최고 수준의 직장인 오피스 수요와 글로벌 관광객이 상시 소비를 주도하는 전통 도심 상권,기대수준,성장하는 강세상권,③ 확장형,,,1.159891250292942,415525795.4416204,0.076379513806537,"[오피스·업무형] 인구·인프라로 본 기대소비 대비 실제 ×1.16 (분기 약 4억 원 웃돎, 추세 개선). 유사 원형 동 대비 의료비(×0.09), 여가·문화(×0.41) 비중이 낮아 해당 업종 공급 여지. 의류·신발(×2.88), 식료품(×2.39)은 이미 강세라 신규 진입 시 차별화 필요. 이미 강하고 더 커지는 중 — 핵심가 대신 2선 입지·배후 골목 공략.",,3844.776666666666,11849.25,3.3764614185502726,0.2351260067550013,0.2906122448979591,0.2851319727891156,284759882.0,0.9127358490566038,0.0,63.0,126.98655013932952,37.582511684291084
종로구,11110615,종로1·2·3·4가동,영앤레버리지형,0,"경희궁자이, 덕수궁롯데캐슬, 남산타운",역사도심·관광오피스형,오피스·업무형,"1·2·3·4·5호선 거미줄 도심 철도망, 광화문·시청·을지로 축","광화문·을지로 대기업/정부청사 직장인 수요, 명동·인사동·북촌 외국인 관광객 폭발","상대적으로 희소한 주거인구, 주말 오피스가 공동화, 역사문화지구 고도제한/건축규제","CBD 화이트칼라 직장인, 외국인 관광객, 도심 회귀 고소득 시니어",#다중역세권 #집객시설밀집,#직장인밀집 #관광·외국인,#주말공동화 #소비위축추세,"비즈니스 접대 한정식/일식, 테이크아웃 샐러드/커피, K-뷰티/기념품샵, 힙지로 감성 와인바","대형 가구단지, 일반 유아동 학원","[현장키워드] 비즈니스 접대 한정식/일식, 테이크아웃 샐러드/커피, K-뷰티/기념품샵, 힙지로 감성 와인바",,"유흥(×3.31), 교육(×2.31)",국내 최고 수준의 직장인 오피스 수요와 글로벌 관광객이 상시 소비를 주도하는 전통 도심 상권,기대수준,위축되는 약세상권,⑥ 주의(위축),,,0.7851570246287274,-30175809875.2547,-0.2627825311621949,"[오피스·업무형] 인구·인프라로 본 기대소비 대비 실제 ×0.79 (분기 약 302억 원 밑돎, 추세 악화). 유흥(×3.31), 교육(×2.31)은 이미 강세라 신규 진입 시 차별화 필요. 기대보다 약하고 더 약해지는 중 — 원인(재건축·공동화) 확인 전 진입 보류.",,9420.335,114160.58333333331,16.48137578852508,0.2880744968458997,0.3145853193517636,0.4569771210676835,278382323.0,0.0094339622641509,5.0,500.0,126.98985699099724,37.575186933038246
종로구,11110630,종로5·6가동,영앤레버리지형,0,"경희궁자이, 덕수궁롯데캐슬, 남산타운",역사도심·관광오피스형,오피스·업무형,"1·2·3·4·5호선 거미줄 도심 철도망, 광화문·시청·을지로 축","광화문·을지로 대기업/정부청사 직장인 수요, 명동·인사동·북촌 외국인 관광객 폭발","상대적으로 희소한 주거인구, 주말 오피스가 공동화, 역사문화지구 고도제한/건축규제","CBD 화이트칼라 직장인, 외국인 관광객, 도심 회귀 고소득 시니어",#역세권 #집객시설밀집,#가성비선호 #2030청년가구 #직장인밀집 #관광·외국인,#주말공동화 #소비유출,"비즈니스 접대 한정식/일식, 테이크아웃 샐러드/커피, K-뷰티/기념품샵, 힙지로 감성 와인바","대형 가구단지, 일반 유아동 학원","[현장키워드] 비즈니스 접대 한정식/일식, 테이크아웃 샐러드/커피, K-뷰티/기념품샵, 힙지로 감성 와인바",,"의료비(×3.69), 의류·신발(×1.64)",국내 최고 수준의 직장인 오피스 수요와 글로벌 관광객이 상시 소비를 주도하는 전통 도심 상권,저평가,떠오르는 잠재상권,① 선점형 기회,76.4,13.0,0.3928608109048027,-15484488656.140545,0.0544279278473677,"[오피스·업무형] 인구·인프라로 본 기대소비 대비 실제 ×0.39 (분기 약 155억 원 밑돎, 추세 개선). 의료비(×3.69), 의류·신발(×1.64)은 이미 강세라 신규 진입 시 차별화 필요. 기대보다 덜 쓰지만 격차가 줄어드는 중 — 임대료 오르기 전 진입 적기.",,5391.745,18719.5,3.527157738095238,0.3843005952380952,0.4000367849917234,0.4340132425970204,127248788.0,0.0070754716981132,1.0,212.0,127.00440346808996,37.572853710116696
종로구,11110640,이화동,영앤레버리지형,0,"경희궁자이, 덕수궁롯데캐슬, 남산타운",역사도심·관광오피스형,학원가·에듀형,"1·2·3·4·5호선 거미줄 도심 철도망, 광화문·시청·을지로 축","광화문·을지로 대기업/정부청사 직장인 수요, 명동·인사동·북촌 외국인 관광객 폭발","상대적으로 희소한 주거인구, 주말 오피스가 공동화, 역사문화지구 고도제한/건축규제","CBD 화이트칼라 직장인, 외국인 관광객, 도심 회귀 고소득 시니어",#역세권 #의료허브 #대학가,#가성비선호 #2030청년가구 #관광·외국인,#주말공동화 #소비위축추세,"비즈니스 접대 한정식/일식, 테이크아웃 샐러드/커피, K-뷰티/기념품샵, 힙지로 감성 와인바","대형 가구단지, 일반 유아동 학원","[데이터] 식자재마트·정육·반찬가게 / 피트니스·필라테스·키즈카페·공방  [현장키워드] 비즈니스 접대 한정식/일식, 테이크아웃 샐러드/커피, K-뷰티/기념품샵, 힙지로 감성 와인바","식료품(×0.44), 여가·문화(×0.52)","의료비(×2.30), 유흥(×2.01)",국내 최고 수준의 직장인 오피스 수요와 글로벌 관광객이 상시 소비를 주도하는 전통 도심 상권,기대수준,식어가는 강세상권,⑤ 경고(둔화),,,1.065918127998446,569344867.6072216,-0.1834601898179866,"[학원가·에듀형] 인구·인프라로 본 기대소비 대비 실제 ×1.07 (분기 약 6억 원 웃돎, 추세 악화). 유사 원형 동 대비 식료품(×0.44), 여가·문화(×0.52) 비중이 낮아 해당 업종 공급 여지. 의료비(×2.30), 유흥(×2.01)은 이미 강세라 신규 진입 시 차별화 필요. 강세였으나 식는 중 — 신규 진입 보수적, 업종 전환 수요 관찰.",,8303.476666666667,1587.0833333333333,0.2368306486721811,0.3939921636917718,0.4831651877962805,0.3491078157286982,133464799.0,0.8160377358490566,1.0,119.0,127.00302270933425,37.57971933130445
종로구,11110650,혜화동,영앤레버리지형,0,"경희궁자이, 덕수궁롯데캐슬, 남산타운",역사도심·관광오피스형,근린주거형,"1·2·3·4·5호선 거미줄 도심 철도망, 광화문·시청·을지로 축","광화문·을지로 대기업/정부청사 직장인 수요, 명동·인사동·북촌 외국인 관광객 폭발","상대적으로 희소한 주거인구, 주말 오피스가 공동화, 역사문화지구 고도제한/건축규제","CBD 화이트칼라 직장인, 외국인 관광객, 도심 회귀 고소득 시니어",#역세권공백 #대학가,#2030청년가구 #야간소비 #관광·외국인,#주말공동화,"비즈니스 접대 한정식/일식, 테이크아웃 샐러드/커피, K-뷰티/기념품샵, 힙지로 감성 와인바","대형 가구단지, 일반 유아동 학원","[데이터] 생활용품·무인점포·세탁 / 식자재마트·정육·반찬가게  [현장키워드] 비즈니스 접대 한정식/일식, 테이크아웃 샐러드/커피, K-뷰티/기념품샵, 힙지로 감성 와인바","생활용품(×0.16), 식료품(×0.56)","음식(×1.76), 유흥(×1.69)",국내 최고 수준의 직장인 오피스 수요와 글로벌 관광객이 상시 소비를 주도하는 전통 도심 상권,기대수준,안정(초과),④ 검증·포화형,,,1.451727591088899,3254760646.5134344,0.0054975068387308,"[근린주거형] 인구·인프라로 본 기대소비 대비 실제 ×1.45 (분기 약 33억 원 웃돎, 추세 보합). 유사 원형 동 대비 생활용품(×0.16), 식료품(×0.56) 비중이 낮아 해당 업종 공급 여지. 음식(×1.76), 유흥(×1.69)은 이미 강세라 신규 진입 시 차별화 필요. 수요는 검증됐지만 경쟁 치열 — 차별화 콘셉트 없으면 비추천.",,18924.5,4516.0,0.2764479252194783,0.3985978652182151,0.5431431749563006,0.3800693892684993,189567695.0,0.6556603773584906,0.0,145.0,126.99742986464302,37.58746788473727
종로구,11110670,창신1동,알뜰안정형,3,"경희궁자이, 덕수궁롯데캐슬, 남산타운",역사도심·관광오피스형,근린주거형,"1·2·3·4·5호선 거미줄 도심 철도망, 광화문·시청·을지로 축","광화문·을지로 대기업/정부청사 직장인 수요, 명동·인사동·북촌 외국인 관광객 폭발","상대적으로 희소한 주거인구, 주말 오피스가 공동화, 역사문화지구 고도제한/건축규제","CBD 화이트칼라 직장인, 외국인 관광객, 도심 회귀 고소득 시니어",#다중역세권,#관광·외국인,#주말공동화 #소비유출,"비즈니스 접대 한정식/일식, 테이크아웃 샐러드/커피, K-뷰티/기념품샵, 힙지로 감성 와인바","대형 가구단지, 일반 유아동 학원","[데이터] 생활용품·무인점포·세탁 / 식자재마트·정육·반찬가게  [현장키워드] 비즈니스 접대 한정식/일식, 테이크아웃 샐러드/커피, K-뷰티/기념품샵, 힙지로 감성 와인바","생활용품(×0.44), 식료품(×0.56)","의류·신발(×3.62), 여가·문화(×2.25)",국내 최고 수준의 직장인 오피스 수요와 글로벌 관광객이 상시 소비를 주도하는 전통 도심 상권,저평가,떠오르는 잠재상권,① 선점형 기회,61.3,89.0,0.6208662710801476,-1651312078.1259484,0.0940556580446132,"[근린주거형] 인구·인프라로 본 기대소비 대비 실제 ×0.62 (분기 약 17억 원 밑돎, 추세 개선). 유사 원형 동 대비 생활용품(×0.44), 식료품(×0.56) 비중이 낮아 해당 업종 공급 여지. 의류·신발(×3.62), 여가·문화(×2.25)은 이미 강세라 신규 진입 시 차별화 필요. 기대보다 덜 쓰지만 격차가 줄어드는 중 — 임대료 오르기 전 진입 적기.",,5813.879166666667,1745.1666666666667,0.3831527747070528,0.2527083793942073,0.3197643277986074,0.2719032315657917,210739429.0,0.0495283018867924,2.0,111.0,127.01379895274418,37.5723664484761
종로구,11110680,창신2동,생활압박형,1,"경희궁자이, 덕수궁롯데캐슬, 남산타운",역사도심·관광오피스형,가족·아파트단지형,"1·2·3·4·5호선 거미줄 도심 철도망, 광화문·시청·을지로 축","광화문·을지로 대기업/정부청사 직장인 수요, 명동·인사동·북촌 외국인 관광객 폭발","상대적으로 희소한 주거인구, 주말 오피스가 공동화, 역사문화지구 고도제한/건축규제","CBD 화이트칼라 직장인, 외국인 관광객, 도심 회귀 고소득 시니어",#역세권공백,#가성비선호 #가족세대 #관광·외국인,#주말공동화,"비즈니스 접대 한정식/일식, 테이크아웃 샐러드/커피, K-뷰티/기념품샵, 힙지로 감성 와인바","대형 가구단지, 일반 유아동 학원","[데이터] 의류·잡화 편집숍  [현장키워드] 비즈니스 접대 한정식/일식, 테이크아웃 샐러드/커피, K-뷰티/기념품샵, 힙지로 감성 와인바",의류·신발(×0.72),음식(×1.47),국내 최고 수준의 직장인 오피스 수요와 글로벌 관광객이 상시 소비를 주도하는 전통 도심 상권,기대수준,떠오르는 잠재상권,① 선점형 기회,59.9,98.0,0.6781724196721018,-566066737.7131274,0.0969142644580554,"[가족·아파트단지형] 인구·인프라로 본 기대소비 대비 실제 ×0.68 (분기 약 6억 원 밑돎, 추세 개선). 유사 원형 동 대비 의류·신발(×0.72) 비중이 낮아 해당 업종 공급 여지. 음식(×1.47)은 이미 강세라 신규 진입 시 차별화 필요. 기대보다 덜 쓰지만 격차가 줄어드는 중 — 임대료 오르기 전 진입 적기.",,9660.890833333331,53.333333333333336,0.0037278657968313,0.2443083477566236,0.3224309153713299,0.2069397668393782,133709885.0,0.7948113207547169,0.0,38.0,127.01018840445342,37.57602485406751
종로구,11110690,창신3동,알뜰안정형,3,"경희궁자이, 덕수궁롯데캐슬, 남산타운",역사도심·관광오피스형,근린주거형,"1·2·3·4·5호선 거미줄 도심 철도망, 광화문·시청·을지로 축","광화문·을지로 대기업/정부청사 직장인 수요, 명동·인사동·북촌 외국인 관광객 폭발","상대적으로 희소한 주거인구, 주말 오피스가 공동화, 역사문화지구 고도제한/건축규제","CBD 화이트칼라 직장인, 외국인 관광객, 도심 회귀 고소득 시니어",#역세권,#관광·외국인,#주말공동화 #소비유출,"비즈니스 접대 한정식/일식, 테이크아웃 샐러드/커피, K-뷰티/기념품샵, 힙지로 감성 와인바","대형 가구단지, 일반 유아동 학원","[데이터] 의원(내과·소아과·치과)·약국 / 의류·잡화 편집숍  [현장키워드] 비즈니스 접대 한정식/일식, 테이크아웃 샐러드/커피, K-뷰티/기념품샵, 힙지로 감성 와인바","의료비(×0.07), 의류·신발(×0.39)","식료품(×2.05), 여가·문화(×1.61)",국내 최고 수준의 직장인 오피스 수요와 글로벌 관광객이 상시 소비를 주도하는 전통 도심 상권,저평가,안정(저평가),② 유출보완형 기회,42.1,167.0,0.6030466725601521,-256190317.05599523,-0.0361854715291679,"[근린주거형] 인구·인프라로 본 기대소비 대비 실제 ×0.60 (분기 약 3억 원 밑돎, 추세 보합). 유사 원형 동 대비 의료비(×0.07), 의류·신발(×0.39) 비중이 낮아 해당 업종 공급 여지. 식료품(×2.05), 여가·문화(×1.61)은 이미 강세라 신규 진입 시 차별화 필요. 수요 대비 소비가 꾸준히 밖으로 샘 — 빠진 필수업종을 채우는 근린형 진입.",,6244.191666666667,89.83333333333333,0.0121489428841905,0.2727989902177343,0.3243066884176183,0.1700228384991843,320701236.0,0.1037735849056603,1.0,24.0,127.013222802622,37.5789527845504
종로구,11110700,숭인1동,알뜰안정형,3,"경희궁자이, 덕수궁롯데캐슬, 남산타운",역사도심·관광오피스형,근린주거형,"1·2·3·4·5호선 거미줄 도심 철도망, 광화문·시청·을지로 축","광화문·을지로 대기업/정부청사 직장인 수요, 명동·인사동·북촌 외국인 관광객 폭발","상대적으로 희소한 주거인구, 주말 오피스가 공동화, 역사문화지구 고도제한/건축규제","CBD 화이트칼라 직장인, 외국인 관광객, 도심 회귀 고소득 시니어",#역세권공백,#관광·외국인,#주말공동화 #소비유출,"비즈니스 접대 한정식/일식, 테이크아웃 샐러드/커피, K-뷰티/기념품샵, 힙지로 감성 와인바","대형 가구단지, 일반 유아동 학원","[데이터] 의류·잡화 편집숍 / 피트니스·필라테스·키즈카페·공방  [현장키워드] 비즈니스 접대 한정식/일식, 테이크아웃 샐러드/커피, K-뷰티/기념품샵, 힙지로 감성 와인바","의류·신발(×0.22), 여가·문화(×0.27)",식료품(×1.67),국내 최고 수준의 직장인 오피스 수요와 글로벌 관광객이 상시 소비를 주도하는 전통 도심 상권,저평가,떠오르는 잠재상권,① 선점형 기회,60.6,94.0,0.6441527611425152,-475762910.4279052,0.100885344313113,"[근린주거형] 인구·인프라로 본 기대소비 대비 실제 ×0.64 (분기 약 5억 원 밑돎, 추세 개선). 유사 원형 동 대비 의류·신발(×0.22), 여가·문화(×0.27) 비중이 낮아 해당 업종 공급 여지. 식료품(×1.67)은 이미 강세라 신규 진입 시 차별화 필요. 기대보다 덜 쓰지만 격차가 줄어드는 중 — 임대료 오르기 전 진입 적기.",,6274.883333333334,216.41666666666663,0.0365811373092926,0.2623092926490984,0.3075189180486234,0.2563081629367251,271960677.0,0.2075471698113207,0.0,43.0,127.01689037280627,37.57718636818084
종로구,11110710,숭인2동,영앤레버리지형,0,"경희궁자이, 덕수궁롯데캐슬, 남산타운",역사도심·관광오피스형,근린주거형,"1·2·3·4·5호선 거미줄 도심 철도망, 광화문·시청·을지로 축","광화문·을지로 대기업/정부청사 직장인 수요, 명동·인사동·북촌 외국인 관광객 폭발","상대적으로 희소한 주거인구, 주말 오피스가 공동화, 역사문화지구 고도제한/건축규제","CBD 화이트칼라 직장인, 외국인 관광객, 도심 회귀 고소득 시니어",#다중역세권,#가성비선호 #2030청년가구 #관광·외국인,#주말공동화 #소비유출,"비즈니스 접대 한정식/일식, 테이크아웃 샐러드/커피, K-뷰티/기념품샵, 힙지로 감성 와인바","대형 가구단지, 일반 유아동 학원","[현장키워드] 비즈니스 접대 한정식/일식, 테이크아웃 샐러드/커피, K-뷰티/기념품샵, 힙지로 감성 와인바",,"의류·신발(×6.12), 유흥(×1.56)",국내 최고 수준의 직장인 오피스 수요와 글로벌 관광객이 상시 소비를 주도하는 전통 도심 상권,저평가,안정(저평가),② 유출보완형 기회,52.7,125.0,0.4981123804122714,-2152538407.794052,0.0007091493907794,"[근린주거형] 인구·인프라로 본 기대소비 대비 실제 ×0.50 (분기 약 22억 원 밑돎, 추세 보합). 의류·신발(×6.12), 유흥(×1.56)은 이미 강세라 신규 진입 시 차별화 필요. 수요 대비 소비가 꾸준히 밖으로 샘 — 빠진 필수업종을 채우는 근린형 진입.",,10249.624166666666,1419.75,0.139488367196547,0.4183598273502474,0.4061500846341922,0.3900959187511754,167074058.0,0.5731132075471698,2.0,89.0,127.02034243045809,37.57449185020222
중구,11140520,소공동,알뜰안정형,3,"경희궁자이, 덕수궁롯데캐슬, 남산타운",역사도심·관광오피스형,오피스·업무형,"1·2·3·4·5호선 거미줄 도심 철도망, 광화문·시청·을지로 축","광화문·을지로 대기업/정부청사 직장인 수요, 명동·인사동·북촌 외국인 관광객 폭발","상대적으로 희소한 주거인구, 주말 오피스가 공동화, 역사문화지구 고도제한/건축규제","CBD 화이트칼라 직장인, 외국인 관광객, 도심 회귀 고소득 시니어",#다중역세권 #집객시설밀집 #몰세권,#직장인밀집 #관광·외국인,#주말공동화 #경쟁과열가능,"비즈니스 접대 한정식/일식, 테이크아웃 샐러드/커피, K-뷰티/기념품샵, 힙지로 감성 와인바","대형 가구단지, 일반 유아동 학원","[현장키워드] 비즈니스 접대 한정식/일식, 테이크아웃 샐러드/커피, K-뷰티/기념품샵, 힙지로 감성 와인바",,여가·문화(×4.89),국내 최고 수준의 직장인 오피스 수요와 글로벌 관광객이 상시 소비를 주도하는 전통 도심 상권,초과달성,성장하는 강세상권,③ 확장형,,,26.73402592247084,1953721725528.5647,0.162916798781161,"[오피스·업무형] 인구·인프라로 본 기대소비 대비 실제 ×26.73 (분기 약 19,537억 원 웃돎, 추세 개선). 여가·문화(×4.89)은 이미 강세라 신규 진입 시 차별화 필요. 이미 강하고 더 커지는 중 — 핵심가 대신 2선 입지·배후 골목 공략. ※ 배율 극단(×5↑): 대형점·본사 매출 주소 집계 가능성, 현장 확인 필요","배율 극단(×5↑): 대형점·본사 매출 주소 집계 가능성, 현장 확인 필요",2453.9725,90998.0,42.35904499540863,0.303030303030303,0.2884353741496598,0.4102278911564626,489545455.0,0.0141509433962264,3.0,231.0,126.97437453532754,37.564255512847375
중구,11140540,회현동,알뜰안정형,3,"경희궁자이, 덕수궁롯데캐슬, 남산타운",역사도심·관광오피스형,오피스·업무형,"1·2·3·4·5호선 거미줄 도심 철도망, 광화문·시청·을지로 축","광화문·을지로 대기업/정부청사 직장인 수요, 명동·인사동·북촌 외국인 관광객 폭발","상대적으로 희소한 주거인구, 주말 오피스가 공동화, 역사문화지구 고도제한/건축규제","CBD 화이트칼라 직장인, 외국인 관광객, 도심 회귀 고소득 시니어",#다중역세권 #집객시설밀집,#직장인밀집 #관광·외국인,#주말공동화 #경쟁과열가능,"비즈니스 접대 한정식/일식, 테이크아웃 샐러드/커피, K-뷰티/기념품샵, 힙지로 감성 와인바","대형 가구단지, 일반 유아동 학원","[데이터] 주점·이자카야·노래방 / 음식점·카페·배달전문점  [현장키워드] 비즈니스 접대 한정식/일식, 테이크아웃 샐러드/커피, K-뷰티/기념품샵, 힙지로 감성 와인바","유흥(×0.07), 음식(×0.21)","여가·문화(×3.10), 식료품(×2.40)",국내 최고 수준의 직장인 오피스 수요와 글로벌 관광객이 상시 소비를 주도하는 전통 도심 상권,초과달성,안정(초과),④ 검증·포화형,,,23.555926988544964,495463651060.1513,-0.0356381101771186,"[오피스·업무형] 인구·인프라로 본 기대소비 대비 실제 ×23.56 (분기 약 4,955억 원 웃돎, 추세 보합). 유사 원형 동 대비 유흥(×0.07), 음식(×0.21) 비중이 낮아 해당 업종 공급 여지. 여가·문화(×3.10), 식료품(×2.40)은 이미 강세라 신규 진입 시 차별화 필요. 수요는 검증됐지만 경쟁 치열 — 차별화 콘셉트 없으면 비추천. ※ 배율 극단(×5↑): 대형점·본사 매출 주소 집계 가능성, 현장 확인 필요","배율 극단(×5↑): 대형점·본사 매출 주소 집계 가능성, 현장 확인 필요",4849.533333333334,77675.75,15.978310502283104,0.2159817351598173,0.2407519708914493,0.2767111380634728,389399554.0,0.0448113207547169,6.0,211.0,126.97710457297552,37.55693997950527
중구,11140550,명동,알뜰안정형,3,"경희궁자이, 덕수궁롯데캐슬, 남산타운",역사도심·관광오피스형,학원가·에듀형,"1·2·3·4·5호선 거미줄 도심 철도망, 광화문·시청·을지로 축","광화문·을지로 대기업/정부청사 직장인 수요, 명동·인사동·북촌 외국인 관광객 폭발","상대적으로 희소한 주거인구, 주말 오피스가 공동화, 역사문화지구 고도제한/건축규제","CBD 화이트칼라 직장인, 외국인 관광객, 도심 회귀 고소득 시니어",#역세권 #집객시설밀집,#직장인밀집 #관광·외국인,#주말공동화 #소비유출,"비즈니스 접대 한정식/일식, 테이크아웃 샐러드/커피, K-뷰티/기념품샵, 힙지로 감성 와인바","대형 가구단지, 일반 유아동 학원","[데이터] 식자재마트·정육·반찬가게 / 의원(내과·소아과·치과)·약국  [현장키워드] 비즈니스 접대 한정식/일식, 테이크아웃 샐러드/커피, K-뷰티/기념품샵, 힙지로 감성 와인바","식료품(×0.18), 의료비(×0.48)","생활용품(×10.97), 여가·문화(×2.90)",국내 최고 수준의 직장인 오피스 수요와 글로벌 관광객이 상시 소비를 주도하는 전통 도심 상권,저평가,떠오르는 잠재상권,① 선점형 기회,,,0.2128714253087207,-411604621351.1279,0.1560927574606915,"[학원가·에듀형] 인구·인프라로 본 기대소비 대비 실제 ×0.21 (분기 약 4,116억 원 밑돎, 추세 개선). 유사 원형 동 대비 식료품(×0.18), 의료비(×0.48) 비중이 낮아 해당 업종 공급 여지. 생활용품(×10.97), 여가·문화(×2.90)은 이미 강세라 신규 진입 시 차별화 필요. 기대보다 덜 쓰지만 격차가 줄어드는 중 — 임대료 오르기 전 진입 적기. ※ 배율 극단(×0.25↓): 인접 거대상권 흡수·재건축 이주 가능성, 인접 동과 묶어 해석","배율 극단(×0.25↓): 인접 거대상권 흡수·재건축 이주 가능성, 인접 동과 묶어 해석",4023.1216666666655,122141.0,50.46153846153846,0.2169732441471571,0.2610337502950201,0.367165447250413,355854515.0,0.0235849056603773,1.0,542.0,126.98430107112212,37.56395091134355
중구,11140570,필동,영앤레버리지형,0,"경희궁자이, 덕수궁롯데캐슬, 남산타운",역사도심·관광오피스형,오피스·업무형,"1·2·3·4·5호선 거미줄 도심 철도망, 광화문·시청·을지로 축","광화문·을지로 대기업/정부청사 직장인 수요, 명동·인사동·북촌 외국인 관광객 폭발","상대적으로 희소한 주거인구, 주말 오피스가 공동화, 역사문화지구 고도제한/건축규제","CBD 화이트칼라 직장인, 외국인 관광객, 도심 회귀 고소득 시니어",#다중역세권 #의료허브 #대학가,#2030청년가구 #직장인밀집 #관광·외국인,#주말공동화 #소비유출 #소비위축추세,"비즈니스 접대 한정식/일식, 테이크아웃 샐러드/커피, K-뷰티/기념품샵, 힙지로 감성 와인바","대형 가구단지, 일반 유아동 학원","[데이터] 피트니스·필라테스·키즈카페·공방 / 의류·잡화 편집숍  [현장키워드] 비즈니스 접대 한정식/일식, 테이크아웃 샐러드/커피, K-뷰티/기념품샵, 힙지로 감성 와인바","여가·문화(×0.30), 의류·신발(×0.34)","유흥(×4.11), 교육(×2.53)",국내 최고 수준의 직장인 오피스 수요와 글로벌 관광객이 상시 소비를 주도하는 전통 도심 상권,저평가,위축되는 약세상권,⑥ 주의(위축),,,0.1697199193359069,-27438417638.370853,-0.112020970094065,"[오피스·업무형] 인구·인프라로 본 기대소비 대비 실제 ×0.17 (분기 약 274억 원 밑돎, 추세 악화). 유사 원형 동 대비 여가·문화(×0.30), 의류·신발(×0.34) 비중이 낮아 해당 업종 공급 여지. 유흥(×4.11), 교육(×2.53)은 이미 강세라 신규 진입 시 차별화 필요. 기대보다 약하고 더 약해지는 중 — 원인(재건축·공동화) 확인 전 진입 보류. ※ 배율 극단(×0.25↓): 인접 거대상권 흡수·재건축 이주 가능성, 인접 동과 묶어 해석","배율 극단(×0.25↓): 인접 거대상권 흡수·재건축 이주 가능성, 인접 동과 묶어 해석",4854.2091666666665,14785.416666666666,4.02567298105683,0.3601694915254237,0.4875965839772265,0.4190361935746238,248890227.0,0.1556603773584905,2.0,123.0,126.99377534693004,37.556869955485794
중구,11140580,장충동,영앤레버리지형,0,"경희궁자이, 덕수궁롯데캐슬, 남산타운",역사도심·관광오피스형,가족·아파트단지형,"1·2·3·4·5호선 거미줄 도심 철도망, 광화문·시청·을지로 축","광화문·을지로 대기업/정부청사 직장인 수요, 명동·인사동·북촌 외국인 관광객 폭발","상대적으로 희소한 주거인구, 주말 오피스가 공동화, 역사문화지구 고도제한/건축규제","CBD 화이트칼라 직장인, 외국인 관광객, 도심 회귀 고소득 시니어",#역세권,#가성비선호 #2030청년가구 #직장인밀집 #관광·외국인,#주말공동화 #소비유출,"비즈니스 접대 한정식/일식, 테이크아웃 샐러드/커피, K-뷰티/기념품샵, 힙지로 감성 와인바","대형 가구단지, 일반 유아동 학원","[데이터] 피트니스·필라테스·키즈카페·공방 / 식자재마트·정육·반찬가게  [현장키워드] 비즈니스 접대 한정식/일식, 테이크아웃 샐러드/커피, K-뷰티/기념품샵, 힙지로 감성 와인바","여가·문화(×0.50), 식료품(×0.66)","의류·신발(×2.92), 음식(×2.40)",국내 최고 수준의 직장인 오피스 수요와 글로벌 관광객이 상시 소비를 주도하는 전통 도심 상권,저평가,안정(저평가),② 유출보완형 기회,47.4,150.0,0.5274854550577591,-2222769498.9681315,-0.0170979905082486,"[가족·아파트단지형] 인구·인프라로 본 기대소비 대비 실제 ×0.53 (분기 약 22억 원 밑돎, 추세 보합). 유사 원형 동 대비 여가·문화(×0.50), 식료품(×0.66) 비중이 낮아 해당 업종 공급 여지. 의류·신발(×2.92), 음식(×2.40)은 이미 강세라 신규 진입 시 차별화 필요. 수요 대비 소비가 꾸준히 밖으로 샘 — 빠진 필수업종을 채우는 근린형 진입.",,5693.827499999999,5027.083333333333,0.9782369751593756,0.4251483842602769,0.5306301562225733,0.4194189924521678,186105513.0,0.945754716981132,1.0,63.0,127.00216161451516,37.555563653364366
중구,11140590,광희동,영앤레버리지형,0,"경희궁자이, 덕수궁롯데캐슬, 남산타운",역사도심·관광오피스형,오피스·업무형,"1·2·3·4·5호선 거미줄 도심 철도망, 광화문·시청·을지로 축","광화문·을지로 대기업/정부청사 직장인 수요, 명동·인사동·북촌 외국인 관광객 폭발","상대적으로 희소한 주거인구, 주말 오피스가 공동화, 역사문화지구 고도제한/건축규제","CBD 화이트칼라 직장인, 외국인 관광객, 도심 회귀 고소득 시니어",#다중역세권 #집객시설밀집 #의료허브,#2030청년가구 #직장인밀집 #관광·외국인,#주말공동화 #소비유출 #소비위축추세,"비즈니스 접대 한정식/일식, 테이크아웃 샐러드/커피, K-뷰티/기념품샵, 힙지로 감성 와인바","대형 가구단지, 일반 유아동 학원","[데이터] 의원(내과·소아과·치과)·약국  [현장키워드] 비즈니스 접대 한정식/일식, 테이크아웃 샐러드/커피, K-뷰티/기념품샵, 힙지로 감성 와인바",의료비(×0.71),"의류·신발(×10.62), 식료품(×1.54)",국내 최고 수준의 직장인 오피스 수요와 글로벌 관광객이 상시 소비를 주도하는 전통 도심 상권,저평가,위축되는 약세상권,⑥ 주의(위축),,,0.2063412044552666,-44997862161.86504,-0.1885086253373073,"[오피스·업무형] 인구·인프라로 본 기대소비 대비 실제 ×0.21 (분기 약 450억 원 밑돎, 추세 악화). 유사 원형 동 대비 의료비(×0.71) 비중이 낮아 해당 업종 공급 여지. 의류·신발(×10.62), 식료품(×1.54)은 이미 강세라 신규 진입 시 차별화 필요. 기대보다 약하고 더 약해지는 중 — 원인(재건축·공동화) 확인 전 진입 보류. ※ 배율 극단(×0.25↓): 인접 거대상권 흡수·재건축 이주 가능성, 인접 동과 묶어 해석","배율 극단(×0.25↓): 인접 거대상권 흡수·재건축 이주 가능성, 인접 동과 묶어 해석",6867.509166666667,53300.66666666666,9.33245243128964,0.4186046511627907,0.4056808915466159,0.3931163359608589,193927273.0,0.0117924528301886,3.0,185.0,127.0037691620546,37.56515922990175
중구,11140605,을지로동,영앤레버리지형,0,"경희궁자이, 덕수궁롯데캐슬, 남산타운",역사도심·관광오피스형,오피스·업무형,"1·2·3·4·5호선 거미줄 도심 철도망, 광화문·시청·을지로 축","광화문·을지로 대기업/정부청사 직장인 수요, 명동·인사동·북촌 외국인 관광객 폭발","상대적으로 희소한 주거인구, 주말 오피스가 공동화, 역사문화지구 고도제한/건축규제","CBD 화이트칼라 직장인, 외국인 관광객, 도심 회귀 고소득 시니어",#다중역세권,#2030청년가구 #직장인밀집 #관광·외국인,#주말공동화 #소비위축추세 #경쟁과열가능,"비즈니스 접대 한정식/일식, 테이크아웃 샐러드/커피, K-뷰티/기념품샵, 힙지로 감성 와인바","대형 가구단지, 일반 유아동 학원","[데이터] 식자재마트·정육·반찬가게 / 생활용품·무인점포·세탁  [현장키워드] 비즈니스 접대 한정식/일식, 테이크아웃 샐러드/커피, K-뷰티/기념품샵, 힙지로 감성 와인바","식료품(×0.10), 생활용품(×0.10)",여가·문화(×4.63),국내 최고 수준의 직장인 오피스 수요와 글로벌 관광객이 상시 소비를 주도하는 전통 도심 상권,초과달성,식어가는 강세상권,⑤ 경고(둔화),,,4.769400671290871,130498993761.2276,-0.354084397230614,"[오피스·업무형] 인구·인프라로 본 기대소비 대비 실제 ×4.77 (분기 약 1,305억 원 웃돎, 추세 악화). 유사 원형 동 대비 식료품(×0.10), 생활용품(×0.10) 비중이 낮아 해당 업종 공급 여지. 여가·문화(×4.63)은 이미 강세라 신규 진입 시 차별화 필요. 강세였으나 식는 중 — 신규 진입 보수적, 업종 전환 수요 관찰.",,2594.6175,16420.25,5.433291770573566,0.4576059850374064,0.3803997421018698,0.5833365570599613,457909091.0,0.0023584905660377,4.0,145.0,126.99655901615029,37.566618853519614
중구,11140615,신당동,영앤레버리지형,0,"경희궁자이, 덕수궁롯데캐슬, 남산타운",역사도심·관광오피스형,청년1인·원룸형,"1·2·3·4·5호선 거미줄 도심 철도망, 광화문·시청·을지로 축","광화문·을지로 대기업/정부청사 직장인 수요, 명동·인사동·북촌 외국인 관광객 폭발","상대적으로 희소한 주거인구, 주말 오피스가 공동화, 역사문화지구 고도제한/건축규제","CBD 화이트칼라 직장인, 외국인 관광객, 도심 회귀 고소득 시니어",#다중역세권,#2030청년가구 #관광·외국인,#주말공동화 #소비유출,"비즈니스 접대 한정식/일식, 테이크아웃 샐러드/커피, K-뷰티/기념품샵, 힙지로 감성 와인바","대형 가구단지, 일반 유아동 학원","[데이터] 의원(내과·소아과·치과)·약국 / 피트니스·필라테스·키즈카페·공방  [현장키워드] 비즈니스 접대 한정식/일식, 테이크아웃 샐러드/커피, K-뷰티/기념품샵, 힙지로 감성 와인바","의료비(×0.49), 여가·문화(×0.68)","의류·신발(×11.10), 생활용품(×1.71)",국내 최고 수준의 직장인 오피스 수요와 글로벌 관광객이 상시 소비를 주도하는 전통 도심 상권,저평가,안정(저평가),② 유출보완형 기회,49.7,141.0,0.4872587298214783,-5817907184.285489,-0.0161178301000713,"[청년1인·원룸형] 인구·인프라로 본 기대소비 대비 실제 ×0.49 (분기 약 58억 원 밑돎, 추세 보합). 유사 원형 동 대비 의료비(×0.49), 여가·문화(×0.68) 비중이 낮아 해당 업종 공급 여지. 의류·신발(×11.10), 생활용품(×1.71)은 이미 강세라 신규 진입 시 차별화 필요. 수요 대비 소비가 꾸준히 밖으로 샘 — 빠진 필수업종을 채우는 근린형 진입.",,15088.816666666666,4222.583333333333,0.5691266079891673,0.3520649966147596,0.3280975119376728,0.3524805227444081,202648861.0,0.0283018867924528,2.0,99.0,127.0137071700536,37.56569008206271
중구,11140625,다산동,생활압박형,1,"경희궁자이, 덕수궁롯데캐슬, 남산타운",역사도심·관광오피스형,가족·아파트단지형,"1·2·3·4·5호선 거미줄 도심 철도망, 광화문·시청·을지로 축","광화문·을지로 대기업/정부청사 직장인 수요, 명동·인사동·북촌 외국인 관광객 폭발","상대적으로 희소한 주거인구, 주말 오피스가 공동화, 역사문화지구 고도제한/건축규제","CBD 화이트칼라 직장인, 외국인 관광객, 도심 회귀 고소득 시니어",#역세권,#관광·외국인,#주말공동화 #소비유출 #소비위축추세,"비즈니스 접대 한정식/일식, 테이크아웃 샐러드/커피, K-뷰티/기념품샵, 힙지로 감성 와인바","대형 가구단지, 일반 유아동 학원","[데이터] 식자재마트·정육·반찬가게  [현장키워드] 비즈니스 접대 한정식/일식, 테이크아웃 샐러드/커피, K-뷰티/기념품샵, 힙지로 감성 와인바",식료품(×0.67),음식(×1.63),국내 최고 수준의 직장인 오피스 수요와 글로벌 관광객이 상시 소비를 주도하는 전통 도심 상권,저평가,위축되는 약세상권,⑥ 주의(위축),,,0.4568610798391842,-4317485844.297918,-0.0915945432774109,"[가족·아파트단지형] 인구·인프라로 본 기대소비 대비 실제 ×0.46 (분기 약 43억 원 밑돎, 추세 악화). 유사 원형 동 대비 식료품(×0.67) 비중이 낮아 해당 업종 공급 여지. 음식(×1.63)은 이미 강세라 신규 진입 시 차별화 필요. 기대보다 약하고 더 약해지는 중 — 원인(재건축·공동화) 확인 전 진입 보류.",,13107.13,6079.916666666667,0.4445200816882232,0.3211557370849406,0.3604392229133072,0.203753359440989,207881680.0,0.9150943396226416,1.0,86.0,127.00836345470714,37.55494168855172
중구,11140635,약수동,알뜰안정형,3,"경희궁자이, 덕수궁롯데캐슬, 남산타운",역사도심·관광오피스형,직주혼합형,"1·2·3·4·5호선 거미줄 도심 철도망, 광화문·시청·을지로 축","광화문·을지로 대기업/정부청사 직장인 수요, 명동·인사동·북촌 외국인 관광객 폭발","상대적으로 희소한 주거인구, 주말 오피스가 공동화, 역사문화지구 고도제한/건축규제","CBD 화이트칼라 직장인, 외국인 관광객, 도심 회귀 고소득 시니어",#다중역세권,#직장인밀집 #야간소비 #관광·외국인,#주말공동화,"비즈니스 접대 한정식/일식, 테이크아웃 샐러드/커피, K-뷰티/기념품샵, 힙지로 감성 와인바","대형 가구단지, 일반 유아동 학원","[데이터] 생활용품·무인점포·세탁 / 피트니스·필라테스·키즈카페·공방  [현장키워드] 비즈니스 접대 한정식/일식, 테이크아웃 샐러드/커피, K-뷰티/기념품샵, 힙지로 감성 와인바","생활용품(×0.21), 여가·문화(×0.65)","식료품(×2.44), 교육(×1.74)",국내 최고 수준의 직장인 오피스 수요와 글로벌 관광객이 상시 소비를 주도하는 전통 도심 상권,기대수준,떠오르는 잠재상권,① 선점형 기회,74.6,22.0,0.6847855115780854,-1271773317.4536228,0.0521070646543738,"[직주혼합형] 인구·인프라로 본 기대소비 대비 실제 ×0.68 (분기 약 13억 원 밑돎, 추세 개선). 유사 원형 동 대비 생활용품(×0.21), 여가·문화(×0.65) 비중이 낮아 해당 업종 공급 여지. 식료품(×2.44), 교육(×1.74)은 이미 강세라 신규 진입 시 차별화 필요. 기대보다 덜 쓰지만 격차가 줄어드는 중 — 임대료 오르기 전 진입 적기.",,15373.715833333334,12024.833333333334,0.8514235981598905,0.2505284097973393,0.2963604852686308,0.1796287161711771,382587628.0,0.365566037735849,2.0,87.0,127.0102867299519,37.55014822684117
중구,11140645,청구동,알뜰안정형,3,"경희궁자이, 덕수궁롯데캐슬, 남산타운",역사도심·관광오피스형,학원가·에듀형,"1·2·3·4·5호선 거미줄 도심 철도망, 광화문·시청·을지로 축","광화문·을지로 대기업/정부청사 직장인 수요, 명동·인사동·북촌 외국인 관광객 폭발","상대적으로 희소한 주거인구, 주말 오피스가 공동화, 역사문화지구 고도제한/건축규제","CBD 화이트칼라 직장인, 외국인 관광객, 도심 회귀 고소득 시니어",#역세권공백,#관광·외국인,#주말공동화 #소비위축추세,"비즈니스 접대 한정식/일식, 테이크아웃 샐러드/커피, K-뷰티/기념품샵, 힙지로 감성 와인바","대형 가구단지, 일반 유아동 학원","[데이터] 의원(내과·소아과·치과)·약국  [현장키워드] 비즈니스 접대 한정식/일식, 테이크아웃 샐러드/커피, K-뷰티/기념품샵, 힙지로 감성 와인바",의료비(×0.59),"의류·신발(×9.31), 생활용품(×3.55)",국내 최고 수준의 직장인 오피스 수요와 글로벌 관광객이 상시 소비를 주도하는 전통 도심 상권,기대수준,위축되는 약세상권,⑥ 주의(위축),,,0.7916161618407861,-374073572.57247615,-0.0770151580680767,"[학원가·에듀형] 인구·인프라로 본 기대소비 대비 실제 ×0.79 (분기 약 4억 원 밑돎, 추세 악화). 유사 원형 동 대비 의료비(×0.59) 비중이 낮아 해당 업종 공급 여지. 의류·신발(×9.31), 생활용품(×3.55)은 이미 강세라 신규 진입 시 차별화 필요. 기대보다 약하고 더 약해지는 중 — 원인(재건축·공동화) 확인 전 진입 보류.",,13348.798333333332,5820.833333333333,0.1681204168274797,0.2857583944423003,0.3103731957220851,0.1828898362126991,433917253.0,0.1863207547169811,0.0,34.0,127.01518815511604,37.55687815267039
중구,11140650,신당5동,알뜰안정형,3,"경희궁자이, 덕수궁롯데캐슬, 남산타운",역사도심·관광오피스형,근린주거형,"1·2·3·4·5호선 거미줄 도심 철도망, 광화문·시청·을지로 축","광화문·을지로 대기업/정부청사 직장인 수요, 명동·인사동·북촌 외국인 관광객 폭발","상대적으로 희소한 주거인구, 주말 오피스가 공동화, 역사문화지구 고도제한/건축규제","CBD 화이트칼라 직장인, 외국인 관광객, 도심 회귀 고소득 시니어",#역세권공백,#야간소비 #관광·외국인,#주말공동화,"비즈니스 접대 한정식/일식, 테이크아웃 샐러드/커피, K-뷰티/기념품샵, 힙지로 감성 와인바","대형 가구단지, 일반 유아동 학원","[데이터] 식자재마트·정육·반찬가게  [현장키워드] 비즈니스 접대 한정식/일식, 테이크아웃 샐러드/커피, K-뷰티/기념품샵, 힙지로 감성 와인바",식료품(×0.59),"유흥(×3.00), 생활용품(×2.12)",국내 최고 수준의 직장인 오피스 수요와 글로벌 관광객이 상시 소비를 주도하는 전통 도심 상권,기대수준,안정(저평가),② 유출보완형 기회,36.7,179.0,0.8365203348016417,-556632848.8629913,-0.0139109197277987,"[근린주거형] 인구·인프라로 본 기대소비 대비 실제 ×0.84 (분기 약 6억 원 밑돎, 추세 보합). 유사 원형 동 대비 식료품(×0.59) 비중이 낮아 해당 업종 공급 여지. 유흥(×3.00), 생활용품(×2.12)은 이미 강세라 신규 진입 시 차별화 필요. 수요 대비 소비가 꾸준히 밖으로 샘 — 빠진 필수업종을 채우는 근린형 진입.",,9203.424166666666,623.5,0.0612747512560338,0.3236134370997931,0.3435908319185059,0.2386470713073005,382417416.0,0.2311320754716981,0.0,65.0,127.0218674854035,37.56363458123807
중구,11140665,동화동,알뜰안정형,3,"경희궁자이, 덕수궁롯데캐슬, 남산타운",역사도심·관광오피스형,근린주거형,"1·2·3·4·5호선 거미줄 도심 철도망, 광화문·시청·을지로 축","광화문·을지로 대기업/정부청사 직장인 수요, 명동·인사동·북촌 외국인 관광객 폭발","상대적으로 희소한 주거인구, 주말 오피스가 공동화, 역사문화지구 고도제한/건축규제","CBD 화이트칼라 직장인, 외국인 관광객, 도심 회귀 고소득 시니어",#다중역세권,#관광·외국인,#주말공동화 #소비유출,"비즈니스 접대 한정식/일식, 테이크아웃 샐러드/커피, K-뷰티/기념품샵, 힙지로 감성 와인바","대형 가구단지, 일반 유아동 학원","[데이터] 주점·이자카야·노래방  [현장키워드] 비즈니스 접대 한정식/일식, 테이크아웃 샐러드/커피, K-뷰티/기념품샵, 힙지로 감성 와인바",유흥(×0.68),의류·신발(×3.90),국내 최고 수준의 직장인 오피스 수요와 글로벌 관광객이 상시 소비를 주도하는 전통 도심 상권,저평가,안정(저평가),② 유출보완형 기회,47.5,149.0,0.6295951165989524,-986121933.2066592,-0.0068667899996522,"[근린주거형] 인구·인프라로 본 기대소비 대비 실제 ×0.63 (분기 약 10억 원 밑돎, 추세 보합). 유사 원형 동 대비 유흥(×0.68) 비중이 낮아 해당 업종 공급 여지. 의류·신발(×3.90)은 이미 강세라 신규 진입 시 차별화 필요. 수요 대비 소비가 꾸준히 밖으로 샘 — 빠진 필수업종을 채우는 근린형 진입.",,9059.203333333331,1163.0833333333333,0.1310733326627099,0.2430339000100593,0.3075715086932137,0.1177397644419517,562530704.0,0.3773584905660377,2.0,47.0,127.01865228045584,37.560706894007495
중구,11140670,황학동,영앤레버리지형,0,"경희궁자이, 덕수궁롯데캐슬, 남산타운",역사도심·관광오피스형,청년1인·원룸형,"1·2·3·4·5호선 거미줄 도심 철도망, 광화문·시청·을지로 축","광화문·을지로 대기업/정부청사 직장인 수요, 명동·인사동·북촌 외국인 관광객 폭발","상대적으로 희소한 주거인구, 주말 오피스가 공동화, 역사문화지구 고도제한/건축규제","CBD 화이트칼라 직장인, 외국인 관광객, 도심 회귀 고소득 시니어",#역세권공백,#2030청년가구 #관광·외국인,#주말공동화,"비즈니스 접대 한정식/일식, 테이크아웃 샐러드/커피, K-뷰티/기념품샵, 힙지로 감성 와인바","대형 가구단지, 일반 유아동 학원","[현장키워드] 비즈니스 접대 한정식/일식, 테이크아웃 샐러드/커피, K-뷰티/기념품샵, 힙지로 감성 와인바",,생활용품(×6.58),국내 최고 수준의 직장인 오피스 수요와 글로벌 관광객이 상시 소비를 주도하는 전통 도심 상권,기대수준,안정(초과),④ 검증·포화형,,,1.193372084532199,686582829.1940484,-0.0249810181057538,"[청년1인·원룸형] 인구·인프라로 본 기대소비 대비 실제 ×1.19 (분기 약 7억 원 웃돎, 추세 보합). 생활용품(×6.58)은 이미 강세라 신규 진입 시 차별화 필요. 수요는 검증됐지만 경쟁 치열 — 차별화 콘셉트 없으면 비추천.",,11575.975,820.9166666666666,0.0627512810405991,0.4052029956641703,0.418324694867079,0.3014830295937134,320745114.0,0.0165094339622641,0.0,76.0,127.02085017986909,37.56853618353088
중구,11140680,중림동,알뜰안정형,3,"경희궁자이, 덕수궁롯데캐슬, 남산타운",역사도심·관광오피스형,근린주거형,"1·2·3·4·5호선 거미줄 도심 철도망, 광화문·시청·을지로 축","광화문·을지로 대기업/정부청사 직장인 수요, 명동·인사동·북촌 외국인 관광객 폭발","상대적으로 희소한 주거인구, 주말 오피스가 공동화, 역사문화지구 고도제한/건축규제","CBD 화이트칼라 직장인, 외국인 관광객, 도심 회귀 고소득 시니어",#역세권공백,#관광·외국인,#주말공동화,"비즈니스 접대 한정식/일식, 테이크아웃 샐러드/커피, K-뷰티/기념품샵, 힙지로 감성 와인바","대형 가구단지, 일반 유아동 학원","[데이터] 의류·잡화 편집숍 / 주점·이자카야·노래방  [현장키워드] 비즈니스 접대 한정식/일식, 테이크아웃 샐러드/커피, K-뷰티/기념품샵, 힙지로 감성 와인바","의류·신발(×0.25), 유흥(×0.60)","여가·문화(×3.50), 음식(×1.41)",국내 최고 수준의 직장인 오피스 수요와 글로벌 관광객이 상시 소비를 주도하는 전통 도심 상권,기대수준,안정(저평가),② 유출보완형 기회,50.0,140.0,0.6799889963053523,-1392371523.0376737,-0.0002874019674664,"[근린주거형] 인구·인프라로 본 기대소비 대비 실제 ×0.68 (분기 약 14억 원 밑돎, 추세 보합). 유사 원형 동 대비 의류·신발(×0.25), 유흥(×0.60) 비중이 낮아 해당 업종 공급 여지. 여가·문화(×3.50), 음식(×1.41)은 이미 강세라 신규 진입 시 차별화 필요. 수요 대비 소비가 꾸준히 밖으로 샘 — 빠진 필수업종을 채우는 근린형 진입.",,8345.254166666668,3250.25,0.3181518695437325,0.2863613902157799,0.3219064469755612,0.1805551255114452,368461445.0,0.2146226415094339,0.0,77.0,126.96603581524248,37.55734276311024
중랑구,11260520,면목2동,생활압박형,1,-,1인청년·원룸배달형,근린주거형,"지하철역 접근 용이, 버스 환승망 발달","2030 청년 1인가구 밀집으로 배달음식, 간편식, 코인세탁 등 편의수요 최상","원룸촌 특유의 주차난, 잦은 이사로 인한 단골 고객 유지 어려움",2030 청년 직장인 및 취준생 1인가구,#역세권공백 #환승요충지 #주차난,#가성비선호,,"배달 전문점, 코인빨래방, 무인 프린트/카페, 1인 피트니스, 가성비 주점","대형 가족형 식당, 대형 키즈카페","[데이터] 피트니스·필라테스·키즈카페·공방 / 학원·스터디카페·키즈교육  [현장키워드] 배달 전문점, 코인빨래방, 무인 프린트/카페, 1인 피트니스, 가성비 주점","여가·문화(×0.52), 교육(×0.58)","생활용품(×7.38), 의료비(×1.68)",청년 1인가구의 실속형 소비와 배달·포장 수요가 지배적인 역동적 소형 상권,기대수준,안정(초과),④ 검증·포화형,,,1.068954974011469,219346943.28697968,0.0236451716459617,"[근린주거형] 인구·인프라로 본 기대소비 대비 실제 ×1.07 (분기 약 2억 원 웃돎, 추세 보합). 유사 원형 동 대비 여가·문화(×0.52), 교육(×0.58) 비중이 낮아 해당 업종 공급 여지. 생활용품(×7.38), 의료비(×1.68)은 이미 강세라 신규 진입 시 차별화 필요. 수요는 검증됐지만 경쟁 치열 — 차별화 콘셉트 없으면 비추천.",,22534.43333333333,1536.9166666666667,0.0312553011026293,0.2686174724342663,0.3114411490061808,0.2045008670905776,169038566.0,0.5400943396226415,0.0,112.0,127.07784189317408,37.58928928012044
중랑구,11260540,면목4동,생활압박형,1,-,서민베드타운·생활근린형,근린주거형,마을버스 및 시내버스 연계망 중심,"오랜 정주기간을 가진 지역 토착민 단골 형성 용이, 가성비 상품 반응 우수","노후 주택가 골목길 주차 불편, 주민 평균 연령 상승에 따른 소비 단가 한계",지역 토착 다인가구 및 어르신/시니어층,#역세권 #주차난,#고령층,#노후상권 #소비유출 #소비위축추세,"가성비 식료품/정육점, 내과/정형외과/약국, 생활밀착 철물/잡화, 국밥/백반집","초고가 프리미엄 사치재, 유행성 팝업스토어","[데이터] 의류·잡화 편집숍 / 의원(내과·소아과·치과)·약국  [현장키워드] 가성비 식료품/정육점, 내과/정형외과/약국, 생활밀착 철물/잡화, 국밥/백반집","의류·신발(×0.51), 의료비(×0.51)","생활용품(×4.78), 교육(×2.31)",지역 주민들의 생필품과 가성비 외식을 책임지는 탄탄한 골목형 생활 상권,저평가,위축되는 약세상권,⑥ 주의(위축),,,0.5300130291501338,-973101358.2135818,-0.0865356365234447,"[근린주거형] 인구·인프라로 본 기대소비 대비 실제 ×0.53 (분기 약 10억 원 밑돎, 추세 악화). 유사 원형 동 대비 의류·신발(×0.51), 의료비(×0.51) 비중이 낮아 해당 업종 공급 여지. 생활용품(×4.78), 교육(×2.31)은 이미 강세라 신규 진입 시 차별화 필요. 기대보다 약하고 더 약해지는 중 — 원인(재건축·공동화) 확인 전 진입 보류.",,17909.3275,629.5,0.0423817670106506,0.257822415981458,0.3198288159771754,0.178198002853067,193480097.0,0.4882075471698113,1.0,61.0,127.08537607090588,37.5736157956914
중랑구,11260550,면목5동,생활압박형,1,-,1인청년·원룸배달형,근린주거형,"지하철역 접근 용이, 버스 환승망 발달","2030 청년 1인가구 밀집으로 배달음식, 간편식, 코인세탁 등 편의수요 최상","원룸촌 특유의 주차난, 잦은 이사로 인한 단골 고객 유지 어려움",2030 청년 직장인 및 취준생 1인가구,#역세권공백 #환승요충지 #주차난,#가성비선호 #주말나들이,#경쟁과열가능,"배달 전문점, 코인빨래방, 무인 프린트/카페, 1인 피트니스, 가성비 주점","대형 가족형 식당, 대형 키즈카페","[데이터] 의류·잡화 편집숍  [현장키워드] 배달 전문점, 코인빨래방, 무인 프린트/카페, 1인 피트니스, 가성비 주점",의류·신발(×0.65),"생활용품(×2.28), 여가·문화(×1.52)",청년 1인가구의 실속형 소비와 배달·포장 수요가 지배적인 역동적 소형 상권,초과달성,안정(초과),④ 검증·포화형,,,2.1519516195433965,1417400605.644999,0.0070500586847052,"[근린주거형] 인구·인프라로 본 기대소비 대비 실제 ×2.15 (분기 약 14억 원 웃돎, 추세 보합). 유사 원형 동 대비 의류·신발(×0.65) 비중이 낮아 해당 업종 공급 여지. 생활용품(×2.28), 여가·문화(×1.52)은 이미 강세라 신규 진입 시 차별화 필요. 수요는 검증됐지만 경쟁 치열 — 차별화 콘셉트 없으면 비추천.",,10572.233333333334,904.3333333333334,0.0660532820653666,0.2721779730843175,0.3144284712482468,0.2064016479663394,161532570.0,0.5778301886792453,0.0,42.0,127.0788764183158,37.582522137682346
중랑구,11260565,면목본동,생활압박형,1,-,1인청년·원룸배달형,근린주거형,"지하철역 접근 용이, 버스 환승망 발달","2030 청년 1인가구 밀집으로 배달음식, 간편식, 코인세탁 등 편의수요 최상","원룸촌 특유의 주차난, 잦은 이사로 인한 단골 고객 유지 어려움",2030 청년 직장인 및 취준생 1인가구,#역세권 #집객시설밀집 #환승요충지 #주차난,#가성비선호,,"배달 전문점, 코인빨래방, 무인 프린트/카페, 1인 피트니스, 가성비 주점","대형 가족형 식당, 대형 키즈카페","[데이터] 학원·스터디카페·키즈교육  [현장키워드] 배달 전문점, 코인빨래방, 무인 프린트/카페, 1인 피트니스, 가성비 주점",교육(×0.50),"생활용품(×2.30), 유흥(×1.89)",청년 1인가구의 실속형 소비와 배달·포장 수요가 지배적인 역동적 소형 상권,기대수준,안정(저평가),② 유출보완형 기회,69.6,45.0,0.7951947792995326,-1232956311.7362547,0.040470650961644,"[근린주거형] 인구·인프라로 본 기대소비 대비 실제 ×0.80 (분기 약 12억 원 밑돎, 추세 보합). 유사 원형 동 대비 교육(×0.50) 비중이 낮아 해당 업종 공급 여지. 생활용품(×2.30), 유흥(×1.89)은 이미 강세라 신규 진입 시 차별화 필요. 수요 대비 소비가 꾸준히 밖으로 샘 — 빠진 필수업종을 채우는 근린형 진입.",,31062.68333333333,827.0833333333334,0.0248407253124234,0.3069100710610145,0.3376561758658864,0.2338975170014234,161046904.0,0.6698113207547169,1.0,168.0,127.08937831220662,37.58831704664329
중랑구,11260570,면목7동,생활압박형,1,-,1인청년·원룸배달형,근린주거형,"지하철역 접근 용이, 버스 환승망 발달","2030 청년 1인가구 밀집으로 배달음식, 간편식, 코인세탁 등 편의수요 최상","원룸촌 특유의 주차난, 잦은 이사로 인한 단골 고객 유지 어려움",2030 청년 직장인 및 취준생 1인가구,#역세권공백 #환승요충지 #주차난,#주말나들이,,"배달 전문점, 코인빨래방, 무인 프린트/카페, 1인 피트니스, 가성비 주점","대형 가족형 식당, 대형 키즈카페","[현장키워드] 배달 전문점, 코인빨래방, 무인 프린트/카페, 1인 피트니스, 가성비 주점",,,청년 1인가구의 실속형 소비와 배달·포장 수요가 지배적인 역동적 소형 상권,기대수준,안정(초과),④ 검증·포화형,,,1.048910288391177,203466803.35097647,0.0406854703901806,"[근린주거형] 인구·인프라로 본 기대소비 대비 실제 ×1.05 (분기 약 2억 원 웃돎, 추세 보합). 수요는 검증됐지만 경쟁 치열 — 차별화 콘셉트 없으면 비추천.",,20270.7325,569.0,0.024020764511562,0.2813591316658801,0.3192271395221775,0.2021814930710773,206799710.0,0.4858490566037736,0.0,108.0,127.0927950997119,37.57714209472521
중랑구,11260575,면목3·8동,생활압박형,1,-,1인청년·원룸배달형,근린주거형,"지하철역 접근 용이, 버스 환승망 발달","2030 청년 1인가구 밀집으로 배달음식, 간편식, 코인세탁 등 편의수요 최상","원룸촌 특유의 주차난, 잦은 이사로 인한 단골 고객 유지 어려움",2030 청년 직장인 및 취준생 1인가구,#역세권 #의료허브 #환승요충지 #주차난,#가성비선호 #야간소비,,"배달 전문점, 코인빨래방, 무인 프린트/카페, 1인 피트니스, 가성비 주점","대형 가족형 식당, 대형 키즈카페","[데이터] 학원·스터디카페·키즈교육 / 생활용품·무인점포·세탁  [현장키워드] 배달 전문점, 코인빨래방, 무인 프린트/카페, 1인 피트니스, 가성비 주점","교육(×0.46), 생활용품(×0.73)","유흥(×3.41), 의류·신발(×1.60)",청년 1인가구의 실속형 소비와 배달·포장 수요가 지배적인 역동적 소형 상권,기대수준,안정(저평가),② 유출보완형 기회,50.2,138.0,0.7781890698634333,-1270784574.7096434,-0.0370834965808837,"[근린주거형] 인구·인프라로 본 기대소비 대비 실제 ×0.78 (분기 약 13억 원 밑돎, 추세 보합). 유사 원형 동 대비 교육(×0.46), 생활용품(×0.73) 비중이 낮아 해당 업종 공급 여지. 유흥(×3.41), 의류·신발(×1.60)은 이미 강세라 신규 진입 시 차별화 필요. 수요 대비 소비가 꾸준히 밖으로 샘 — 빠진 필수업종을 채우는 근린형 진입.",,23847.216666666664,1666.6666666666667,0.0722871794871794,0.2822974358974359,0.3248711504877113,0.2192486263151169,162903032.0,0.4740566037735849,1.0,150.0,127.09835186573734,37.58448970223218
중랑구,11260580,상봉1동,생활압박형,1,-,서민베드타운·생활근린형,근린주거형,마을버스 및 시내버스 연계망 중심,"오랜 정주기간을 가진 지역 토착민 단골 형성 용이, 가성비 상품 반응 우수","노후 주택가 골목길 주차 불편, 주민 평균 연령 상승에 따른 소비 단가 한계",지역 토착 다인가구 및 어르신/시니어층,#다중역세권 #주차난,#고령층,#노후상권,"가성비 식료품/정육점, 내과/정형외과/약국, 생활밀착 철물/잡화, 국밥/백반집","초고가 프리미엄 사치재, 유행성 팝업스토어","[데이터] 피트니스·필라테스·키즈카페·공방 / 주점·이자카야·노래방  [현장키워드] 가성비 식료품/정육점, 내과/정형외과/약국, 생활밀착 철물/잡화, 국밥/백반집","여가·문화(×0.34), 유흥(×0.40)",식료품(×1.57),지역 주민들의 생필품과 가성비 외식을 책임지는 탄탄한 골목형 생활 상권,기대수준,성장하는 강세상권,③ 확장형,,,1.348361280924639,1209314185.883629,0.1728440368524445,"[근린주거형] 인구·인프라로 본 기대소비 대비 실제 ×1.35 (분기 약 12억 원 웃돎, 추세 개선). 유사 원형 동 대비 여가·문화(×0.34), 유흥(×0.40) 비중이 낮아 해당 업종 공급 여지. 식료품(×1.57)은 이미 강세라 신규 진입 시 차별화 필요. 이미 강하고 더 커지는 중 — 핵심가 대신 2선 입지·배후 골목 공략.",,20640.3025,1600.0833333333333,0.0694546238413451,0.2710497952144858,0.3268075965434751,0.1232500122052433,232552683.0,0.6320754716981132,4.0,78.0,127.08943964601414,37.601723750827205
중랑구,11260590,상봉2동,영앤레버리지형,0,-,1인청년·원룸배달형,근린주거형,"지하철역 접근 용이, 버스 환승망 발달","2030 청년 1인가구 밀집으로 배달음식, 간편식, 코인세탁 등 편의수요 최상","원룸촌 특유의 주차난, 잦은 이사로 인한 단골 고객 유지 어려움",2030 청년 직장인 및 취준생 1인가구,#역세권 #환승요충지 #주차난,#가성비선호 #2030청년가구 #야간소비 #주말나들이,#소비위축추세,"배달 전문점, 코인빨래방, 무인 프린트/카페, 1인 피트니스, 가성비 주점","대형 가족형 식당, 대형 키즈카페","[데이터] 학원·스터디카페·키즈교육 / 생활용품·무인점포·세탁  [현장키워드] 배달 전문점, 코인빨래방, 무인 프린트/카페, 1인 피트니스, 가성비 주점","교육(×0.17), 생활용품(×0.59)","유흥(×3.59), 음식(×1.54)",청년 1인가구의 실속형 소비와 배달·포장 수요가 지배적인 역동적 소형 상권,기대수준,식어가는 강세상권,⑤ 경고(둔화),,,1.3381505639307454,2471002727.811913,-0.1521363543568877,"[근린주거형] 인구·인프라로 본 기대소비 대비 실제 ×1.34 (분기 약 25억 원 웃돎, 추세 악화). 유사 원형 동 대비 교육(×0.17), 생활용품(×0.59) 비중이 낮아 해당 업종 공급 여지. 유흥(×3.59), 음식(×1.54)은 이미 강세라 신규 진입 시 차별화 필요. 강세였으나 식는 중 — 신규 진입 보수적, 업종 전환 수요 관찰.",,17130.680833333332,4203.666666666667,0.2274163293513673,0.4394806989831177,0.4242390331244404,0.33279263652641,164323561.0,0.5495283018867925,1.0,127.0,127.08401828830524,37.59432158968162
중랑구,11260600,중화1동,생활압박형,1,-,서민베드타운·생활근린형,가족·아파트단지형,마을버스 및 시내버스 연계망 중심,"오랜 정주기간을 가진 지역 토착민 단골 형성 용이, 가성비 상품 반응 우수","노후 주택가 골목길 주차 불편, 주민 평균 연령 상승에 따른 소비 단가 한계",지역 토착 다인가구 및 어르신/시니어층,#역세권공백 #주차난,#가성비선호 #고령층,#노후상권 #소비유출,"가성비 식료품/정육점, 내과/정형외과/약국, 생활밀착 철물/잡화, 국밥/백반집","초고가 프리미엄 사치재, 유행성 팝업스토어","[데이터] 피트니스·필라테스·키즈카페·공방 / 음식점·카페·배달전문점  [현장키워드] 가성비 식료품/정육점, 내과/정형외과/약국, 생활밀착 철물/잡화, 국밥/백반집","여가·문화(×0.48), 음식(×0.50)","교육(×1.97), 의류·신발(×1.90)",지역 주민들의 생필품과 가성비 외식을 책임지는 탄탄한 골목형 생활 상권,저평가,안정(저평가),② 유출보완형 기회,60.1,95.0,0.5378962779193905,-1420812910.3773682,0.0105251952950663,"[가족·아파트단지형] 인구·인프라로 본 기대소비 대비 실제 ×0.54 (분기 약 14억 원 밑돎, 추세 보합). 유사 원형 동 대비 여가·문화(×0.48), 음식(×0.50) 비중이 낮아 해당 업종 공급 여지. 교육(×1.97), 의류·신발(×1.90)은 이미 강세라 신규 진입 시 차별화 필요. 수요 대비 소비가 꾸준히 밖으로 샘 — 빠진 필수업종을 채우는 근린형 진입.",,17283.178333333333,1008.25,0.0585089314365172,0.2828109958284308,0.332386528317199,0.1479050489826676,176084174.0,0.7617924528301887,0.0,79.0,127.08307633450134,37.60259335216246
중랑구,11260610,중화2동,생활압박형,1,-,1인청년·원룸배달형,근린주거형,"지하철역 접근 용이, 버스 환승망 발달","2030 청년 1인가구 밀집으로 배달음식, 간편식, 코인세탁 등 편의수요 최상","원룸촌 특유의 주차난, 잦은 이사로 인한 단골 고객 유지 어려움",2030 청년 직장인 및 취준생 1인가구,#다중역세권 #환승요충지 #주차난,#가성비선호 #야간소비 #주말나들이,,"배달 전문점, 코인빨래방, 무인 프린트/카페, 1인 피트니스, 가성비 주점","대형 가족형 식당, 대형 키즈카페","[데이터] 학원·스터디카페·키즈교육 / 의원(내과·소아과·치과)·약국  [현장키워드] 배달 전문점, 코인빨래방, 무인 프린트/카페, 1인 피트니스, 가성비 주점","교육(×0.27), 의료비(×0.66)","유흥(×2.20), 여가·문화(×1.59)",청년 1인가구의 실속형 소비와 배달·포장 수요가 지배적인 역동적 소형 상권,기대수준,안정(저평가),② 유출보완형 기회,45.9,155.0,0.926687540266352,-316292037.92116976,-0.005660674525433,"[근린주거형] 인구·인프라로 본 기대소비 대비 실제 ×0.93 (분기 약 3억 원 밑돎, 추세 보합). 유사 원형 동 대비 교육(×0.27), 의료비(×0.66) 비중이 낮아 해당 업종 공급 여지. 유흥(×2.20), 여가·문화(×1.59)은 이미 강세라 신규 진입 시 차별화 필요. 수요 대비 소비가 꾸준히 밖으로 샘 — 빠진 필수업종을 채우는 근린형 진입.",,24153.466666666664,409.9166666666667,0.0151884887243352,0.2877398182430158,0.3124261354043559,0.2786029039338173,173970731.0,0.5448113207547169,3.0,123.0,127.07503253581206,37.59918398617633
중랑구,11260620,묵1동,생활압박형,1,-,서민베드타운·생활근린형,가족·아파트단지형,마을버스 및 시내버스 연계망 중심,"오랜 정주기간을 가진 지역 토착민 단골 형성 용이, 가성비 상품 반응 우수","노후 주택가 골목길 주차 불편, 주민 평균 연령 상승에 따른 소비 단가 한계",지역 토착 다인가구 및 어르신/시니어층,#역세권공백 #주차난,#가족세대 #고령층,#노후상권,"가성비 식료품/정육점, 내과/정형외과/약국, 생활밀착 철물/잡화, 국밥/백반집","초고가 프리미엄 사치재, 유행성 팝업스토어","[데이터] 생활용품·무인점포·세탁  [현장키워드] 가성비 식료품/정육점, 내과/정형외과/약국, 생활밀착 철물/잡화, 국밥/백반집",생활용품(×0.60),"의료비(×1.83), 의류·신발(×1.55)",지역 주민들의 생필품과 가성비 외식을 책임지는 탄탄한 골목형 생활 상권,기대수준,안정(저평가),② 유출보완형 기회,58.9,101.0,0.9333516119621756,-352767241.6240797,0.013759395516744,"[가족·아파트단지형] 인구·인프라로 본 기대소비 대비 실제 ×0.93 (분기 약 4억 원 밑돎, 추세 보합). 유사 원형 동 대비 생활용품(×0.60) 비중이 낮아 해당 업종 공급 여지. 의료비(×1.83), 의류·신발(×1.55)은 이미 강세라 신규 진입 시 차별화 필요. 수요 대비 소비가 꾸준히 밖으로 샘 — 빠진 필수업종을 채우는 근린형 진입.",,28232.875,965.75,0.0346097858055316,0.2746798966162621,0.3274101021407584,0.1353172659857282,211861425.0,0.7075471698113207,0.0,144.0,127.08253374020212,37.61372996106673
중랑구,11260630,묵2동,생활압박형,1,-,1인청년·원룸배달형,근린주거형,"지하철역 접근 용이, 버스 환승망 발달","2030 청년 1인가구 밀집으로 배달음식, 간편식, 코인세탁 등 편의수요 최상","원룸촌 특유의 주차난, 잦은 이사로 인한 단골 고객 유지 어려움",2030 청년 직장인 및 취준생 1인가구,#역세권 #환승요충지 #주차난,#가성비선호 #야간소비 #주말나들이,,"배달 전문점, 코인빨래방, 무인 프린트/카페, 1인 피트니스, 가성비 주점","대형 가족형 식당, 대형 키즈카페","[데이터] 학원·스터디카페·키즈교육 / 식자재마트·정육·반찬가게  [현장키워드] 배달 전문점, 코인빨래방, 무인 프린트/카페, 1인 피트니스, 가성비 주점","교육(×0.49), 식료품(×0.75)","생활용품(×3.96), 유흥(×3.25)",청년 1인가구의 실속형 소비와 배달·포장 수요가 지배적인 역동적 소형 상권,기대수준,안정(저평가),② 유출보완형 기회,41.2,171.0,0.9980045599984316,-7540017.969613552,0.0086822948759178,"[근린주거형] 인구·인프라로 본 기대소비 대비 실제 ×1.00 (분기 약 0억 원 밑돎, 추세 보합). 유사 원형 동 대비 교육(×0.49), 식료품(×0.75) 비중이 낮아 해당 업종 공급 여지. 생활용품(×3.96), 유흥(×3.25)은 이미 강세라 신규 진입 시 차별화 필요. 수요 대비 소비가 꾸준히 밖으로 샘 — 빠진 필수업종을 채우는 근린형 진입.",,16612.925,1234.5833333333333,0.0697067318373694,0.2796045323261497,0.3263855709507883,0.2083361204013378,179173771.0,0.6768867924528302,1.0,92.0,127.07462517776844,37.61082503349898
중랑구,11260655,망우본동,생활압박형,1,-,1인청년·원룸배달형,광역집객·관광형,"지하철역 접근 용이, 버스 환승망 발달","2030 청년 1인가구 밀집으로 배달음식, 간편식, 코인세탁 등 편의수요 최상","원룸촌 특유의 주차난, 잦은 이사로 인한 단골 고객 유지 어려움",2030 청년 직장인 및 취준생 1인가구,#다중역세권 #집객시설밀집 #의료허브 #환승요충지 #주차난,#가성비선호,#소비유출 #소비위축추세,"배달 전문점, 코인빨래방, 무인 프린트/카페, 1인 피트니스, 가성비 주점","대형 가족형 식당, 대형 키즈카페","[데이터] 피트니스·필라테스·키즈카페·공방  [현장키워드] 배달 전문점, 코인빨래방, 무인 프린트/카페, 1인 피트니스, 가성비 주점",여가·문화(×0.61),"유흥(×2.08), 생활용품(×1.55)",청년 1인가구의 실속형 소비와 배달·포장 수요가 지배적인 역동적 소형 상권,저평가,위축되는 약세상권,⑥ 주의(위축),,,0.6662679565102251,-3596418723.053526,-0.0795187462532274,"[광역집객·관광형] 인구·인프라로 본 기대소비 대비 실제 ×0.67 (분기 약 36억 원 밑돎, 추세 악화). 유사 원형 동 대비 여가·문화(×0.61) 비중이 낮아 해당 업종 공급 여지. 유흥(×2.08), 생활용품(×1.55)은 이미 강세라 신규 진입 시 차별화 필요. 기대보다 약하고 더 약해지는 중 — 원인(재건축·공동화) 확인 전 진입 보류.",,29889.4425,1360.25,0.0391349689884186,0.2902190021406224,0.3108723540731238,0.2081449647209749,184330011.0,0.3136792452830189,2.0,238.0,127.107445930793,37.60213219711104
중랑구,11260660,망우3동,생활압박형,1,-,1인청년·원룸배달형,근린주거형,"지하철역 접근 용이, 버스 환승망 발달","2030 청년 1인가구 밀집으로 배달음식, 간편식, 코인세탁 등 편의수요 최상","원룸촌 특유의 주차난, 잦은 이사로 인한 단골 고객 유지 어려움",2030 청년 직장인 및 취준생 1인가구,#역세권공백 #환승요충지 #주차난,#가성비선호,,"배달 전문점, 코인빨래방, 무인 프린트/카페, 1인 피트니스, 가성비 주점","대형 가족형 식당, 대형 키즈카페","[데이터] 학원·스터디카페·키즈교육 / 생활용품·무인점포·세탁  [현장키워드] 배달 전문점, 코인빨래방, 무인 프린트/카페, 1인 피트니스, 가성비 주점","교육(×0.55), 생활용품(×0.73)",의료비(×1.38),청년 1인가구의 실속형 소비와 배달·포장 수요가 지배적인 역동적 소형 상권,기대수준,떠오르는 잠재상권,① 선점형 기회,55.6,115.0,0.8781505906019736,-194726729.48139715,0.2452782697655843,"[근린주거형] 인구·인프라로 본 기대소비 대비 실제 ×0.88 (분기 약 2억 원 밑돎, 추세 개선). 유사 원형 동 대비 교육(×0.55), 생활용품(×0.73) 비중이 낮아 해당 업종 공급 여지. 의료비(×1.38)은 이미 강세라 신규 진입 시 차별화 필요. 기대보다 덜 쓰지만 격차가 줄어드는 중 — 임대료 오르기 전 진입 적기.",,15121.8575,238.75,0.0142811399295549,0.2517451168747999,0.2986650727236501,0.212498505678422,149287198.0,0.6273584905660378,0.0,54.0,127.10283411874144,37.59188302898037
중랑구,11260680,신내1동,알뜰안정형,3,-,서민베드타운·생활근린형,근린주거형,마을버스 및 시내버스 연계망 중심,"오랜 정주기간을 가진 지역 토착민 단골 형성 용이, 가성비 상품 반응 우수","노후 주택가 골목길 주차 불편, 주민 평균 연령 상승에 따른 소비 단가 한계",지역 토착 다인가구 및 어르신/시니어층,#역세권 #의료허브 #주차난,#야간소비 #고령층,#노후상권,"가성비 식료품/정육점, 내과/정형외과/약국, 생활밀착 철물/잡화, 국밥/백반집","초고가 프리미엄 사치재, 유행성 팝업스토어","[데이터] 의류·잡화 편집숍  [현장키워드] 가성비 식료품/정육점, 내과/정형외과/약국, 생활밀착 철물/잡화, 국밥/백반집",의류·신발(×0.61),교육(×2.12),지역 주민들의 생필품과 가성비 외식을 책임지는 탄탄한 골목형 생활 상권,기대수준,안정(저평가),② 유출보완형 기회,52.8,124.0,0.946386322631748,-314647959.3354063,-0.0230024137050355,"[근린주거형] 인구·인프라로 본 기대소비 대비 실제 ×0.95 (분기 약 3억 원 밑돎, 추세 보합). 유사 원형 동 대비 의류·신발(×0.61) 비중이 낮아 해당 업종 공급 여지. 교육(×2.12)은 이미 강세라 신규 진입 시 차별화 필요. 수요 대비 소비가 꾸준히 밖으로 샘 — 빠진 필수업종을 채우는 근린형 진입.",,32351.37166666667,2014.5833333333333,0.0711920968297269,0.2326985724501417,0.2957660490246955,0.0977416893067553,274216702.0,0.3726415094339622,1.0,160.0,127.11042279893698,37.616473193912
중랑구,11260690,신내2동,알뜰안정형,3,-,서민베드타운·생활근린형,근린주거형,마을버스 및 시내버스 연계망 중심,"오랜 정주기간을 가진 지역 토착민 단골 형성 용이, 가성비 상품 반응 우수","노후 주택가 골목길 주차 불편, 주민 평균 연령 상승에 따른 소비 단가 한계",지역 토착 다인가구 및 어르신/시니어층,#역세권공백 #주차난,#고령층,#노후상권,"가성비 식료품/정육점, 내과/정형외과/약국, 생활밀착 철물/잡화, 국밥/백반집","초고가 프리미엄 사치재, 유행성 팝업스토어","[데이터] 주점·이자카야·노래방 / 생활용품·무인점포·세탁  [현장키워드] 가성비 식료품/정육점, 내과/정형외과/약국, 생활밀착 철물/잡화, 국밥/백반집","유흥(×0.43), 생활용품(×0.54)","교육(×3.04), 식료품(×1.44)",지역 주민들의 생필품과 가성비 외식을 책임지는 탄탄한 골목형 생활 상권,기대수준,안정(초과),④ 검증·포화형,,,1.2413431499674217,759188642.6436119,-0.0138678022763456,"[근린주거형] 인구·인프라로 본 기대소비 대비 실제 ×1.24 (분기 약 8억 원 웃돎, 추세 보합). 유사 원형 동 대비 유흥(×0.43), 생활용품(×0.54) 비중이 낮아 해당 업종 공급 여지. 교육(×3.04), 식료품(×1.44)은 이미 강세라 신규 진입 시 차별화 필요. 수요는 검증됐지만 경쟁 치열 — 차별화 콘셉트 없으면 비추천.",,19654.07583333333,1127.25,0.0688691232528589,0.2454383735705209,0.2996345919610231,0.1476550336281311,356325541.0,0.1367924528301886,0.0,104.0,127.09159130020971,37.61098427331462
